
[1m== Spatial ground batches preserve geometry and reject only held or out-of-view pieces[0m
PASS spatial ground batch: indexed/nonindexed triangles, attributes, bounds, material, identity transforms, frustum and reversible reach
PASS ridge drape: final Float32/end-line positions stand on their actual cell

[1m== Plankwalk subpixel gaps preserve geometry and material contracts (T-2037)[0m
PASS 12 plank-gap source checks; zero added triangles. Browser visual validation pending.

[1m== Emitted plank crossings remain above the distant terrain (T-2037)[0m
PASS only emitted crossings request terrain protection
PASS baseline reproduces buried crossing top faces
PASS all actual emitted top faces clear protected terrain
PASS adaptive transitions share every internal edge with upward winding
PASS crossing refinement stays local and below its measured 10000-triangle allocation
PASS partial edge cells keep their shared transitions closed
PASS repeated terrain replacement disposes each geometry once
PASS batching and repeated crossing protection preserve placement and release every buffer
PASS publication protects accepted crossings at their actual default width
PASS plank ground: 9 checks; 111472 top triangles, 1921 buried before / 0 after; 47.90 mm minimum clearance; +9470 triangles

[1m== Culled plankwalks retain exact, tier-eligible deck tops (T-2037)[0m
PASS all proxy attributes copy actual top vertices exactly; no furniture tops or invented gaps
PASS proxy shares the gap-filter material and normal occlusion; adds at most one noncasting draw
PASS reach, tier exclusion, frustum and far-merge hiding compose without resurrection
PASS a stationary selected set reuses its index without another upload
PASS enabling cross-street walks adds only their culled tops
PASS returning inside reach removes every proxy before the detailed surface draws
PASS a visible source cannot draw with its far replacement
PASS moving out again restores the exact same selection without mutating source attributes
PASS production frontage exposes an inert exact-top batch before any reach cull
PASS 9 far-plank checks; 111472 total / 60170 light-eligible candidate triangles; at most one added draw

[1m== The working bank never hides the timber standing on it (T-2098)[0m
PASS bank decal depth: bank renderOrder -1, ribbon 0, timber 1; no depth write

[1m== A cheaper glass replaces only transmissive panes, and only when asked (T-2109)[0m
glass modes PASS: 7 checks — the default keeps the GLB glass, untouched; ?glass= reads only a known mode; the owner's pick: dark at every scene detail setting; ?glass= overrides the pick at every setting; an opaque or untransmissive material is never swapped; clear: a fresh standard material with no transmission, input untouched; dark: a fresh standard material with no transmission, input untouched

[1m== A phone starts at Image sharpness Low, a desktop at Medium, a stored choice wins (T-2110)[0m
check_sharpness_default: 4 checks passed
  ok  a phone that never chose starts at Low, a desktop at Medium
  ok  a stored choice is never overridden, on either device
  ok  every stop is an option in Settings, and nothing else is
  ok  hud.js keeps '' for never chosen, and shows the guess in force

[1m== A patched plain lit material cannot be handed another layer's shader program (T-0053)[0m
T-0053 — confidence.patch() keys a program by the hooks that write it
  ok   a plain patched material and a building material ask for different programs
  ok   …and so does a patched material wrapped by a second hook after patching
  ok   …and so does a material that carried a key of its own before patching
  ok   two plain patched materials still share one program
  ok   two building materials still share one program (not one per material)
  ok   a patched depth material reports the confidence hook alone
  ok   a key carried before patching is part of the key, not lost
  ok   a key a layer assigns after patching still wins (enclosures.js and kin)
  ok   patching twice changes nothing
  ok   the patched hook still runs the hook beneath it
  ok   self-test: the key assignment is where this test expects it
  ok   self-test: without the key, the plain and building materials collide again
  ok   three builds its program key from material.customProgramCacheKey()
  ok   buildings.js installs its roughness hook beneath the confidence patch

all checks passed

[1m== Boot phase readiness, failure and history contract (T-1246)[0m
boot phases PASS: readiness, fetch failures, monotone work, all 12 timing cells, bounded history, hidden yields

[1m== boot-weights.js re-derives from the reference reading and its calibration receipt (T-2060)[0m
boot weights PASS: boot-weights.js re-derives from the reference reading and the calibration receipt

[1m== Arrival year pacing stays monotone, bounded and readiness-honest (T-1247)[0m
ARRIVAL PASS — monotone, bounded, honest readiness and reduced-motion pacing
ARRIVAL A11Y PASS — year hidden, phase line polite, card slot present
ARRIVAL CONTROLLER PASS — real events, smooth ticks, monotone corrections, instant fast/reduced, optional/essential failure and retry
ARRIVAL CONTROLLER PASS — elapsed tick, optional isolation, failure and sole presenter

[1m== The arrival clock forecasts downloads and never sits still on a slow link (T-2164)[0m
BOOT FORECAST PASS — meter, history, no stall on a slow link (42 s simulated, first ETA 34 s) or a slow machine (pace 4.6), learned bytes and pace, fixed readout

[1m== The welcome draws the town only when the town changed (T-2113)[0m
gate frame: an untouched town held 50 of 50 ticks; 24 kinds of change each drawn once and then held

[1m== Selected-year arrival and catalog isolation (T-1767)[0m
SELECTED YEAR PASS — rollback, actual readiness, dated copy, source references and isolated catalogs
TITLE PASS — paced rotation, reduced-motion stability and error stop

[1m== Drawn placement rejects shifted, mirrored and rotated camps (T-1805)[0m
drawn placement: sparse plot passes; displacement, rotation, mirror and missing placement fail

[1m== Jaunt session history, cancellation and replacement (T-1279)[0m
PASS Previous and forward history are immutable and apply effects once
PASS stale leg and replaced session callbacks are ignored
PASS rapid Next creates one leg and arrival; Previous cancels mid-ride
PASS required choices gate Next; two fixtures complete through the same reducer
PASS Menu/Resume preserves stop and invalidates interrupted travel
PASS replacement and destroy release callbacks, timers and listeners
PASS End clears immediately, restores mode, and cannot be revived
PASS a late content load cannot replace the newer session
PASS live mode changes invalidate old travel without replaying choices
JAUNT REDUCER PASS — 9 cases

[1m== Jaunt optional context and route notes (T-1257)[0m
LEG NOTES PASS — order, side, boundary, pause, resources, cancellation, fly/instant and attribution

[1m== Jaunt resources, Revise, endings and saved-session replay (T-1256)[0m
PASS three mechanic fixtures compile and the walker reaches every path
PASS bounds clamp defensively and unaffordable or full choices stay disabled beside a viable path
PASS purchase event is committed once and Previous/Next never spends twice
PASS Revise truncates the later route, replays resources and reaches another ending
PASS story time changes only through an explicit effect and plain outings expose no strip
PASS valid sessions replay while corrupt and version-mismatched saves are discarded with a note
PASS runtime fallback is visible when no declared ending matches
JAUNT MECHANICS PASS — 7 cases

[1m== Jaunt route and pace estimates (T-1280)[0m
PASS Sauganash to Peck near walk: 347.1 m
PASS Green Tree to Sauganash bridge horse: 190.6 m
TRAVEL ESTIMATE PASS — routed distance, bridge detour, live paces, flight, instant, fallback and missing positions

[1m== Jaunt daybook: idempotent keepsakes, data ranks, honest recovery (T-1258)[0m
PASS a keepsake is awarded once across replay, Previous/Revise and duplicate completions
PASS ranks are exactly the data thresholds, and every family must meet them
PASS changing daybook.json thresholds re-ranks with no code change
PASS corrupt, old and partly unreadable saves recover with an explanation, never silently
PASS storage off works in memory, says so, and reset clears
PASS no keepsake carries or renders a source attribution
PASS the published daybook is the authored one
DAYBOOK PASS — 7 tests

[1m== loading library: 160 sourced, phase-local cards (T-1275)[0m
LOADING CONTENT PASS — 160 entries; {'assess': 30, 'collect': 35, 'land': 28, 'prepare': 42, 'resolve': 25} {'build': 32, 'fact': 50, 'humor': 2, 'operational': 56, 'source': 20}

[1m== loading evidence refuses promoted or unrelated facts (T-1275)[0m
.....
----------------------------------------------------------------------
Ran 5 tests in 2.207s

OK

[1m== loading cards: seeded bags, dwell, stop and humor cap (T-1275)[0m
Humor: 52/10000 seeded sessions (at most one per session)
LOADING RUNTIME PASS — seed, shuffle, phase, dwell, warm/fast, stop, optional fetch and hydration

[1m== the merge drivers this clone needs are registered (T-1548)[0m
merge drivers OK — all four registered in this clone

[1m== the tickets are here (kevinrhaas/chicago-tickets, cloned at tickets/)[0m
tickets: up to date at a5a0722 (2101 tickets)

[1m== publish the mirror the gate measures (site/4d/ is generated, T-0938)[0m
Glessner v4 package verified; 0 missing GLB(s) materialized.
shipped derivatives: 702 pair(s) carry the master's triangles, node identity and contract attributes; worst bounding-box disagreement 2.71 of 4 rungs; 0 asset(s) lose their material identity to the publish path (banked, K36(b)); 4 master passthrough(s), all of them decided (K38); and every one of them records the master it was made from, which is still the master in the tree (K39)
Prairie Avenue browser published: /workspace/chicago/site/4d/prairie-1904
published 15 map images + viewer + media to site/pre-fire
   prairie-1904/maps/  3.85 MB served from /prairie-1904/maps/
   prairie-1904/research/public/  39.30 MB served from /prairie-1904/research/public/
   pre-fire/maps/images/  41.88 MB served from /pre-fire/maps/images/
   pre-fire/media/  5.68 MB served from /pre-fire/media/
   reference browsers: 90.71 MB not shipped twice (T-1828)
   changelog.js published to site/4d/js/changelog.js (T-0722)
   changelog.js published to site/4d/walk/js/changelog.js (T-0722)
household notes deferred: 1854 household(s) on 343 record(s) → sidecars/<scene>/households/<id>.json
letter-list cohort: 773 records packed from 9.31 MiB of per-record files to 4.61 MiB in 23 shard(s) and a 666-string roster (T-0438)
entry pages: index.html, 1812/index.html, 1835/index.html, 1880/index.html, 1904/index.html
   build 22685d12  Oct 8, 2026, 10:12 PM CT
tools/publish.sh: line 574: bc: command not found
published ../../site/4d  (0.00 MB)

[1m== Glessner v4 packaged GLBs match both generated outputs (T-1730)[0m
Glessner v4 package verified; 0 missing GLB(s) materialized.

[1m== …materialization refuses corruption and never overwrites a new bake[0m [2m(self-test: the assertions below are meant to fire)[0m
   self-test | PASS: deterministic three-file packing, selective restoration, and stale/corrupt refusal
   self-test | PASS: promoted canonical paths restore exactly and still refuse a divergent bake

[1m== …only the canonical v4 derivative producer refreshes the package[0m [2m(self-test: the assertions below are meant to fire)[0m
   self-test | PASS: full/light producer/package lifecycle and exact-v4 precision; other paths retain prior bit depths
   self-test | PASS: canonical producer preserves precision, receipts, recovery and failure atomicity

[1m== …arched apertures preserve whole-stone relief without false joints[0m [2m(self-test: the assertions below are meant to fire)[0m
   self-test | PASS ashlar: 805 unchanged surface samples; 616 empty aperture samples
   self-test | PASS brick: 805 unchanged surface samples; 616 empty aperture samples
   self-test | PASS wall: 9 complete stones forwarded with aperture masks
   self-test | PASS rock normals: area-weighted shallow facets; hard steep chips/sides; exact positions; separate stones
   self-test | PASS curved rock normals: 57 rotated/compressed/clamped-envelope probes
   self-test | PASS glass: 10 direction/winding cases; closed 4 mm volume; outward normals; source front and reconstructed rear/edges
   self-test | PASS Prairie door: four upper-pane rays clear of wood; glass and lower wood panel retained
   self-test | PASS turret: four false glass panels removed; real blades/gaps; exact inherited envelope
   self-test | PASS light triangulation: diagonal-boundary notch, L/U outlines and collinear edges in both windings

[1m== Scene bundle: one commit packed reproducibly; tampered, missing, extra, forged refused (T-2067)[0m [2m(self-test: the assertions below are meant to fire)[0m
   self-test | ok   a packed bundle verifies as a fresh consumer would read it — 349 files, 22685d12015b, scene 1835
   self-test | ok   it declares the load-drawn layers it does not carry
   self-test | ok   it lists a structure that has no GLB rather than dropping it
   self-test | ok   a subset says it is partial
   self-test | ok   the same commit packs to the same archive bytes and payload digest
   self-test | ok   the digest pin accepts its own bundle
   self-test | ok   a flipped byte in a mesh is refused — payload/assets/gltf/agency_striker_log_house__log_1830.glb does not match its recorded sha256 — tampered or truncated
   self-test | ok   a missing file is refused — 1 listed file(s) missing, first payload/assets/gltf/agency_striker_log_house__log_1830.glb
   self-test | ok   a file no manifest lists is refused — 1 file(s) no manifest lists, first payload/extra.txt
   self-test | ok   a member climbing out of the bundle is refused — unsafe member path 'chicago4d-scene-1835-22685d12015b/../evil'
   self-test | ok   an archive with no BUNDLE.json is refused — no BUNDLE.json at the archive root
   self-test | ok   a mesh from another build, re-hashed into a forged manifest, is refused — assets/gltf/agency_striker_log_house__log_1830.glb is 34648 bytes but the build record of commit 22685d12015b says 29308 — a mesh from anoth
   self-test | ok   a forged manifest the size check cannot see is refused by the digest pin — payload digest af23f453485e75f618a83444756f419c52e9db729d66e95799592a8d558b0b57 is not the one asked for (ad2ef1ff1fc050b2dbcf553c56e4853db6
   self-test | ok   a GLB no bake recorded and no LICENSES.md row covers does not ship — assets/gltf/stray.glb: no recorded bake produced it and assets/LICENSES.md has no row for it — its rights are unknown, so it does not ship
   self-test | ok   a recorded GLB ships on the project licence
   self-test | ok   a source still in rights check refuses geometry
   self-test | ok   a contract that lost its layer table refuses rather than claiming full coverage — docs/GLB-CONTRACT.md has lost its T-0252 layer table — the bundle cannot say what it omits
   self-test | ok   the first published bundle becomes the latest-good
   self-test | ok   the same bundle again moves nothing
   self-test | ok   a bake of a newer dev commit moves the pointer and keeps the old one as previous-good
   self-test | ok   a bake whose base is behind does not move the pointer — base 000000000000 is behind against the latest-good's base 000000000000: a stale or diverged bake does not move the pointer
   self-test | ok   a bake whose base is diverged does not move the pointer — base 000000000000 is diverged against the latest-good's base 000000000000: a stale or diverged bake does not move the pointer
   self-test | ok   a bake whose base is not compared does not move the pointer — base 000000000000 is not compared against the latest-good's base 000000000000: a stale or diverged bake does not move the pointer
   self-test | ok   previous-good keeps 20 bundles, newest first
   self-test | ok   a partial bundle is never listed — a partial bundle (--only) is never published
   self-test | ok   a manifest of another schema is refused, not overwritten — the discovery manifest is 'something/0', not chicago4d-scene-bundle-index/1
   self-test | scene_bundle self-test: PASS

[1m== Glessner's west roof has one continuous envelope and a lower rear eave (T-1830)[0m
PASS: 1800 independent roof rays see one planar envelope; west silhouette, solid south gable, continuous joins, matching court roof and left-turn porch dimensions hold.
PASS: 1200 courtyard roof rays have one surface, never recessed below the host; forward copper peak, level connector ridge and uncut masonry eave hold.
PASS: tower principal openings share wing first-floor datums; short upper apertures and projecting roof/gutter meet the bay shoulder.
PASS: tower band head aligns with north-wing upper windows; band height and ridge retained; copper cap rise reduced to 10.1 ft.

[1m== the gate can ask what it claims to ask (raster readers present)[0m
   ok    every raster reader the gate's steps need is installed: PIL (Pillow), numpy (numpy), scipy (scipy)

[1m== …and its own assertions still fire when broken[0m [2m(self-test: the assertions below are meant to fire)[0m
   self-test |    ok    every raster reader the gate's steps need is installed: PIL (Pillow), numpy (numpy), scipy (scipy)
   self-test |    fires: a missing reader, with C4D_GATE_REQUIRE_READERS set
   self-test |    FAIL  numpy (numpy) is not installed, so 6 step(s) below stand on a banked reading:
   self-test |             · …every step PIL names above — each needs both
   self-test |             · the 1904 heightfield re-derives from its zone table and scene line (T-1738)
   self-test |             · the traced forks still carry what their generator writes
   self-test |             · the traced North Branch still carries what its generator writes
   self-test |             · the traced South Branch still carries what its generator writes
   self-test |             · the North Branch's repaired east bank has not leaked the west one
   self-test |    FAIL  a GATE may not count a skip as a pass — pip install numpy
   self-test |    passes: the same absence in a sandbox, as a warning
   self-test |    WARN  numpy (numpy) is not installed, so 6 step(s) below stand on a banked reading:
   self-test |             · …every step PIL names above — each needs both
   self-test |             · the 1904 heightfield re-derives from its zone table and scene line (T-1738)
   self-test |             · the traced forks still carry what their generator writes
   self-test |             · the traced North Branch still carries what its generator writes
   self-test |             · the traced South Branch still carries what its generator writes
   self-test |             · the North Branch's repaired east bank has not leaked the west one
   self-test |    WARN  this is a sandbox, so the gate goes on. CI sets C4D_GATE_REQUIRE_READERS=1 and would be red here.
   self-test |    ok: every step named above is a step check.sh actually runs
   self-test |    self-test: the reader assertion fires when required and warns when not

[1m== the gate's own output tells a fired assertion from a failure[0m
  ok    a fired assertion never starts a line
  ok    every transcript line is tagged, stderr included
  ok    the assertion's own words are kept, not silenced
  ok    a self-test that fires leaves the gate green
  ok    a green run prints no failure-shaped line of its own
  ok    a self-test that stops firing still fails the gate
  ok    the roll-up names every failing step, once each
  ok    the roll-up counts steps, not lines
  ok    a failing step is named at the end, not only inline
  ok    every self-test in check.sh runs through selftest(), and nothing else does
  ok    no step label in check.sh carries a backtick bash would expand
  ok    324 self-test steps are tagged
  ok    a four-job run prints byte-for-byte what a serial run prints, and agrees on the verdict
  ok    a step that exits non-zero still fails the gate under the pool
  ok    the pool counts every step it ran
  ok    a slow step prints before the fast one declared after it, though it finished last
  ok    a step that fails in the pool and passes alone does NOT fail the gate
  ok    and it is counted as a race rather than forgotten
  ok    the race is named inline, with the step's own label
  ok    a step that is red on a quiet tree too still fails the gate
  ok    and it is not miscounted as a race
  ok    the failure's own output is printed once, not twice by the retry
  ok    CHECK_JOBS=1 reports no races, because it cannot have one
  ok    CHECK_TIMINGS records the gate without appearing in it
  ok    …and the serial path agrees with the pool under the instrument too
  ok    a timed run actually wrote rows (4 of them)
  ok    each row is seconds, kind, command, label
  ok    the recorded command keeps its %q quoting, backslashes and all
  ok    every duration is a non-negative number of seconds to three decimals
  ok    the pool is on by default (5 jobs on 5 cores)
  ok    …and an explicit CHECK_JOBS still wins, which is the escape hatch

31 passed, 0 failed

[1m== …and its own assertions still fire when broken[0m [2m(self-test: the assertions below are meant to fire)[0m
   self-test |   ok    a fired assertion never starts a line
   self-test |   ok    every transcript line is tagged, stderr included
   self-test |   ok    the assertion's own words are kept, not silenced
   self-test |   ok    a self-test that fires leaves the gate green
   self-test |   ok    a green run prints no failure-shaped line of its own
   self-test |   ok    a self-test that stops firing still fails the gate
   self-test |   ok    the roll-up names every failing step, once each
   self-test |   ok    the roll-up counts steps, not lines
   self-test |   ok    a failing step is named at the end, not only inline
   self-test | 
   self-test | -- self-test: the scan is shown a gate that breaks the rule --
   self-test |   ok    a self-test left on step() is refused
   self-test |   ok    a plain gate dressed as a self-test is refused
   self-test |   ok    every self-test in check.sh runs through selftest(), and nothing else does
   self-test | 
   self-test | -- self-test: the label scan is shown a gate that breaks the rule --
   self-test |   ok    a label whose backticks bash would expand is refused
   self-test |   ok    …and an escaped backtick, which is the fix, is not
   self-test |   ok    no step label in check.sh carries a backtick bash would expand
   self-test |   ok    324 self-test steps are tagged
   self-test |   ok    a four-job run prints byte-for-byte what a serial run prints, and agrees on the verdict
   self-test |   ok    a step that exits non-zero still fails the gate under the pool
   self-test |   ok    the pool counts every step it ran
   self-test |   ok    a slow step prints before the fast one declared after it, though it finished last
   self-test |   ok    a step that fails in the pool and passes alone does NOT fail the gate
   self-test |   ok    and it is counted as a race rather than forgotten
   self-test |   ok    the race is named inline, with the step's own label
   self-test |   ok    a step that is red on a quiet tree too still fails the gate
   self-test |   ok    and it is not miscounted as a race
   self-test |   ok    the failure's own output is printed once, not twice by the retry
   self-test |   ok    CHECK_JOBS=1 reports no races, because it cannot have one
   self-test |   ok    CHECK_TIMINGS records the gate without appearing in it
   self-test |   ok    …and the serial path agrees with the pool under the instrument too
   self-test |   ok    a timed run actually wrote rows (4 of them)
   self-test |   ok    each row is seconds, kind, command, label
   self-test |   ok    the recorded command keeps its %q quoting, backslashes and all
   self-test |   ok    every duration is a non-negative number of seconds to three decimals
   self-test |   ok    the pool is on by default (5 jobs on 5 cores)
   self-test |   ok    …and an explicit CHECK_JOBS still wins, which is the escape hatch
   self-test | 
   self-test | 35 passed, 0 failed

[1m== …and the post-deploy URL smoke still fires on a 404 (T-0968)[0m [2m(self-test: the assertions below are meant to fire)[0m
   self-test | PASS  /ok  200  61 bytes  (1 attempt)
   self-test | FAIL  T-0968 URL check: /missing-on-purpose returned HTTP 404 after 4 attempt(s) over 3s — expected 200 and a body containing 'a body signal nothing serves'
   self-test | ::error::T-0968 URL check: /missing-on-purpose returned HTTP 404 after 4 attempt(s) over 3s — expected 200 and a body containing 'a body signal nothing serves'
   self-test | --- self-test fired annotation:
   self-test | ::error::T-0968 URL check: /missing-on-purpose returned HTTP 404 after 4 attempt(s) over 3s — expected 200 and a body containing 'a body signal nothing serves'
   self-test | SELF-TEST PASS — the check passes a good page and fires ::error:: on a known 404.

[1m== …and the bounded clone abandons a bad draw and re-rolls (T-0232)[0m [2m(self-test: the assertions below are meant to fire)[0m
   self-test | SELF-TEST PASS: attempt 1 drew the injected bad draw and was abandoned at the 2s bound; a later attempt completed.
   self-test | ::warning::checkout attempt 1 overran the 2s bound at 2s — re-rolling (2 attempt(s) left)
   self-test | checkout attempt 2: ok in 0s (bound 2s)

[1m== the steward surfaces spend the REST bucket, not GraphQL (T-0234)[0m
named exception  .github/workflows/chicago-4d-bake.yml:847 — named exception (auto-merge, GraphQL-only, cost in comment)
T-0234: steward surfaces are REST-clean (1 named exception(s) allowed).
T-1655: 4 repo-naming script(s) name the repository they act on.

[1m== …and a reintroduced gh pr draw is refused (T-0234)[0m [2m(self-test: the assertions below are meant to fire)[0m
   self-test | self-test: clean-scan ok, violation caught ok, named exception allowed ok
   self-test | self-test: T-1655 ambient repo caught ok, an escaped mention allowed ok, --repo required ok
   self-test | self-test: T-1656 each of the 4 named scripts covered on its own — pr-rest.sh ok, pr-lap.sh ok, merge-ready.sh ok, pr-stuck.sh ok

[1m== the --only form bake.sh documents is the form build.py implements (T-1652)[0m
ONLY-FORM PASS — `--only a,b,c` is documented by tools/bake.sh, implemented by generators/build.py through common.selection, and unambiguous over every structure id

[1m== …and the equality comparison and the falsy-empty test are both refused (T-1652)[0m [2m(self-test: the assertions below are meant to fire)[0m
   self-test | 
   self-test |   -- the committed pair agrees
   self-test |   ok    bake.sh's documented form is the form build.py implements
   self-test | 
   self-test |   -- the derivative step does what a selection says (T-1653)
   self-test |   ok    a list derives its members, an unknown or empty one is refused
   self-test | 
   self-test |   -- and each assertion fires when the pair is broken
   self-test |   ok    the usage drops the comma form
   self-test |   ok    bake.sh stops passing its arguments through
   self-test |   ok    build.py stops documenting the form
   self-test |   ok    build.py grows its own copy of the rule
   self-test |   ok    the equality comparison comes back (the T-1652 defect)
   self-test |   ok    the falsy-empty test comes back
   self-test |   ok    bake.sh stops asking build.py what it wrote (T-1653)
   self-test |   ok    bake.sh derives the whole town again (T-1653)
   self-test |   ok    build.py drops --wrote (T-1653)
   self-test |   ok    the step ignores the selection
   self-test |   ok    the fallback copies every master again
   self-test |   ok    an unknown name is skipped rather than refused
   self-test |   ok    an empty selection reads as the whole town
   self-test |   ok    a selection rewrites the record whole
   self-test | 
   self-test | ONLY-FORM SELF-TEST PASS

[1m== …and the selection rule itself still fires on each of its assertions (T-1652)[0m [2m(self-test: the assertions below are meant to fire)[0m
   self-test | 
   self-test |   -- the value the flag was given
   self-test |   ok    no flag is no selection
   self-test |   ok    one id is a selection of one
   self-test |   ok    the documented comma form names each id
   self-test |   ok    spaces around a comma are the shell's, not an id's
   self-test |   ok    a trailing or doubled comma names nothing extra
   self-test |   ok    an id written twice is built once
   self-test |   ok    an empty value is an empty selection, NOT absence of one
   self-test |   ok    …and that is the distinction `if args.only` could not make
   self-test | 
   self-test |   -- what a selection nobody answers to costs
   self-test |   ok    a selection of real ids is not refused
   self-test |   ok    no selection is not refused
   self-test |   ok    an empty selection is refused, and says it is not 'build everything'
   self-test |   ok    an unsplit comma string is refused BY NAME (the T-1652 failure)
   self-test |   ok    a near miss is named in the refusal
   self-test |   ok    …and an id near nothing is refused without a guess
   self-test |   ok    a part-real selection is refused whole, naming only the missing
   self-test | 
   self-test |   -- which records the selection then builds
   self-test |   ok    no selection builds every record
   self-test |   ok    a named record is built
   self-test |   ok    an unnamed record is skipped
   self-test |   ok    every id of a comma list is built
   self-test |   ok    …where the equality comparison selected none of them
   self-test | 
   self-test | ONLY-SELECTION SELF-TEST PASS

[1m== the scene-detail ceilings are a ladder, and each rung says what it protects (T-0135)[0m
  ok    the declared ceilings descend — it is a ladder, not three numbers
          full 3,160,000 > balanced 2,290,000 > light 1,005,000
  ok    no rung is running clamped — the table and the scene agree
          every rung carries the ceiling its table declares
  ok    the seal is silent on a table that is already a ladder
          no clamp reported at boot
  ok    every rung says what it protects and what measurement set it
          full 3,160,000 · balanced 2,290,000 · light 1,005,000
  0 failure(s)

[1m== …and the seal still clamps, marks and shouts a rung typed too high (T-0135)[0m [2m(self-test: the assertions below are meant to fire)[0m
   self-test |   ok    a table that is already a ladder passes through untouched and silent
   self-test |   ok    a rung typed above the one above it runs clamped under it, marked, and shouted
   self-test |   ok    equal rungs are not a ladder either — they are pushed strictly under
   self-test |   ok    a level in the order and not in the table is loud, not silent
   self-test |   0 failure(s)

[1m== the haze closes before L17's ground apron ends, and both its literals agree (T-1635)[0m
haze density 0.00089 — total at 2644.9 m
  e1830_natural: apron 2659.84 m  (total 14.9 m inside its edge)
  e1834_harbor_cut: apron 2659.84 m  (total 14.9 m inside its edge)
  e1871_postfire: apron 4669.84 m  (total 2024.9 m inside its edge)

[1m== …and it refuses a thinned air, a shrunk apron and the two literals drifting apart (T-1635)[0m [2m(self-test: the assertions below are meant to fire)[0m
   self-test |    self-test | FAIL caught — a density whose total runs past the apron: e1830_natural: the haze is not total until 4708.0 m but the ground apron ends at 2659.84 m — 2048.1 m of L17's
   self-test |    self-test | FAIL caught — the two literals drifting apart: the two HAZE_DENSITY literals disagree: renderers/web/js/world.js 0.00089 vs renderers/web/js/trees.js 0.00125
   self-test |    self-test | FAIL caught — an apron that has shrunk under the air: e1834_harbor_cut: the haze is not total until 2644.9 m but the ground apron ends at 900.00 m — 1744.9 m of L17
   self-test |    self-test | FAIL caught — a missing density literal: renderers/web/js/world.js: no HAZE_DENSITY literal to read
   self-test | self-test: every refusal fires when it should

[1m== dataset (schema, provenance, date gates, licenses, staleness, publish)[0m

Confidence across 33003 attributes in 698 structure(s):
  attested     1136    3.4%  #
  inferred     4929   14.9%  ######
  reconstructed 26652   80.8%  ################################

  watch list: 1 entry(ies) rest on no source record [billy_caldwell_house] — each says why
  ground claims: 68 graded statement(s) in the terrain specs, held to the citation and reasoning rules and shown in the Evidence panel; 0 inferred without recorded reasoning
  ground geometry check: 126 stated figure(s) the terrain generator does not read, each declaring what the ground does instead; 10 of them owe docs/LIBERTIES.md an admission
  restated-in-code check: 6 figure(s) the ground agrees with and does not read, each held against the half it restates; 3 of them are prose about an algorithm and are checked only for the presence of the line they describe
  evidence ladder: 10569 graded claim(s) held to the 6-rung ladder in data/source.schema.json — tiers 5+ never sole evidence for documented, never an outline; 21 documented on later scholarship alone
  transcription declarations: 28 source(s) derive their rung from the document they carry and 2 page(s) were read and reprint none; 103 page(s) at tier 4 or weaker date their own retrieval and declare nothing — unread rather than wrong, and the queue in docs/ROADMAP.md § S5 (baptisthistoryhomepage.json, berrien_eben_griswold.json, buck_pioneer_milwaukee.json, buffalo_nehemiah_case.json and 99 more)
  residents: 1457 household(s), 2925 person(s) (412 attested, 1028 inferred, 1485 reconstructed); 67 linked to a structure, 956 NOT recorded as certainly present on the scene date, 8 flagged review_required
  scene 1812 (1812-08-01): 21 structure(s) included, 677 excluded by date [agency_striker_log_house, bates_auction_room, beaubien_barn, beaubien_trading_post, blacksmith_shop_state_st, brickyard_north_side, brown_boarding_house, caldwell_agency_log_house, carpenter_south_water_store, chappel_infant_school, chicago_american_office, chicago_democrat_office, chicago_lighthouse_1832, chicago_lighthouse_keepers_quarters, clybourn_cabins, clybourn_slaughterhouse, cobweb_castle, cook_county_courthouse_1835, council_house, dearborn_street_drawbridge, dole_warehouse_south, elston_ash_house, elston_soap_candle_manufactory, emigrant_camp_shore, estray_pen, exchange_coffee_house, exchange_coffee_house_stable, first_presbyterian_church, fort_dearborn_artillery_house, fort_dearborn_barracks, fort_dearborn_big_barn, fort_dearborn_blockhouse, fort_dearborn_commandants_quarters, fort_dearborn_flagstaff, fort_dearborn_garrison_garden, fort_dearborn_guard_house, fort_dearborn_magazine, fort_dearborn_officers_quarters, fort_dearborn_out_building_a, fort_dearborn_out_building_b, fort_dearborn_palisade, fort_dearborn_parade, fort_dearborn_root_house, fort_dearborn_root_house_b, fort_dearborn_shop, fort_dearborn_store_house, fort_dearborn_sutlers_store, fort_dearborn_us_factors_house, fort_dearborn_wash_house, frederick_thomas_shop, glessner_house, goss_cobb_saddlery, green_tree_tavern, h_jones_store, harmon_log_cabin, harmon_loomis_store, heacock_house_monroe, hogan_store, inf_artisan_dwelling_west_a, inf_artisan_dwelling_west_b, inf_bakery_lake, inf_barber_shop, inf_blacksmith_shop_west, inf_boatman_cabin_north, inf_brickmaker_dwelling_north, inf_butcher_market, inf_carpenter_dwelling_north, inf_cooperage_south, inf_cooperage_south_branch, inf_grocery_west, inf_gunsmith_shop, inf_harness_shop, inf_labourer_shanty_north_a, inf_labourer_shanty_north_b, inf_labourer_shanty_west_a, inf_labourer_shanty_west_b, inf_laundry_north, inf_mason_dwelling_north, inf_packer_dwelling, inf_sawpit_shed, inf_sawyer_dwelling_a, inf_sawyer_dwelling_b, inf_shoemaker_shop, inf_tailor_shop, inf_teamster_dwelling_south, inf_teamster_dwelling_west, inf_teamster_stable_west, inf_wheelwright_shop_west, james_kinzie_house, jb_beaubien_homestead, jh_kinzie_forwarding_store, john_holbrook_store, kelsey_boarding_house, kimberly_residence, kinzie_hunter_warehouse, lake_house_construction, land_sale_camp_shore, landing_camp_west, lasalle_lake_house, lasalle_slough_crossing, log_jail, madore_beaubien_house, mansion_house, mansion_house_stable, mason_blacksmith_shop, mckee_log_house, miller_house, miller_tannery, miller_tanyard_bark_shed, miller_tanyard_drying_shed, new_york_house, new_york_house_stable, newberry_dole_packing_house_south_branch, newberry_dole_salt_house_south_branch, newberry_dole_slaughterhouse_south_branch, newberry_dole_stock_shed_south_branch, newberry_dole_warehouse, north_bank_shed_dearborn_e1, north_bank_shed_dearborn_e2, north_bank_shed_dearborn_e3, north_bank_shed_dearborn_w, north_branch_bridge, north_pier, north_side_school_1833, north_water_slough_crossing, old_bank_building, peck_store, philo_carpenter_log_shop, physicians_office, pierce_blacksmith_shop, pruyne_kimball_drugstore, recon_1835_bank_freight_f3_001, recon_1835_blk_indiana_north_cass_a1_08, recon_1835_blk_indiana_north_cass_a1_10, recon_1835_blk_indiana_north_cass_a3_03, recon_1835_blk_indiana_north_cass_a3_11, recon_1835_blk_indiana_north_cass_a4_04, recon_1835_blk_indiana_north_cass_a4_07, recon_1835_blk_indiana_north_cass_d3_01, recon_1835_blk_indiana_north_cass_d3_02, recon_1835_blk_indiana_north_cass_d4_05, recon_1835_blk_indiana_north_cass_d4_06, recon_1835_blk_indiana_north_cass_h3_09, recon_1835_blk_indiana_north_wolcott_a1_09, recon_1835_blk_indiana_north_wolcott_a3_04, recon_1835_blk_indiana_north_wolcott_a3_08, recon_1835_blk_indiana_north_wolcott_a4_03, recon_1835_blk_indiana_north_wolcott_a4_07, recon_1835_blk_indiana_north_wolcott_d3_01, recon_1835_blk_indiana_north_wolcott_d3_02, recon_1835_blk_indiana_north_wolcott_d3_05, recon_1835_blk_indiana_north_wolcott_d3_06, recon_1835_blk_lake_clark_a3_04, recon_1835_blk_lake_clark_c1_01, recon_1835_blk_lake_clark_c2_02, recon_1835_blk_lake_clark_c3_03, recon_1835_blk_lake_clinton_a1_03, recon_1835_blk_lake_clinton_d3_02, recon_1835_blk_lake_clinton_d4_01, recon_1835_blk_lake_franklin_a1_03, recon_1835_blk_lake_franklin_c2_01, recon_1835_blk_lake_franklin_d1_02, recon_1835_blk_lake_market_a1_06, recon_1835_blk_lake_market_a3_07, recon_1835_blk_lake_market_c2_01, recon_1835_blk_lake_market_d1_05, recon_1835_blk_lake_market_d2_04, recon_1835_blk_lake_market_d3_03, recon_1835_blk_lake_market_d4_02, recon_1835_blk_randolph_clark_a3_08, recon_1835_blk_randolph_clark_a4_07, recon_1835_blk_randolph_clark_c2_01, recon_1835_blk_randolph_clark_d1_06, recon_1835_blk_randolph_clark_d2_05, recon_1835_blk_randolph_clark_d6_04, recon_1835_blk_randolph_clark_h1_03, recon_1835_blk_randolph_clark_h2_02, recon_1835_blk_randolph_clark_w1_10, recon_1835_blk_randolph_clark_w2_09, recon_1835_blk_randolph_clinton_a1_06, recon_1835_blk_randolph_clinton_a2_05, recon_1835_blk_randolph_clinton_a3_07, recon_1835_blk_randolph_clinton_a3_10, recon_1835_blk_randolph_clinton_a4_11, recon_1835_blk_randolph_clinton_d1_03, recon_1835_blk_randolph_clinton_d3_04, recon_1835_blk_randolph_clinton_d4_02, recon_1835_blk_randolph_clinton_d4_09, recon_1835_blk_randolph_clinton_d5_01, recon_1835_blk_randolph_clinton_d7_08, recon_1835_blk_randolph_dearborn_a1_07, recon_1835_blk_randolph_dearborn_a2_08, recon_1835_blk_randolph_dearborn_a2_17, recon_1835_blk_randolph_dearborn_a3_09, recon_1835_blk_randolph_dearborn_a4_06, recon_1835_blk_randolph_dearborn_a4_13, recon_1835_blk_randolph_dearborn_d1_04, recon_1835_blk_randolph_dearborn_d1_12, recon_1835_blk_randolph_dearborn_d1_16, recon_1835_blk_randolph_dearborn_d2_05, recon_1835_blk_randolph_dearborn_d3_01, recon_1835_blk_randolph_dearborn_d3_11, recon_1835_blk_randolph_dearborn_d3_15, recon_1835_blk_randolph_dearborn_d4_03, recon_1835_blk_randolph_dearborn_d5_02, recon_1835_blk_randolph_dearborn_d6_10, recon_1835_blk_randolph_dearborn_h1_14, recon_1835_blk_randolph_dearborn_w2_18, recon_1835_blk_randolph_franklin_a1_07, recon_1835_blk_randolph_franklin_a3_08, recon_1835_blk_randolph_franklin_d1_06, recon_1835_blk_randolph_franklin_d2_05, recon_1835_blk_randolph_franklin_d3_04, recon_1835_blk_randolph_franklin_d4_03, recon_1835_blk_randolph_franklin_d5_02, recon_1835_blk_randolph_franklin_d6_01, recon_1835_blk_randolph_market_a2_08, recon_1835_blk_randolph_market_d1_10, recon_1835_blk_randolph_market_d2_05, recon_1835_blk_randolph_market_d2_06, recon_1835_blk_randolph_market_d2_09, recon_1835_blk_randolph_market_d3_04, recon_1835_blk_randolph_market_d4_03, recon_1835_blk_randolph_market_d4_07, recon_1835_blk_randolph_market_d4_12, recon_1835_blk_randolph_market_d5_01, recon_1835_blk_randolph_market_d5_11, recon_1835_blk_randolph_market_d6_02, recon_1835_blk_randolph_wells_a1_08, recon_1835_blk_randolph_wells_a3_09, recon_1835_blk_randolph_wells_a4_10, recon_1835_blk_randolph_wells_d1_06, recon_1835_blk_randolph_wells_d2_07, recon_1835_blk_randolph_wells_d3_05, recon_1835_blk_randolph_wells_d4_04, recon_1835_blk_randolph_wells_d5_03, recon_1835_blk_randolph_wells_h1_02, recon_1835_blk_randolph_wells_h2_01, recon_1835_blk_school_section_tier_118_d2_01, recon_1835_blk_school_section_tier_118_d3_05, recon_1835_blk_school_section_tier_118_d4_03, recon_1835_blk_school_section_tier_118_d4_04, recon_1835_blk_school_section_tier_118_d5_02, recon_1835_blk_school_section_tier_118_d5_07, recon_1835_blk_school_section_tier_118_d6_06, recon_1835_blk_school_section_tier_119_d3_05, recon_1835_blk_school_section_tier_119_d4_03, recon_1835_blk_school_section_tier_119_d4_04, recon_1835_blk_school_section_tier_119_d5_02, recon_1835_blk_school_section_tier_119_d5_06, recon_1835_blk_school_section_tier_119_d6_01, recon_1835_blk_school_section_tier_119_d7_07, recon_1835_blk_school_section_tier_81_d2_05, recon_1835_blk_school_section_tier_81_d4_03, recon_1835_blk_school_section_tier_81_d4_04, recon_1835_blk_school_section_tier_81_d5_01, recon_1835_blk_school_section_tier_81_d5_02, recon_1835_blk_school_section_tier_81_d5_07, recon_1835_blk_school_section_tier_81_d6_06, recon_1835_blk_school_section_tier_94_d3_05, recon_1835_blk_school_section_tier_94_d4_04, recon_1835_blk_school_section_tier_94_d5_01, recon_1835_blk_school_section_tier_94_d5_02, recon_1835_blk_school_section_tier_94_d5_03, recon_1835_blk_school_section_tier_94_d7_07, recon_1835_blk_school_section_tier_94_h1_06, recon_1835_blk_school_section_tier_95_d2_05, recon_1835_blk_school_section_tier_95_d4_03, recon_1835_blk_school_section_tier_95_d4_04, recon_1835_blk_school_section_tier_95_d5_01, recon_1835_blk_school_section_tier_95_d5_02, recon_1835_blk_school_section_tier_95_d6_06, recon_1835_blk_school_section_tier_95_d6_07, recon_1835_blk_south_water_clark_a3_05, recon_1835_blk_south_water_clark_a3_07, recon_1835_blk_south_water_clark_c2_06, recon_1835_blk_south_water_clark_d1_04, recon_1835_blk_south_water_clark_d3_03, recon_1835_blk_south_water_clark_d4_02, recon_1835_blk_south_water_clark_f2_01, recon_1835_blk_south_water_dearborn_a1_09, recon_1835_blk_south_water_dearborn_a3_06, recon_1835_blk_south_water_dearborn_a5_10, recon_1835_blk_south_water_dearborn_c1_08, recon_1835_blk_south_water_dearborn_c2_07, recon_1835_blk_south_water_dearborn_c3_01, recon_1835_blk_south_water_dearborn_c3_02, recon_1835_blk_south_water_dearborn_d1_05, recon_1835_blk_south_water_dearborn_d2_04, recon_1835_blk_south_water_dearborn_f2_11, recon_1835_blk_south_water_dearborn_h1_03, recon_1835_blk_south_water_franklin_a1_06, recon_1835_blk_south_water_franklin_a3_07, recon_1835_blk_south_water_franklin_a3_11, recon_1835_blk_south_water_franklin_c2_08, recon_1835_blk_south_water_franklin_c2_09, recon_1835_blk_south_water_franklin_c2_10, recon_1835_blk_south_water_franklin_c4_01, recon_1835_blk_south_water_franklin_d1_04, recon_1835_blk_south_water_franklin_d2_05, recon_1835_blk_south_water_franklin_d3_03, recon_1835_blk_south_water_franklin_d3_13, recon_1835_blk_south_water_franklin_d4_02, recon_1835_blk_south_water_franklin_d4_12, recon_1835_blk_south_water_lasalle_a1_14, recon_1835_blk_south_water_lasalle_a2_15, recon_1835_blk_south_water_lasalle_a3_07, recon_1835_blk_south_water_lasalle_c1_08, recon_1835_blk_south_water_lasalle_c2_11, recon_1835_blk_south_water_lasalle_c3_12, recon_1835_blk_south_water_lasalle_c3_13, recon_1835_blk_south_water_lasalle_d1_04, recon_1835_blk_south_water_lasalle_d2_05, recon_1835_blk_south_water_lasalle_d2_09, recon_1835_blk_south_water_lasalle_d3_03, recon_1835_blk_south_water_lasalle_d3_06, recon_1835_blk_south_water_lasalle_d4_02, recon_1835_blk_south_water_lasalle_d5_01, recon_1835_blk_south_water_lasalle_f2_10, recon_1835_blk_south_water_wells_a2_09, recon_1835_blk_south_water_wells_a2_10, recon_1835_blk_south_water_wells_a3_08, recon_1835_blk_south_water_wells_c2_01, recon_1835_blk_south_water_wells_c3_02, recon_1835_blk_south_water_wells_d1_05, recon_1835_blk_south_water_wells_d1_07, recon_1835_blk_south_water_wells_d2_06, recon_1835_blk_south_water_wells_d3_04, recon_1835_blk_south_water_wells_d4_03, recon_1835_blk_washington_clark_a1_07, recon_1835_blk_washington_clark_a1_09, recon_1835_blk_washington_clark_a1_12, recon_1835_blk_washington_clark_a3_03, recon_1835_blk_washington_clark_a3_08, recon_1835_blk_washington_clark_a3_10, recon_1835_blk_washington_clark_a3_13, recon_1835_blk_washington_clark_a4_04, recon_1835_blk_washington_clark_a5_16, recon_1835_blk_washington_clark_d3_15, recon_1835_blk_washington_clark_d4_02, recon_1835_blk_washington_clark_d4_14, recon_1835_blk_washington_clark_d5_01, recon_1835_blk_washington_clark_h3_05, recon_1835_blk_washington_clark_h3_06, recon_1835_blk_washington_clark_h3_11, recon_1835_blk_washington_clinton_a1_06, recon_1835_blk_washington_clinton_a2_08, recon_1835_blk_washington_clinton_a2_10, recon_1835_blk_washington_clinton_a2_12, recon_1835_blk_washington_clinton_a2_15, recon_1835_blk_washington_clinton_a2_19, recon_1835_blk_washington_clinton_a3_16, recon_1835_blk_washington_clinton_a4_09, recon_1835_blk_washington_clinton_a4_11, recon_1835_blk_washington_clinton_a4_14, recon_1835_blk_washington_clinton_a4_20, recon_1835_blk_washington_clinton_a5_07, recon_1835_blk_washington_clinton_a5_13, recon_1835_blk_washington_clinton_a5_17, recon_1835_blk_washington_clinton_a5_18, recon_1835_blk_washington_clinton_d4_04, recon_1835_blk_washington_clinton_d5_03, recon_1835_blk_washington_clinton_h1_05, recon_1835_blk_washington_clinton_h2_01, recon_1835_blk_washington_clinton_h3_02, recon_1835_blk_washington_dearborn_a1_02, recon_1835_blk_washington_dearborn_a3_03, recon_1835_blk_washington_dearborn_d3_07, recon_1835_blk_washington_dearborn_d3_08, recon_1835_blk_washington_dearborn_d4_09, recon_1835_blk_washington_dearborn_d7_04, recon_1835_blk_washington_dearborn_d7_06, recon_1835_blk_washington_dearborn_h2_05, recon_1835_blk_washington_dearborn_h3_01, recon_1835_blk_washington_dearborn_w2_10, recon_1835_blk_washington_franklin_a1_10, recon_1835_blk_washington_franklin_a2_09, recon_1835_blk_washington_franklin_a3_13, recon_1835_blk_washington_franklin_a4_11, recon_1835_blk_washington_franklin_a4_12, recon_1835_blk_washington_franklin_a5_08, recon_1835_blk_washington_franklin_d3_05, recon_1835_blk_washington_franklin_d3_06, recon_1835_blk_washington_franklin_d3_07, recon_1835_blk_washington_franklin_d7_01, recon_1835_blk_washington_franklin_d7_04, recon_1835_blk_washington_franklin_h1_03, recon_1835_blk_washington_franklin_h2_02, recon_1835_blk_washington_lasalle_a1_08, recon_1835_blk_washington_lasalle_a3_09, recon_1835_blk_washington_lasalle_a3_10, recon_1835_blk_washington_lasalle_a4_11, recon_1835_blk_washington_lasalle_d3_06, recon_1835_blk_washington_lasalle_d3_07, recon_1835_blk_washington_lasalle_d7_04, recon_1835_blk_washington_lasalle_d7_05, recon_1835_blk_washington_lasalle_h1_02, recon_1835_blk_washington_lasalle_h1_03, recon_1835_blk_washington_lasalle_h2_01, recon_1835_blk_washington_market_a1_02, recon_1835_blk_washington_market_a1_05, recon_1835_blk_washington_market_a2_13, recon_1835_blk_washington_market_a3_03, recon_1835_blk_washington_market_a3_06, recon_1835_blk_washington_market_a3_15, recon_1835_blk_washington_market_a4_12, recon_1835_blk_washington_market_a4_16, recon_1835_blk_washington_market_a5_14, recon_1835_blk_washington_market_d3_10, recon_1835_blk_washington_market_d4_08, recon_1835_blk_washington_market_d4_11, recon_1835_blk_washington_market_d7_09, recon_1835_blk_washington_market_h1_07, recon_1835_blk_washington_market_h3_01, recon_1835_blk_washington_market_h3_04, recon_1835_blk_washington_wells_a1_11, recon_1835_blk_washington_wells_a3_08, recon_1835_blk_washington_wells_a3_09, recon_1835_blk_washington_wells_a4_10, recon_1835_blk_washington_wells_d3_05, recon_1835_blk_washington_wells_d3_06, recon_1835_blk_washington_wells_d7_01, recon_1835_blk_washington_wells_d7_04, recon_1835_blk_washington_wells_h1_02, recon_1835_blk_washington_wells_h1_03, recon_1835_blk_washington_wells_h2_07, recon_1835_blk_west_lake_canal_d2_03, recon_1835_blk_west_lake_canal_d4_02, recon_1835_blk_west_lake_canal_d5_01, recon_1835_blk_west_randolph_canal_d4_02, recon_1835_blk_west_randolph_canal_d5_01, recon_1835_blk_west_randolph_canal_d5_03, recon_1835_blk_west_randolph_canal_d6_04, recon_1835_blk_west_randolph_des_plaines_d4_02, recon_1835_blk_west_randolph_des_plaines_d5_04, recon_1835_blk_west_randolph_des_plaines_d6_03, recon_1835_blk_west_randolph_des_plaines_w2_01, recon_1835_blk_west_washington_canal_d2_06, recon_1835_blk_west_washington_canal_d3_04, recon_1835_blk_west_washington_canal_d4_03, recon_1835_blk_west_washington_canal_d5_02, recon_1835_blk_west_washington_canal_d6_01, recon_1835_blk_west_washington_canal_d7_05, recon_1835_branch_freight_f2_001, recon_1835_canal_trade_c3_001, recon_1835_canal_trade_c4_002, recon_1835_canal_trade_w1_003, recon_1835_canal_trade_w2_004, recon_1835_forks_freight_f2_001, recon_1835_north_a1_008, recon_1835_north_a1_032, recon_1835_north_a1_036, recon_1835_north_a1_047, recon_1835_north_a1_050, recon_1835_north_a2_033, recon_1835_north_a2_048, recon_1835_north_a2_059, recon_1835_north_a2_094, recon_1835_north_a2_095, recon_1835_north_a2_096, recon_1835_north_a2_097, recon_1835_north_a2_098, recon_1835_north_a3_009, recon_1835_north_a3_034, recon_1835_north_a3_051, recon_1835_north_a4_010, recon_1835_north_a4_035, recon_1835_north_a4_052, recon_1835_north_a5_011, recon_1835_north_a5_049, recon_1835_north_c3_064, recon_1835_north_c3_066, recon_1835_north_c4_067, recon_1835_north_d1_001, recon_1835_north_d1_013, recon_1835_north_d1_023, recon_1835_north_d1_053, recon_1835_north_d1_054, recon_1835_north_d1_060, recon_1835_north_d2_003, recon_1835_north_d2_014, recon_1835_north_d2_029, recon_1835_north_d2_046, recon_1835_north_d2_077, recon_1835_north_d2_085, recon_1835_north_d2_091, recon_1835_north_d3_002, recon_1835_north_d3_006, recon_1835_north_d3_016, recon_1835_north_d3_020, recon_1835_north_d3_024, recon_1835_north_d3_038, recon_1835_north_d3_042, recon_1835_north_d3_055, recon_1835_north_d3_073, recon_1835_north_d3_081, recon_1835_north_d3_089, recon_1835_north_d4_004, recon_1835_north_d4_005, recon_1835_north_d4_012, recon_1835_north_d4_015, recon_1835_north_d4_017, recon_1835_north_d4_018, recon_1835_north_d4_025, recon_1835_north_d4_039, recon_1835_north_d4_043, recon_1835_north_d4_056, recon_1835_north_d4_069, recon_1835_north_d4_072, recon_1835_north_d4_075, recon_1835_north_d4_079, recon_1835_north_d4_083, recon_1835_north_d4_087, recon_1835_north_d4_090, recon_1835_north_d5_019, recon_1835_north_d5_026, recon_1835_north_d5_037, recon_1835_north_d5_041, recon_1835_north_d5_057, recon_1835_north_d5_068, recon_1835_north_d5_071, recon_1835_north_d5_074, recon_1835_north_d5_078, recon_1835_north_d5_082, recon_1835_north_d5_086, recon_1835_north_d5_092, recon_1835_north_d6_021, recon_1835_north_d6_027, recon_1835_north_d6_044, recon_1835_north_d6_058, recon_1835_north_d6_070, recon_1835_north_d6_080, recon_1835_north_d6_084, recon_1835_north_d6_093, recon_1835_north_d7_031, recon_1835_north_d7_076, recon_1835_north_d7_088, recon_1835_north_h1_007, recon_1835_north_h2_022, recon_1835_north_h2_028, recon_1835_north_h2_030, recon_1835_north_h2_045, recon_1835_north_t1_061, recon_1835_north_w2_065, recon_1835_north_w3_062, recon_1835_north_w5_040, recon_1835_south_a1_046, recon_1835_south_a2_037, recon_1835_south_a2_047, recon_1835_south_a3_041, recon_1835_south_a3_043, recon_1835_south_a3_045, recon_1835_south_a4_042, recon_1835_south_a4_048, recon_1835_south_a5_044, recon_1835_south_c3_015, recon_1835_south_c3_040, recon_1835_south_d1_003, recon_1835_south_d1_010, recon_1835_south_d1_018, recon_1835_south_d1_021, recon_1835_south_d1_032, recon_1835_south_d1_033, recon_1835_south_d2_005, recon_1835_south_d2_024, recon_1835_south_d3_001, recon_1835_south_d3_008, recon_1835_south_d3_013, recon_1835_south_d3_017, recon_1835_south_d3_022, recon_1835_south_d3_027, recon_1835_south_d4_002, recon_1835_south_d4_006, recon_1835_south_d4_009, recon_1835_south_d4_014, recon_1835_south_d4_019, recon_1835_south_d4_025, recon_1835_south_d4_026, recon_1835_south_d4_030, recon_1835_south_d5_004, recon_1835_south_d5_007, recon_1835_south_d5_011, recon_1835_south_d5_016, recon_1835_south_d5_023, recon_1835_south_d5_028, recon_1835_south_d5_034, recon_1835_south_d6_012, recon_1835_south_d6_020, recon_1835_south_d6_031, recon_1835_south_d6_036, recon_1835_south_d7_035, recon_1835_south_f1_038, recon_1835_south_h1_029, recon_1835_south_h2_039, recon_1835_west_001, recon_1835_west_002, recon_1835_west_003, recon_1835_west_004, recon_1835_west_005, recon_1835_west_006, recon_1835_west_007, recon_1835_west_008, recon_1835_west_009, recon_1835_west_010, recon_1835_west_011, recon_1835_west_012, recon_1835_west_013, recon_1835_west_014, recon_1835_west_015, recon_1835_west_016, recon_1835_west_017, recon_1835_west_018, recon_1835_west_019, recon_1835_west_020, recon_1835_west_021, recon_1835_west_022, recon_1835_west_023, recon_1835_west_024, recon_1835_west_025, recon_1835_west_026, recon_1835_west_027, recon_1835_west_028, recon_1835_west_029, recon_1835_west_030, recon_1835_west_031, recon_1835_west_032, recon_1835_west_033, recon_1835_west_034, recon_1835_west_035, recon_1835_west_036, recon_1835_west_037, recon_1835_west_038, recon_1835_west_039, recon_1835_west_040, recon_1835_west_041, recon_1835_west_042, recon_1835_west_043, recon_1835_west_044, recon_1835_west_045, recon_1835_west_046, recon_1835_west_047, recon_1835_west_048, recon_1835_west_049, recon_1835_west_050, recon_1835_west_051, recon_1835_west_052, recon_1835_west_053, recon_1835_west_054, recon_1835_west_055, robert_kinzie_store, robinson_caldwell_cabins, sauganash_hotel, sauganash_hotel_stable, slough_log_bridge, south_bank_shed_dearborn_e2, south_branch_raft_bridge, south_pier, st_marys_church, steamboat_hotel, steamboat_hotel_stable, temple_building, temple_lake_st_building, thomas_church_store, tremont_house_1, tremont_house_1_stable, wabansia_doctors_barn, wabansia_doctors_house, walker_meeting_house, watkins_school_house, west_approach_wagon_camp, western_hotel, western_hotel_stable, wolf_point_tavern, wolf_point_tavern_stable, wolf_point_trading_camp, wright_building_to_let_a, wright_building_to_let_b]
  scene 1835 (1835-07-01): 675 structure(s) included, 23 excluded by date [cook_county_courthouse_1835, first_fort_dearborn_blockhouse_nw, first_fort_dearborn_blockhouse_se, first_fort_dearborn_commanding_officers_barracks, first_fort_dearborn_flagstaff, first_fort_dearborn_magazine, first_fort_dearborn_north_range, first_fort_dearborn_officers_barracks, first_fort_dearborn_parade, first_fort_dearborn_pickets_inner, first_fort_dearborn_pickets_outer, first_fort_dearborn_small_house_ne, first_fort_dearborn_small_house_sw, first_fort_dearborn_soldiers_barracks_se, first_fort_dearborn_soldiers_barracks_sw, first_fort_outer_agents_house, first_fort_outer_factory, first_fort_outer_officers_garden, first_fort_outer_stable_middle, first_fort_outer_stable_north, first_fort_outer_stable_south, first_fort_outer_sutlers_garden, glessner_house]
  scene 1904 (1904-07-01): 1 structure(s) included, 697 excluded by date [agency_striker_log_house, bates_auction_room, beaubien_barn, beaubien_trading_post, blacksmith_shop_state_st, brickyard_north_side, brown_boarding_house, caldwell_agency_log_house, carpenter_south_water_store, chappel_infant_school, chicago_american_office, chicago_democrat_office, chicago_lighthouse_1832, chicago_lighthouse_keepers_quarters, clybourn_cabins, clybourn_slaughterhouse, cobweb_castle, cook_county_courthouse_1835, council_house, dearborn_street_drawbridge, dole_warehouse_south, elston_ash_house, elston_soap_candle_manufactory, emigrant_camp_shore, estray_pen, exchange_coffee_house, exchange_coffee_house_stable, first_fort_dearborn_blockhouse_nw, first_fort_dearborn_blockhouse_se, first_fort_dearborn_commanding_officers_barracks, first_fort_dearborn_flagstaff, first_fort_dearborn_magazine, first_fort_dearborn_north_range, first_fort_dearborn_officers_barracks, first_fort_dearborn_parade, first_fort_dearborn_pickets_inner, first_fort_dearborn_pickets_outer, first_fort_dearborn_small_house_ne, first_fort_dearborn_small_house_sw, first_fort_dearborn_soldiers_barracks_se, first_fort_dearborn_soldiers_barracks_sw, first_fort_outer_agents_house, first_fort_outer_factory, first_fort_outer_officers_garden, first_fort_outer_stable_middle, first_fort_outer_stable_north, first_fort_outer_stable_south, first_fort_outer_sutlers_garden, first_presbyterian_church, fort_dearborn_artillery_house, fort_dearborn_barracks, fort_dearborn_big_barn, fort_dearborn_blockhouse, fort_dearborn_commandants_quarters, fort_dearborn_flagstaff, fort_dearborn_garrison_garden, fort_dearborn_guard_house, fort_dearborn_magazine, fort_dearborn_officers_quarters, fort_dearborn_out_building_a, fort_dearborn_out_building_b, fort_dearborn_palisade, fort_dearborn_parade, fort_dearborn_root_house, fort_dearborn_root_house_b, fort_dearborn_shop, fort_dearborn_store_house, fort_dearborn_sutlers_store, fort_dearborn_us_factors_house, fort_dearborn_wash_house, frederick_thomas_shop, goss_cobb_saddlery, green_tree_tavern, h_jones_store, harmon_log_cabin, harmon_loomis_store, heacock_house_monroe, hogan_store, inf_artisan_dwelling_west_a, inf_artisan_dwelling_west_b, inf_bakery_lake, inf_barber_shop, inf_blacksmith_shop_west, inf_boatman_cabin_north, inf_brickmaker_dwelling_north, inf_butcher_market, inf_carpenter_dwelling_north, inf_cooperage_south, inf_cooperage_south_branch, inf_grocery_west, inf_gunsmith_shop, inf_harness_shop, inf_labourer_shanty_north_a, inf_labourer_shanty_north_b, inf_labourer_shanty_west_a, inf_labourer_shanty_west_b, inf_laundry_north, inf_mason_dwelling_north, inf_packer_dwelling, inf_sawpit_shed, inf_sawyer_dwelling_a, inf_sawyer_dwelling_b, inf_shoemaker_shop, inf_tailor_shop, inf_teamster_dwelling_south, inf_teamster_dwelling_west, inf_teamster_stable_west, inf_wheelwright_shop_west, james_kinzie_house, jb_beaubien_homestead, jh_kinzie_forwarding_store, john_holbrook_store, kelsey_boarding_house, kimberly_residence, kinzie_hunter_warehouse, lake_house_construction, land_sale_camp_shore, landing_camp_west, lasalle_lake_house, lasalle_slough_crossing, log_jail, madore_beaubien_house, mansion_house, mansion_house_stable, mason_blacksmith_shop, mckee_log_house, miller_house, miller_tannery, miller_tanyard_bark_shed, miller_tanyard_drying_shed, new_york_house, new_york_house_stable, newberry_dole_packing_house_south_branch, newberry_dole_salt_house_south_branch, newberry_dole_slaughterhouse_south_branch, newberry_dole_stock_shed_south_branch, newberry_dole_warehouse, north_bank_shed_dearborn_e1, north_bank_shed_dearborn_e2, north_bank_shed_dearborn_e3, north_bank_shed_dearborn_w, north_branch_bridge, north_pier, north_side_school_1833, north_water_slough_crossing, old_bank_building, peck_store, philo_carpenter_log_shop, physicians_office, pierce_blacksmith_shop, pruyne_kimball_drugstore, recon_1835_bank_freight_f3_001, recon_1835_blk_indiana_north_cass_a1_08, recon_1835_blk_indiana_north_cass_a1_10, recon_1835_blk_indiana_north_cass_a3_03, recon_1835_blk_indiana_north_cass_a3_11, recon_1835_blk_indiana_north_cass_a4_04, recon_1835_blk_indiana_north_cass_a4_07, recon_1835_blk_indiana_north_cass_d3_01, recon_1835_blk_indiana_north_cass_d3_02, recon_1835_blk_indiana_north_cass_d4_05, recon_1835_blk_indiana_north_cass_d4_06, recon_1835_blk_indiana_north_cass_h3_09, recon_1835_blk_indiana_north_wolcott_a1_09, recon_1835_blk_indiana_north_wolcott_a3_04, recon_1835_blk_indiana_north_wolcott_a3_08, recon_1835_blk_indiana_north_wolcott_a4_03, recon_1835_blk_indiana_north_wolcott_a4_07, recon_1835_blk_indiana_north_wolcott_d3_01, recon_1835_blk_indiana_north_wolcott_d3_02, recon_1835_blk_indiana_north_wolcott_d3_05, recon_1835_blk_indiana_north_wolcott_d3_06, recon_1835_blk_lake_clark_a3_04, recon_1835_blk_lake_clark_c1_01, recon_1835_blk_lake_clark_c2_02, recon_1835_blk_lake_clark_c3_03, recon_1835_blk_lake_clinton_a1_03, recon_1835_blk_lake_clinton_d3_02, recon_1835_blk_lake_clinton_d4_01, recon_1835_blk_lake_franklin_a1_03, recon_1835_blk_lake_franklin_c2_01, recon_1835_blk_lake_franklin_d1_02, recon_1835_blk_lake_market_a1_06, recon_1835_blk_lake_market_a3_07, recon_1835_blk_lake_market_c2_01, recon_1835_blk_lake_market_d1_05, recon_1835_blk_lake_market_d2_04, recon_1835_blk_lake_market_d3_03, recon_1835_blk_lake_market_d4_02, recon_1835_blk_randolph_clark_a3_08, recon_1835_blk_randolph_clark_a4_07, recon_1835_blk_randolph_clark_c2_01, recon_1835_blk_randolph_clark_d1_06, recon_1835_blk_randolph_clark_d2_05, recon_1835_blk_randolph_clark_d6_04, recon_1835_blk_randolph_clark_h1_03, recon_1835_blk_randolph_clark_h2_02, recon_1835_blk_randolph_clark_w1_10, recon_1835_blk_randolph_clark_w2_09, recon_1835_blk_randolph_clinton_a1_06, recon_1835_blk_randolph_clinton_a2_05, recon_1835_blk_randolph_clinton_a3_07, recon_1835_blk_randolph_clinton_a3_10, recon_1835_blk_randolph_clinton_a4_11, recon_1835_blk_randolph_clinton_d1_03, recon_1835_blk_randolph_clinton_d3_04, recon_1835_blk_randolph_clinton_d4_02, recon_1835_blk_randolph_clinton_d4_09, recon_1835_blk_randolph_clinton_d5_01, recon_1835_blk_randolph_clinton_d7_08, recon_1835_blk_randolph_dearborn_a1_07, recon_1835_blk_randolph_dearborn_a2_08, recon_1835_blk_randolph_dearborn_a2_17, recon_1835_blk_randolph_dearborn_a3_09, recon_1835_blk_randolph_dearborn_a4_06, recon_1835_blk_randolph_dearborn_a4_13, recon_1835_blk_randolph_dearborn_d1_04, recon_1835_blk_randolph_dearborn_d1_12, recon_1835_blk_randolph_dearborn_d1_16, recon_1835_blk_randolph_dearborn_d2_05, recon_1835_blk_randolph_dearborn_d3_01, recon_1835_blk_randolph_dearborn_d3_11, recon_1835_blk_randolph_dearborn_d3_15, recon_1835_blk_randolph_dearborn_d4_03, recon_1835_blk_randolph_dearborn_d5_02, recon_1835_blk_randolph_dearborn_d6_10, recon_1835_blk_randolph_dearborn_h1_14, recon_1835_blk_randolph_dearborn_w2_18, recon_1835_blk_randolph_franklin_a1_07, recon_1835_blk_randolph_franklin_a3_08, recon_1835_blk_randolph_franklin_d1_06, recon_1835_blk_randolph_franklin_d2_05, recon_1835_blk_randolph_franklin_d3_04, recon_1835_blk_randolph_franklin_d4_03, recon_1835_blk_randolph_franklin_d5_02, recon_1835_blk_randolph_franklin_d6_01, recon_1835_blk_randolph_market_a2_08, recon_1835_blk_randolph_market_d1_10, recon_1835_blk_randolph_market_d2_05, recon_1835_blk_randolph_market_d2_06, recon_1835_blk_randolph_market_d2_09, recon_1835_blk_randolph_market_d3_04, recon_1835_blk_randolph_market_d4_03, recon_1835_blk_randolph_market_d4_07, recon_1835_blk_randolph_market_d4_12, recon_1835_blk_randolph_market_d5_01, recon_1835_blk_randolph_market_d5_11, recon_1835_blk_randolph_market_d6_02, recon_1835_blk_randolph_wells_a1_08, recon_1835_blk_randolph_wells_a3_09, recon_1835_blk_randolph_wells_a4_10, recon_1835_blk_randolph_wells_d1_06, recon_1835_blk_randolph_wells_d2_07, recon_1835_blk_randolph_wells_d3_05, recon_1835_blk_randolph_wells_d4_04, recon_1835_blk_randolph_wells_d5_03, recon_1835_blk_randolph_wells_h1_02, recon_1835_blk_randolph_wells_h2_01, recon_1835_blk_school_section_tier_118_d2_01, recon_1835_blk_school_section_tier_118_d3_05, recon_1835_blk_school_section_tier_118_d4_03, recon_1835_blk_school_section_tier_118_d4_04, recon_1835_blk_school_section_tier_118_d5_02, recon_1835_blk_school_section_tier_118_d5_07, recon_1835_blk_school_section_tier_118_d6_06, recon_1835_blk_school_section_tier_119_d3_05, recon_1835_blk_school_section_tier_119_d4_03, recon_1835_blk_school_section_tier_119_d4_04, recon_1835_blk_school_section_tier_119_d5_02, recon_1835_blk_school_section_tier_119_d5_06, recon_1835_blk_school_section_tier_119_d6_01, recon_1835_blk_school_section_tier_119_d7_07, recon_1835_blk_school_section_tier_81_d2_05, recon_1835_blk_school_section_tier_81_d4_03, recon_1835_blk_school_section_tier_81_d4_04, recon_1835_blk_school_section_tier_81_d5_01, recon_1835_blk_school_section_tier_81_d5_02, recon_1835_blk_school_section_tier_81_d5_07, recon_1835_blk_school_section_tier_81_d6_06, recon_1835_blk_school_section_tier_94_d3_05, recon_1835_blk_school_section_tier_94_d4_04, recon_1835_blk_school_section_tier_94_d5_01, recon_1835_blk_school_section_tier_94_d5_02, recon_1835_blk_school_section_tier_94_d5_03, recon_1835_blk_school_section_tier_94_d7_07, recon_1835_blk_school_section_tier_94_h1_06, recon_1835_blk_school_section_tier_95_d2_05, recon_1835_blk_school_section_tier_95_d4_03, recon_1835_blk_school_section_tier_95_d4_04, recon_1835_blk_school_section_tier_95_d5_01, recon_1835_blk_school_section_tier_95_d5_02, recon_1835_blk_school_section_tier_95_d6_06, recon_1835_blk_school_section_tier_95_d6_07, recon_1835_blk_south_water_clark_a3_05, recon_1835_blk_south_water_clark_a3_07, recon_1835_blk_south_water_clark_c2_06, recon_1835_blk_south_water_clark_d1_04, recon_1835_blk_south_water_clark_d3_03, recon_1835_blk_south_water_clark_d4_02, recon_1835_blk_south_water_clark_f2_01, recon_1835_blk_south_water_dearborn_a1_09, recon_1835_blk_south_water_dearborn_a3_06, recon_1835_blk_south_water_dearborn_a5_10, recon_1835_blk_south_water_dearborn_c1_08, recon_1835_blk_south_water_dearborn_c2_07, recon_1835_blk_south_water_dearborn_c3_01, recon_1835_blk_south_water_dearborn_c3_02, recon_1835_blk_south_water_dearborn_d1_05, recon_1835_blk_south_water_dearborn_d2_04, recon_1835_blk_south_water_dearborn_f2_11, recon_1835_blk_south_water_dearborn_h1_03, recon_1835_blk_south_water_franklin_a1_06, recon_1835_blk_south_water_franklin_a3_07, recon_1835_blk_south_water_franklin_a3_11, recon_1835_blk_south_water_franklin_c2_08, recon_1835_blk_south_water_franklin_c2_09, recon_1835_blk_south_water_franklin_c2_10, recon_1835_blk_south_water_franklin_c4_01, recon_1835_blk_south_water_franklin_d1_04, recon_1835_blk_south_water_franklin_d2_05, recon_1835_blk_south_water_franklin_d3_03, recon_1835_blk_south_water_franklin_d3_13, recon_1835_blk_south_water_franklin_d4_02, recon_1835_blk_south_water_franklin_d4_12, recon_1835_blk_south_water_lasalle_a1_14, recon_1835_blk_south_water_lasalle_a2_15, recon_1835_blk_south_water_lasalle_a3_07, recon_1835_blk_south_water_lasalle_c1_08, recon_1835_blk_south_water_lasalle_c2_11, recon_1835_blk_south_water_lasalle_c3_12, recon_1835_blk_south_water_lasalle_c3_13, recon_1835_blk_south_water_lasalle_d1_04, recon_1835_blk_south_water_lasalle_d2_05, recon_1835_blk_south_water_lasalle_d2_09, recon_1835_blk_south_water_lasalle_d3_03, recon_1835_blk_south_water_lasalle_d3_06, recon_1835_blk_south_water_lasalle_d4_02, recon_1835_blk_south_water_lasalle_d5_01, recon_1835_blk_south_water_lasalle_f2_10, recon_1835_blk_south_water_wells_a2_09, recon_1835_blk_south_water_wells_a2_10, recon_1835_blk_south_water_wells_a3_08, recon_1835_blk_south_water_wells_c2_01, recon_1835_blk_south_water_wells_c3_02, recon_1835_blk_south_water_wells_d1_05, recon_1835_blk_south_water_wells_d1_07, recon_1835_blk_south_water_wells_d2_06, recon_1835_blk_south_water_wells_d3_04, recon_1835_blk_south_water_wells_d4_03, recon_1835_blk_washington_clark_a1_07, recon_1835_blk_washington_clark_a1_09, recon_1835_blk_washington_clark_a1_12, recon_1835_blk_washington_clark_a3_03, recon_1835_blk_washington_clark_a3_08, recon_1835_blk_washington_clark_a3_10, recon_1835_blk_washington_clark_a3_13, recon_1835_blk_washington_clark_a4_04, recon_1835_blk_washington_clark_a5_16, recon_1835_blk_washington_clark_d3_15, recon_1835_blk_washington_clark_d4_02, recon_1835_blk_washington_clark_d4_14, recon_1835_blk_washington_clark_d5_01, recon_1835_blk_washington_clark_h3_05, recon_1835_blk_washington_clark_h3_06, recon_1835_blk_washington_clark_h3_11, recon_1835_blk_washington_clinton_a1_06, recon_1835_blk_washington_clinton_a2_08, recon_1835_blk_washington_clinton_a2_10, recon_1835_blk_washington_clinton_a2_12, recon_1835_blk_washington_clinton_a2_15, recon_1835_blk_washington_clinton_a2_19, recon_1835_blk_washington_clinton_a3_16, recon_1835_blk_washington_clinton_a4_09, recon_1835_blk_washington_clinton_a4_11, recon_1835_blk_washington_clinton_a4_14, recon_1835_blk_washington_clinton_a4_20, recon_1835_blk_washington_clinton_a5_07, recon_1835_blk_washington_clinton_a5_13, recon_1835_blk_washington_clinton_a5_17, recon_1835_blk_washington_clinton_a5_18, recon_1835_blk_washington_clinton_d4_04, recon_1835_blk_washington_clinton_d5_03, recon_1835_blk_washington_clinton_h1_05, recon_1835_blk_washington_clinton_h2_01, recon_1835_blk_washington_clinton_h3_02, recon_1835_blk_washington_dearborn_a1_02, recon_1835_blk_washington_dearborn_a3_03, recon_1835_blk_washington_dearborn_d3_07, recon_1835_blk_washington_dearborn_d3_08, recon_1835_blk_washington_dearborn_d4_09, recon_1835_blk_washington_dearborn_d7_04, recon_1835_blk_washington_dearborn_d7_06, recon_1835_blk_washington_dearborn_h2_05, recon_1835_blk_washington_dearborn_h3_01, recon_1835_blk_washington_dearborn_w2_10, recon_1835_blk_washington_franklin_a1_10, recon_1835_blk_washington_franklin_a2_09, recon_1835_blk_washington_franklin_a3_13, recon_1835_blk_washington_franklin_a4_11, recon_1835_blk_washington_franklin_a4_12, recon_1835_blk_washington_franklin_a5_08, recon_1835_blk_washington_franklin_d3_05, recon_1835_blk_washington_franklin_d3_06, recon_1835_blk_washington_franklin_d3_07, recon_1835_blk_washington_franklin_d7_01, recon_1835_blk_washington_franklin_d7_04, recon_1835_blk_washington_franklin_h1_03, recon_1835_blk_washington_franklin_h2_02, recon_1835_blk_washington_lasalle_a1_08, recon_1835_blk_washington_lasalle_a3_09, recon_1835_blk_washington_lasalle_a3_10, recon_1835_blk_washington_lasalle_a4_11, recon_1835_blk_washington_lasalle_d3_06, recon_1835_blk_washington_lasalle_d3_07, recon_1835_blk_washington_lasalle_d7_04, recon_1835_blk_washington_lasalle_d7_05, recon_1835_blk_washington_lasalle_h1_02, recon_1835_blk_washington_lasalle_h1_03, recon_1835_blk_washington_lasalle_h2_01, recon_1835_blk_washington_market_a1_02, recon_1835_blk_washington_market_a1_05, recon_1835_blk_washington_market_a2_13, recon_1835_blk_washington_market_a3_03, recon_1835_blk_washington_market_a3_06, recon_1835_blk_washington_market_a3_15, recon_1835_blk_washington_market_a4_12, recon_1835_blk_washington_market_a4_16, recon_1835_blk_washington_market_a5_14, recon_1835_blk_washington_market_d3_10, recon_1835_blk_washington_market_d4_08, recon_1835_blk_washington_market_d4_11, recon_1835_blk_washington_market_d7_09, recon_1835_blk_washington_market_h1_07, recon_1835_blk_washington_market_h3_01, recon_1835_blk_washington_market_h3_04, recon_1835_blk_washington_wells_a1_11, recon_1835_blk_washington_wells_a3_08, recon_1835_blk_washington_wells_a3_09, recon_1835_blk_washington_wells_a4_10, recon_1835_blk_washington_wells_d3_05, recon_1835_blk_washington_wells_d3_06, recon_1835_blk_washington_wells_d7_01, recon_1835_blk_washington_wells_d7_04, recon_1835_blk_washington_wells_h1_02, recon_1835_blk_washington_wells_h1_03, recon_1835_blk_washington_wells_h2_07, recon_1835_blk_west_lake_canal_d2_03, recon_1835_blk_west_lake_canal_d4_02, recon_1835_blk_west_lake_canal_d5_01, recon_1835_blk_west_randolph_canal_d4_02, recon_1835_blk_west_randolph_canal_d5_01, recon_1835_blk_west_randolph_canal_d5_03, recon_1835_blk_west_randolph_canal_d6_04, recon_1835_blk_west_randolph_des_plaines_d4_02, recon_1835_blk_west_randolph_des_plaines_d5_04, recon_1835_blk_west_randolph_des_plaines_d6_03, recon_1835_blk_west_randolph_des_plaines_w2_01, recon_1835_blk_west_washington_canal_d2_06, recon_1835_blk_west_washington_canal_d3_04, recon_1835_blk_west_washington_canal_d4_03, recon_1835_blk_west_washington_canal_d5_02, recon_1835_blk_west_washington_canal_d6_01, recon_1835_blk_west_washington_canal_d7_05, recon_1835_branch_freight_f2_001, recon_1835_canal_trade_c3_001, recon_1835_canal_trade_c4_002, recon_1835_canal_trade_w1_003, recon_1835_canal_trade_w2_004, recon_1835_forks_freight_f2_001, recon_1835_north_a1_008, recon_1835_north_a1_032, recon_1835_north_a1_036, recon_1835_north_a1_047, recon_1835_north_a1_050, recon_1835_north_a2_033, recon_1835_north_a2_048, recon_1835_north_a2_059, recon_1835_north_a2_094, recon_1835_north_a2_095, recon_1835_north_a2_096, recon_1835_north_a2_097, recon_1835_north_a2_098, recon_1835_north_a3_009, recon_1835_north_a3_034, recon_1835_north_a3_051, recon_1835_north_a4_010, recon_1835_north_a4_035, recon_1835_north_a4_052, recon_1835_north_a5_011, recon_1835_north_a5_049, recon_1835_north_c3_064, recon_1835_north_c3_066, recon_1835_north_c4_067, recon_1835_north_d1_001, recon_1835_north_d1_013, recon_1835_north_d1_023, recon_1835_north_d1_053, recon_1835_north_d1_054, recon_1835_north_d1_060, recon_1835_north_d2_003, recon_1835_north_d2_014, recon_1835_north_d2_029, recon_1835_north_d2_046, recon_1835_north_d2_077, recon_1835_north_d2_085, recon_1835_north_d2_091, recon_1835_north_d3_002, recon_1835_north_d3_006, recon_1835_north_d3_016, recon_1835_north_d3_020, recon_1835_north_d3_024, recon_1835_north_d3_038, recon_1835_north_d3_042, recon_1835_north_d3_055, recon_1835_north_d3_073, recon_1835_north_d3_081, recon_1835_north_d3_089, recon_1835_north_d4_004, recon_1835_north_d4_005, recon_1835_north_d4_012, recon_1835_north_d4_015, recon_1835_north_d4_017, recon_1835_north_d4_018, recon_1835_north_d4_025, recon_1835_north_d4_039, recon_1835_north_d4_043, recon_1835_north_d4_056, recon_1835_north_d4_069, recon_1835_north_d4_072, recon_1835_north_d4_075, recon_1835_north_d4_079, recon_1835_north_d4_083, recon_1835_north_d4_087, recon_1835_north_d4_090, recon_1835_north_d5_019, recon_1835_north_d5_026, recon_1835_north_d5_037, recon_1835_north_d5_041, recon_1835_north_d5_057, recon_1835_north_d5_068, recon_1835_north_d5_071, recon_1835_north_d5_074, recon_1835_north_d5_078, recon_1835_north_d5_082, recon_1835_north_d5_086, recon_1835_north_d5_092, recon_1835_north_d6_021, recon_1835_north_d6_027, recon_1835_north_d6_044, recon_1835_north_d6_058, recon_1835_north_d6_070, recon_1835_north_d6_080, recon_1835_north_d6_084, recon_1835_north_d6_093, recon_1835_north_d7_031, recon_1835_north_d7_076, recon_1835_north_d7_088, recon_1835_north_h1_007, recon_1835_north_h2_022, recon_1835_north_h2_028, recon_1835_north_h2_030, recon_1835_north_h2_045, recon_1835_north_t1_061, recon_1835_north_w2_065, recon_1835_north_w3_062, recon_1835_north_w5_040, recon_1835_south_a1_046, recon_1835_south_a2_037, recon_1835_south_a2_047, recon_1835_south_a3_041, recon_1835_south_a3_043, recon_1835_south_a3_045, recon_1835_south_a4_042, recon_1835_south_a4_048, recon_1835_south_a5_044, recon_1835_south_c3_015, recon_1835_south_c3_040, recon_1835_south_d1_003, recon_1835_south_d1_010, recon_1835_south_d1_018, recon_1835_south_d1_021, recon_1835_south_d1_032, recon_1835_south_d1_033, recon_1835_south_d2_005, recon_1835_south_d2_024, recon_1835_south_d3_001, recon_1835_south_d3_008, recon_1835_south_d3_013, recon_1835_south_d3_017, recon_1835_south_d3_022, recon_1835_south_d3_027, recon_1835_south_d4_002, recon_1835_south_d4_006, recon_1835_south_d4_009, recon_1835_south_d4_014, recon_1835_south_d4_019, recon_1835_south_d4_025, recon_1835_south_d4_026, recon_1835_south_d4_030, recon_1835_south_d5_004, recon_1835_south_d5_007, recon_1835_south_d5_011, recon_1835_south_d5_016, recon_1835_south_d5_023, recon_1835_south_d5_028, recon_1835_south_d5_034, recon_1835_south_d6_012, recon_1835_south_d6_020, recon_1835_south_d6_031, recon_1835_south_d6_036, recon_1835_south_d7_035, recon_1835_south_f1_038, recon_1835_south_h1_029, recon_1835_south_h2_039, recon_1835_west_001, recon_1835_west_002, recon_1835_west_003, recon_1835_west_004, recon_1835_west_005, recon_1835_west_006, recon_1835_west_007, recon_1835_west_008, recon_1835_west_009, recon_1835_west_010, recon_1835_west_011, recon_1835_west_012, recon_1835_west_013, recon_1835_west_014, recon_1835_west_015, recon_1835_west_016, recon_1835_west_017, recon_1835_west_018, recon_1835_west_019, recon_1835_west_020, recon_1835_west_021, recon_1835_west_022, recon_1835_west_023, recon_1835_west_024, recon_1835_west_025, recon_1835_west_026, recon_1835_west_027, recon_1835_west_028, recon_1835_west_029, recon_1835_west_030, recon_1835_west_031, recon_1835_west_032, recon_1835_west_033, recon_1835_west_034, recon_1835_west_035, recon_1835_west_036, recon_1835_west_037, recon_1835_west_038, recon_1835_west_039, recon_1835_west_040, recon_1835_west_041, recon_1835_west_042, recon_1835_west_043, recon_1835_west_044, recon_1835_west_045, recon_1835_west_046, recon_1835_west_047, recon_1835_west_048, recon_1835_west_049, recon_1835_west_050, recon_1835_west_051, recon_1835_west_052, recon_1835_west_053, recon_1835_west_054, recon_1835_west_055, robert_kinzie_store, robinson_caldwell_cabins, sauganash_hotel, sauganash_hotel_stable, slough_log_bridge, south_bank_shed_dearborn_e2, south_branch_raft_bridge, south_pier, st_marys_church, steamboat_hotel, steamboat_hotel_stable, temple_building, temple_lake_st_building, thomas_church_store, tremont_house_1, tremont_house_1_stable, wabansia_doctors_barn, wabansia_doctors_house, walker_meeting_house, watkins_school_house, west_approach_wagon_camp, western_hotel, western_hotel_stable, wolf_point_tavern, wolf_point_tavern_stable, wolf_point_trading_camp, wright_building_to_let_a, wright_building_to_let_b]
  geometry check: 56 attribute(s) the archetypes do not read, each declaring what the mesh does instead
  drawn_by check: 1 phase(s) drawn by another layer, each with a record that exists, is fetched, and has no mesh left behind it
  ground contact: 5 structure(s) do not reach the terrain under them, 5 declaring it
  evidence ladder: 184 graded claim(s) held to the 6-rung ladder in data/source.schema.json — tiers 5+ never sole evidence for documented, never an outline; 24 documented on later scholarship alone
  geometry check: 12 attribute(s) the archetypes do not read, each declaring what the mesh does instead
  ground contact: 0 structure(s) do not reach the terrain under them, 0 declaring it
  liberties coverage (structure versions): 62 value(s) owed an admission, 0 unclaimed
  structure versions: 4 version(s) of 2 structure(s) held to the structure rules, 1 of them test fixture(s)
  liberties coverage: 9582 value(s) owed an admission — 9475 invented, 50 stated and not built, 5 standing off the ground, 52 invented in the ground itself — claimed by 1914 declaration(s) in docs/LIBERTIES.md
  placement derivations: 698 declared, 11 constraint(s) recomputed from data/traces/street_control.json and data/streets/1835.json
  sidecar contract: 95 field(s) read across 13 renderer module(s), all present in the compiled sidecars
  sidecar contract: 2 top-level field(s) compiled and never read by the renderer (scene, version) — dead weight or an unshipped claim, not an error either way
  derived contract: sidecars/*/terrain.json — 17 field(s) read by ground.js, 6 declared internal, 19 emitted
  derived contract: sidecars/*/exclusions.json — 20 field(s) read by exclusions.js, 2 declared internal, 19 emitted
  derived contract: liberties.json — 19 field(s) read by liberties.js, 5 declared internal, 21 emitted
  derived contract: a read is a name, not a render — the smoke pins the rendered text for the claims that carry one
  source surface: 22 schema field(s) partitioned, 8 visitor-facing, 10 key(s) on a compiled citation
  flora extents: 398314 land sample(s), 76456 water, 0 unzoned (0.0%) — unzoned ground is planted with NOTHING, never a default community
  flora: 11 zone(s), 166 species record(s); 39 documented claim(s) rest only on sources no agent has retrieved (verified false) — real citations, unread
  fauna: 10 zone(s), 139 species record(s); 40 present and NOT SEEN (audible, trace or imperceptible), 15 recorded as absent or withheld — liberty L2 in the data (of 139 with an attested presence)
  param check: 696 phase(s) resolved
  license check: 1413 generated (manifest-tracked), 393 authored/third-party asset(s)
  stale check: 702 asset(s) match their inputs, 0 stale; schemes resolved-params-v4 / resolved-spec-v5, manifest blender 4.5.3
  version stale check: 4 of 4 version mesh(es) present, fresh and derived
  bake-reach check: 696 committed asset(s) a scene can rebuild
  site check: published tree 190.35 MB of 256 MB budget (65.65 MB headroom)
  site check: 21 flora file(s) published
  WARN  source berrien_eben_griswold.json: website source without archived_url — several key hosts for this project return 503/403 intermittently; a citation that cannot be re-read is not a citation
  WARN  source buck_pioneer_milwaukee.json: website source without archived_url — several key hosts for this project return 503/403 intermittently; a citation that cannot be re-read is not a citation
  WARN  source buffalo_nehemiah_case.json: website source without archived_url — several key hosts for this project return 503/403 intermittently; a citation that cannot be re-read is not a citation
  WARN  source catholic_chicago_st_cyr_1833.json: website source without archived_url — several key hosts for this project return 503/403 intermittently; a citation that cannot be re-read is not a citation
  WARN  source caton_atlantic_chicago_1893.json: website source without archived_url — several key hosts for this project return 503/403 intermittently; a citation that cannot be re-read is not a citation
  WARN  source chicago_voter_lists_1833_1835_irad.json: website source without archived_url — several key hosts for this project return 503/403 intermittently; a citation that cannot be re-read is not a citation
  WARN  source chicagology_chicago_brick.json: website source without archived_url — several key hosts for this project return 503/403 intermittently; a citation that cannot be re-read is not a citation
  WARN  source chicagology_wolf_point_walters.json: website source without archived_url — several key hosts for this project return 503/403 intermittently; a citation that cannot be re-read is not a citation
  WARN  source chm_bartlett_diaries.json: website source without archived_url — several key hosts for this project return 503/403 intermittently; a citation that cannot be re-read is not a citation
  WARN  source chm_eliza_chappel.json: website source without archived_url — several key hosts for this project return 503/403 intermittently; a citation that cannot be re-read is not a citation
  WARN  source chm_george_snow_assessor.json: website source without archived_url — several key hosts for this project return 503/403 intermittently; a citation that cannot be re-read is not a citation
  WARN  source chm_ira_couch_portrait.json: website source without archived_url — several key hosts for this project return 503/403 intermittently; a citation that cannot be re-read is not a citation
  WARN  source chm_thomas_owen_papers.json: website source without archived_url — several key hosts for this project return 503/403 intermittently; a citation that cannot be re-read is not a citation
  WARN  source cpl_augustus_garrett_biography.json: website source without archived_url — several key hosts for this project return 503/403 intermittently; a citation that cannot be re-read is not a citation
  WARN  source cpl_buckner_stith_morris_biography.json: website source without archived_url — several key hosts for this project return 503/403 intermittently; a citation that cannot be re-read is not a citation
  WARN  source cpl_grant_park_history_1830_1871.json: website source without archived_url — several key hosts for this project return 503/403 intermittently; a citation that cannot be re-read is not a citation
  WARN  source cpl_james_curtiss_biography.json: website source without archived_url — several key hosts for this project return 503/403 intermittently; a citation that cannot be re-read is not a citation
  WARN  source cpl_john_s_wright_papers.json: website source without archived_url — several key hosts for this project return 503/403 intermittently; a citation that cannot be re-read is not a citation
  WARN  source cpn_beaubien_family.json: website source without archived_url — several key hosts for this project return 503/403 intermittently; a citation that cannot be re-read is not a citation
  WARN  source cpn_madore_beaubien.json: website source without archived_url — several key hosts for this project return 503/403 intermittently; a citation that cannot be re-read is not a citation
  WARN  source dalton_1840_chicago_census_index.json: website source without archived_url — several key hosts for this project return 503/403 intermittently; a citation that cannot be re-read is not a citation
  WARN  source desplaines_gardner_brooks.json: website source without archived_url — several key hosts for this project return 503/403 intermittently; a citation that cannot be re-read is not a citation
  WARN  source drloih_beaubien.json: website source without archived_url — several key hosts for this project return 503/403 intermittently; a citation that cannot be re-read is not a citation
  WARN  source drloih_chappell.json: website source without archived_url — several key hosts for this project return 503/403 intermittently; a citation that cannot be re-read is not a citation
  WARN  source drloih_chicago_name.json: website source without archived_url — several key hosts for this project return 503/403 intermittently; a citation that cannot be re-read is not a citation
  WARN  source drloih_hotels.json: website source without archived_url — several key hosts for this project return 503/403 intermittently; a citation that cannot be re-read is not a citation
  WARN  source drloih_wolf_point.json: website source without archived_url — several key hosts for this project return 503/403 intermittently; a citation that cannot be re-read is not a citation
  WARN  source dunlap_alva_dunlap_history.json: website source without archived_url — several key hosts for this project return 503/403 intermittently; a citation that cannot be re-read is not a citation
  WARN  source dupage_constant_abbott.json: website source without archived_url — several key hosts for this project return 503/403 intermittently; a citation that cannot be re-read is not a citation
  WARN  source elgin_history_gifford.json: website source without archived_url — several key hosts for this project return 503/403 intermittently; a citation that cannot be re-read is not a citation
  WARN  source encyclopedia_chicago_balloon_frame.json: website source without archived_url — several key hosts for this project return 503/403 intermittently; a citation that cannot be re-read is not a citation
  WARN  source encyclopedia_chicago_biographical_index_d.json: website source without archived_url — several key hosts for this project return 503/403 intermittently; a citation that cannot be re-read is not a citation
  WARN  source encyclopedia_chicago_biographical_p.json: website source without archived_url — several key hosts for this project return 503/403 intermittently; a citation that cannot be re-read is not a citation
  WARN  source encyclopedia_chicago_church_architecture.json: website source without archived_url — several key hosts for this project return 503/403 intermittently; a citation that cannot be re-read is not a citation
  WARN  source encyclopedia_chicago_food_processing.json: website source without archived_url — several key hosts for this project return 503/403 intermittently; a citation that cannot be re-read is not a citation
  WARN  source encyclopedia_chicago_frederick_thomas.json: website source without archived_url — several key hosts for this project return 503/403 intermittently; a citation that cannot be re-read is not a citation
  WARN  source encyclopedia_chicago_mark_beaubien.json: website source without archived_url — several key hosts for this project return 503/403 intermittently; a citation that cannot be re-read is not a citation
  WARN  source encyclopedia_chicago_medical_pharmaceutical.json: website source without archived_url — several key hosts for this project return 503/403 intermittently; a citation that cannot be re-read is not a citation
  WARN  source encyclopedia_chicago_newspapers.json: website source without archived_url — several key hosts for this project return 503/403 intermittently; a citation that cannot be re-read is not a citation
  WARN  source encyclopedia_chicago_potawatomis.json: website source without archived_url — several key hosts for this project return 503/403 intermittently; a citation that cannot be re-read is not a citation
  WARN  source first_presbyterian_chicago_1833_1913.json: website source without archived_url — several key hosts for this project return 503/403 intermittently; a citation that cannot be re-read is not a citation
  WARN  source fpdcc_ecosystems.json: website source without archived_url — several key hosts for this project return 503/403 intermittently; a citation that cannot be re-read is not a citation
  WARN  source geneanet_cook_baumgarten_1836.json: website source without archived_url — several key hosts for this project return 503/403 intermittently; a citation that cannot be re-read is not a citation
  WARN  source glessner_house_current_status.json: website source without archived_url — several key hosts for this project return 503/403 intermittently; a citation that cannot be re-read is not a citation
  WARN  source goodman_history_cook_county_early.json: website source without archived_url — several key hosts for this project return 503/403 intermittently; a citation that cannot be re-read is not a citation
  WARN  source goodman_history_cook_county_hamilton.json: website source without archived_url — several key hosts for this project return 503/403 intermittently; a citation that cannot be re-read is not a citation
  WARN  source hmdb_butterfield_trail.json: website source without archived_url — several key hosts for this project return 503/403 intermittently; a citation that cannot be re-read is not a citation
  WARN  source ida_will_property_1842_hawley.json: website source without archived_url — several key hosts for this project return 503/403 intermittently; a citation that cannot be re-read is not a citation
  WARN  source idnr_tallgrass_plantlist.json: website source without archived_url — several key hosts for this project return 503/403 intermittently; a citation that cannot be re-read is not a citation
  WARN  source illinois_courts_caton_biography.json: website source without archived_url — several key hosts for this project return 503/403 intermittently; a citation that cannot be re-read is not a citation
  WARN  source illinois_wildflowers.json: website source without archived_url — several key hosts for this project return 503/403 intermittently; a citation that cannot be re-read is not a citation
  WARN  source im_canal_albert_dow.json: website source without archived_url — several key hosts for this project return 503/403 intermittently; a citation that cannot be re-read is not a citation
  WARN  source indiana_absalom_reel_1834.json: website source without archived_url — several key hosts for this project return 503/403 intermittently; a citation that cannot be re-read is not a citation
  WARN  source indigenous_chicago_alexander_robinson.json: website source without archived_url — several key hosts for this project return 503/403 intermittently; a citation that cannot be re-read is not a citation
  WARN  source ingale_early_chicago_reminiscence.json: website source without archived_url — several key hosts for this project return 503/403 intermittently; a citation that cannot be re-read is not a citation
  WARN  source jsp_illinois_statutes_gale_imprint.json: website source without archived_url — several key hosts for this project return 503/403 intermittently; a citation that cannot be re-read is not a citation
  WARN  source jsp_russel_heacock_plat.json: website source without archived_url — several key hosts for this project return 503/403 intermittently; a citation that cannot be re-read is not a citation
  WARN  source kane_geneva_andrew_miles.json: website source without archived_url — several key hosts for this project return 503/403 intermittently; a citation that cannot be re-read is not a citation
  WARN  source kane_history_gideon_young_naperville.json: website source without archived_url — several key hosts for this project return 503/403 intermittently; a citation that cannot be re-read is not a citation
  WARN  source kaneville_amanda_miner.json: website source without archived_url — several key hosts for this project return 503/403 intermittently; a citation that cannot be re-read is not a citation
  WARN  source lake_county_coroner_starr_titus_1839.json: website source without archived_url — several key hosts for this project return 503/403 intermittently; a citation that cannot be re-read is not a citation
  WARN  source lasalle_thomas_covell.json: website source without archived_url — several key hosts for this project return 503/403 intermittently; a citation that cannot be re-read is not a citation
  WARN  source loc_mantowoc_benjamin_jones.json: website source without archived_url — several key hosts for this project return 503/403 intermittently; a citation that cannot be re-read is not a citation
  WARN  source mclean_history_jesse_w_fell.json: website source without archived_url — several key hosts for this project return 503/403 intermittently; a citation that cannot be re-read is not a citation
  WARN  source michigan_frederick_curtenius.json: website source without archived_url — several key hosts for this project return 503/403 intermittently; a citation that cannot be re-read is not a citation
  WARN  source michigan_hh_comstock_history.json: website source without archived_url — several key hosts for this project return 503/403 intermittently; a citation that cannot be re-read is not a citation
  WARN  source migenweb_clark_albee_grand_haven.json: website source without archived_url — several key hosts for this project return 503/403 intermittently; a citation that cannot be re-read is not a citation
  WARN  source mnfi_open_dunes.json: website source without archived_url — several key hosts for this project return 503/403 intermittently; a citation that cannot be re-read is not a citation
  WARN  source norris_chicago_directory_1843.json: website source without archived_url — several key hosts for this project return 503/403 intermittently; a citation that cannot be re-read is not a citation
  WARN  source nps_bailly_homestead.json: website source without archived_url — several key hosts for this project return 503/403 intermittently; a citation that cannot be re-read is not a citation
  WARN  source nwchicago_elijah_wentworth.json: website source without archived_url — several key hosts for this project return 503/403 intermittently; a citation that cannot be re-read is not a citation
  WARN  source ohio_firelands_rouse_bly.json: website source without archived_url — several key hosts for this project return 503/403 intermittently; a citation that cannot be re-read is not a citation
  WARN  source okstate_treaty_chicago_1833.json: website source without archived_url — several key hosts for this project return 503/403 intermittently; a citation that cannot be re-read is not a citation
  WARN  source pal_chicago_incorporation_1835.json: website source without archived_url — several key hosts for this project return 503/403 intermittently; a citation that cannot be re-read is not a citation
  WARN  source pal_gholson_kercheval.json: website source without archived_url — several key hosts for this project return 503/403 intermittently; a citation that cannot be re-read is not a citation
  WARN  source pal_giles_spring.json: website source without archived_url — several key hosts for this project return 503/403 intermittently; a citation that cannot be re-read is not a citation
  WARN  source pal_john_harris_kinzie.json: website source without archived_url — several key hosts for this project return 503/403 intermittently; a citation that cannot be re-read is not a citation
  WARN  source pal_thomas_owen_house.json: website source without archived_url — several key hosts for this project return 503/403 intermittently; a citation that cannot be re-read is not a citation
  WARN  source papers_abraham_lincoln_clinton.json: website source without archived_url — several key hosts for this project return 503/403 intermittently; a citation that cannot be re-read is not a citation
  WARN  source papers_abraham_lincoln_james_h_collins.json: website source without archived_url — several key hosts for this project return 503/403 intermittently; a citation that cannot be re-read is not a citation
  WARN  source plainfield_john_temple_report.json: website source without archived_url — several key hosts for this project return 503/403 intermittently; a citation that cannot be re-read is not a citation
  WARN  source porter_curtis_parkes.json: website source without archived_url — several key hosts for this project return 503/403 intermittently; a citation that cannot be re-read is not a citation
  WARN  source presbyterian_history_jeremiah_porter.json: website source without archived_url — several key hosts for this project return 503/403 intermittently; a citation that cannot be re-read is not a citation
  WARN  source resident_research_dearborn_howard.json: website source without archived_url — several key hosts for this project return 503/403 intermittently; a citation that cannot be re-read is not a citation
  WARN  source resident_research_dupage_herrick.json: website source without archived_url — several key hosts for this project return 503/403 intermittently; a citation that cannot be re-read is not a citation
  WARN  source resident_research_hobson_woodruff.json: website source without archived_url — several key hosts for this project return 503/403 intermittently; a citation that cannot be re-read is not a citation
  WARN  source resident_research_meacham_uscg.json: website source without archived_url — several key hosts for this project return 503/403 intermittently; a citation that cannot be re-read is not a citation
  WARN  source resident_research_orland_bandle.json: website source without archived_url — several key hosts for this project return 503/403 intermittently; a citation that cannot be re-read is not a citation
  WARN  source resident_research_patterson_winnetka.json: website source without archived_url — several key hosts for this project return 503/403 intermittently; a citation that cannot be re-read is not a citation
  WARN  source resident_research_porter_newberry.json: website source without archived_url — several key hosts for this project return 503/403 intermittently; a citation that cannot be re-read is not a citation
  WARN  source resident_research_stcharles_minard.json: website source without archived_url — several key hosts for this project return 503/403 intermittently; a citation that cannot be re-read is not a citation
  WARN  source rochester_porter_chappel_marriage.json: website source without archived_url — several key hosts for this project return 503/403 intermittently; a citation that cannot be re-read is not a citation
  WARN  source rochester_selden_family_biography.json: website source without archived_url — several key hosts for this project return 503/403 intermittently; a citation that cannot be re-read is not a citation
  WARN  source rockford_first_settlers_1835.json: website source without archived_url — several key hosts for this project return 503/403 intermittently; a citation that cannot be re-read is not a citation
  WARN  source rr_dghs_pierce_downer.json: website source without archived_url — several key hosts for this project return 503/403 intermittently; a citation that cannot be re-read is not a citation
  WARN  source rr_nw_chicago_merrill.json: website source without archived_url — several key hosts for this project return 503/403 intermittently; a citation that cannot be re-read is not a citation
  WARN  source talcott_chester_house_1835.json: website source without archived_url — several key hosts for this project return 503/403 intermittently; a citation that cannot be re-read is not a citation
  WARN  source treaty_chicago_1833_statutes.json: website source without archived_url — several key hosts for this project return 503/403 intermittently; a citation that cannot be re-read is not a citation
  WARN  source tsaha_joseph_chadwick.json: website source without archived_url — several key hosts for this project return 503/403 intermittently; a citation that cannot be re-read is not a citation
  WARN  source uiuc_daniel_elston_papers.json: website source without archived_url — several key hosts for this project return 503/403 intermittently; a citation that cannot be re-read is not a citation
  WARN  source ushouse_james_h_woodworth.json: website source without archived_url — several key hosts for this project return 503/403 intermittently; a citation that cannot be re-read is not a citation
  WARN  source ushouse_john_reynolds_illinois.json: website source without archived_url — several key hosts for this project return 503/403 intermittently; a citation that cannot be re-read is not a citation
  WARN  source warrenville_ezra_galusha.json: website source without archived_url — several key hosts for this project return 503/403 intermittently; a citation that cannot be re-read is not a citation
  WARN  source wheeling_history_timothy_titcomb.json: website source without archived_url — several key hosts for this project return 503/403 intermittently; a citation that cannot be re-read is not a citation
  WARN  source whiteside_elam_tuller.json: website source without archived_url — several key hosts for this project return 503/403 intermittently; a citation that cannot be re-read is not a citation
  WARN  source whs_alson_felch.json: website source without archived_url — several key hosts for this project return 503/403 intermittently; a citation that cannot be re-read is not a citation
  WARN  source whs_elihu_filer_house.json: website source without archived_url — several key hosts for this project return 503/403 intermittently; a citation that cannot be re-read is not a citation
  WARN  source whs_kinzie_agency_house.json: website source without archived_url — several key hosts for this project return 503/403 intermittently; a citation that cannot be re-read is not a citation
  WARN  source wilcox_v_jackson_1839.json: website source without archived_url — several key hosts for this project return 503/403 intermittently; a citation that cannot be re-read is not a citation
  WARN  source will_george_makepeace.json: website source without archived_url — several key hosts for this project return 503/403 intermittently; a citation that cannot be re-read is not a citation
  WARN  source wttw_ira_couch.json: website source without archived_url — several key hosts for this project return 503/403 intermittently; a citation that cannot be re-read is not a citation
  WARN  structure beaubien_barn/converted_1817: documented_range spans 19 years and is not documented — Chicago changed fast in this period; narrow it to what is attested rather than widening it to pass
  WARN  structure beaubien_trading_post/log_1822: documented_range spans 14 years and is not documented — Chicago changed fast in this period; narrow it to what is attested rather than widening it to pass
  WARN  structure blacksmith_shop_state_st/log_1823: documented_range spans 13 years and is not documented — Chicago changed fast in this period; narrow it to what is attested rather than widening it to pass
  WARN  structure chicago_lighthouse_1832/tower_1832: documented_range spans 27 years and is not documented — Chicago changed fast in this period; narrow it to what is attested rather than widening it to pass
  WARN  structure cobweb_castle/log_1820: documented_range spans 16 years and is not documented — Chicago changed fast in this period; narrow it to what is attested rather than widening it to pass
  WARN  structure fort_dearborn_artillery_house/log_1816: documented_range spans 40 years and is not documented — Chicago changed fast in this period; narrow it to what is attested rather than widening it to pass
  WARN  structure fort_dearborn_barracks/log_1816: documented_range spans 40 years and is not documented — Chicago changed fast in this period; narrow it to what is attested rather than widening it to pass
  WARN  structure fort_dearborn_blockhouse/log_1816: documented_range spans 40 years and is not documented — Chicago changed fast in this period; narrow it to what is attested rather than widening it to pass
  WARN  structure fort_dearborn_commandants_quarters/brick_1816: documented_range spans 40 years and is not documented — Chicago changed fast in this period; narrow it to what is attested rather than widening it to pass
  WARN  structure fort_dearborn_garrison_garden/fence_1816: documented_range spans 20 years and is not documented — Chicago changed fast in this period; narrow it to what is attested rather than widening it to pass
  WARN  structure fort_dearborn_guard_house/log_1816: documented_range spans 40 years and is not documented — Chicago changed fast in this period; narrow it to what is attested rather than widening it to pass
  WARN  structure fort_dearborn_magazine/brick_1816: documented_range spans 40 years and is not documented — Chicago changed fast in this period; narrow it to what is attested rather than widening it to pass
  WARN  structure fort_dearborn_officers_quarters/log_1816: documented_range spans 40 years and is not documented — Chicago changed fast in this period; narrow it to what is attested rather than widening it to pass
  WARN  structure fort_dearborn_palisade/picket_1816: documented_range spans 33 years and is not documented — Chicago changed fast in this period; narrow it to what is attested rather than widening it to pass
  WARN  structure fort_dearborn_parade/parade_1816: documented_range spans 40 years and is not documented — Chicago changed fast in this period; narrow it to what is attested rather than widening it to pass
  WARN  structure fort_dearborn_root_house/cellar_1816: documented_range spans 20 years and is not documented — Chicago changed fast in this period; narrow it to what is attested rather than widening it to pass
  WARN  structure fort_dearborn_root_house_b/cellar_1816_b: documented_range spans 20 years and is not documented — Chicago changed fast in this period; narrow it to what is attested rather than widening it to pass
  WARN  structure fort_dearborn_store_house/log_1816: documented_range spans 40 years and is not documented — Chicago changed fast in this period; narrow it to what is attested rather than widening it to pass
  WARN  structure fort_dearborn_sutlers_store/log_1816: documented_range spans 40 years and is not documented — Chicago changed fast in this period; narrow it to what is attested rather than widening it to pass
  WARN  structure fort_dearborn_us_factors_house/us_factors_house_1818: documented_range spans 19 years and is not documented — Chicago changed fast in this period; narrow it to what is attested rather than widening it to pass
  WARN  structure jb_beaubien_homestead/log_1822: documented_range spans 14 years and is not documented — Chicago changed fast in this period; narrow it to what is attested rather than widening it to pass
  WARN  structure mansion_house_stable/stable_1833: documented_range spans 18 years and is not documented — Chicago changed fast in this period; narrow it to what is attested rather than widening it to pass
  WARN  structure mckee_log_house/log_1823: documented_range spans 13 years and is not documented — Chicago changed fast in this period; narrow it to what is attested rather than widening it to pass
  WARN  structure sauganash_hotel_stable/stable_1831: documented_range spans 20 years and is not documented — Chicago changed fast in this period; narrow it to what is attested rather than widening it to pass
  WARN  evidence ladder: 21 documented value(s) rest on no source at tier 3 or better — later scholarship only, with no period document, eyewitness recollection or compilation from testimony behind them: ground e1834_harbor_cut surface_materials.south_division east of State St, ground e1834_harbor_cut surface_materials.south_division west of State St, structure chicago_lighthouse_1832/tower_1832 form.lantern, structure first_fort_dearborn_magazine/first_fort_1803 form.construction and 17 more. Either the values are over-graded or the sources are under-tiered; both are research, and regrading a confidence stales a mesh. See docs/STATUS.md § 43
  WARN  resident household hh_abell_sidney: arrival '1835-08-01' at 'not_later_than' precision straddles the scene date 1835-07-01 - the household may or may not have been here. Narrow the precision if the evidence allows, and say so in the note if it does not
  WARN  resident household hh_adams_william_h: arrival '1835-12-31' at 'not_later_than' precision straddles the scene date 1835-07-01 - the household may or may not have been here. Narrow the precision if the evidence allows, and say so in the note if it does not
  WARN  resident household hh_andrews_julian: arrival '1835-07-17' at 'not_later_than' precision straddles the scene date 1835-07-01 - the household may or may not have been here. Narrow the precision if the evidence allows, and say so in the note if it does not
  WARN  resident household hh_ann_cierno: arrival '1835-08-20' at 'not_later_than' precision straddles the scene date 1835-07-01 - the household may or may not have been here. Narrow the precision if the evidence allows, and say so in the note if it does not
  WARN  resident household hh_archer_william_b: arrival '1835-07-04' at 'not_later_than' precision straddles the scene date 1835-07-01 - the household may or may not have been here. Narrow the precision if the evidence allows, and say so in the note if it does not
  WARN  resident household hh_arquette_joseph: arrival '1835-07-05' at 'not_later_than' precision straddles the scene date 1835-07-01 - the household may or may not have been here. Narrow the precision if the evidence allows, and say so in the note if it does not
  WARN  resident household hh_arquette_michel: arrival '1835-07-05' at 'not_later_than' precision straddles the scene date 1835-07-01 - the household may or may not have been here. Narrow the precision if the evidence allows, and say so in the note if it does not
  WARN  resident household hh_bailey_amos: arrival '1835-12-31' at 'not_later_than' precision straddles the scene date 1835-07-01 - the household may or may not have been here. Narrow the precision if the evidence allows, and say so in the note if it does not
  WARN  resident household hh_ballard_thomas: arrival '1835-12-31' at 'not_later_than' precision straddles the scene date 1835-07-01 - the household may or may not have been here. Narrow the precision if the evidence allows, and say so in the note if it does not
  WARN  resident household hh_ballingale_p: arrival '1835-12-31' at 'not_later_than' precision straddles the scene date 1835-07-01 - the household may or may not have been here. Narrow the precision if the evidence allows, and say so in the note if it does not
  WARN  resident household hh_bates_harriet_ellen: arrival '1835-08-26' at 'not_later_than' precision straddles the scene date 1835-07-01 - the household may or may not have been here. Narrow the precision if the evidence allows, and say so in the note if it does not
  WARN  resident household hh_beaubien_b: arrival '1835-08-29' at 'not_later_than' precision straddles the scene date 1835-07-01 - the household may or may not have been here. Narrow the precision if the evidence allows, and say so in the note if it does not
  WARN  resident household hh_blaisdell_b: arrival '1835-12-31' at 'not_later_than' precision straddles the scene date 1835-07-01 - the household may or may not have been here. Narrow the precision if the evidence allows, and say so in the note if it does not
  WARN  resident household hh_blake_edio_l: arrival '1835-12-31' at 'not_later_than' precision straddles the scene date 1835-07-01 - the household may or may not have been here. Narrow the precision if the evidence allows, and say so in the note if it does not
  WARN  resident household hh_blanchemontagne_alexis_thomas: arrival '1835-10-04' at 'not_later_than' precision straddles the scene date 1835-07-01 - the household may or may not have been here. Narrow the precision if the evidence allows, and say so in the note if it does not
  WARN  resident household hh_bond_h: arrival '1835-12-31' at 'not_later_than' precision straddles the scene date 1835-07-01 - the household may or may not have been here. Narrow the precision if the evidence allows, and say so in the note if it does not
  WARN  resident household hh_brackett_e_c: arrival '1835-07-04' at 'not_later_than' precision straddles the scene date 1835-07-01 - the household may or may not have been here. Narrow the precision if the evidence allows, and say so in the note if it does not
  WARN  resident household hh_braxton_lewis: arrival '1835-08-05' at 'not_later_than' precision straddles the scene date 1835-07-01 - the household may or may not have been here. Narrow the precision if the evidence allows, and say so in the note if it does not
  WARN  resident household hh_bread_a_o_t: arrival '1835-12-31' at 'not_later_than' precision straddles the scene date 1835-07-01 - the household may or may not have been here. Narrow the precision if the evidence allows, and say so in the note if it does not
  WARN  resident household hh_brenin_mary: arrival '1835-09-25' at 'not_later_than' precision straddles the scene date 1835-07-01 - the household may or may not have been here. Narrow the precision if the evidence allows, and say so in the note if it does not
  WARN  resident household hh_bristol_charles_l: arrival '1835-07-22' at 'not_later_than' precision straddles the scene date 1835-07-01 - the household may or may not have been here. Narrow the precision if the evidence allows, and say so in the note if it does not
  WARN  resident household hh_bruno_anne_franoise_apolline: arrival '1835-10-04' at 'not_later_than' precision straddles the scene date 1835-07-01 - the household may or may not have been here. Narrow the precision if the evidence allows, and say so in the note if it does not
  WARN  resident household hh_bruno_jean_baptiste: arrival '1835-10-04' at 'not_later_than' precision straddles the scene date 1835-07-01 - the household may or may not have been here. Narrow the precision if the evidence allows, and say so in the note if it does not
  WARN  resident household hh_burton_edward: arrival '1835-08-15' at 'not_later_than' precision straddles the scene date 1835-07-01 - the household may or may not have been here. Narrow the precision if the evidence allows, and say so in the note if it does not
  WARN  resident household hh_butterfield_d_h: arrival '1835-12-31' at 'not_later_than' precision straddles the scene date 1835-07-01 - the household may or may not have been here. Narrow the precision if the evidence allows, and say so in the note if it does not
  WARN  resident household hh_calhoun_alvin: arrival '1835-12-31' at 'not_later_than' precision straddles the scene date 1835-07-01 - the household may or may not have been here. Narrow the precision if the evidence allows, and say so in the note if it does not
  WARN  resident household hh_campbell_james_b: arrival '1835-12-31' at 'not_later_than' precision straddles the scene date 1835-07-01 - the household may or may not have been here. Narrow the precision if the evidence allows, and say so in the note if it does not
  WARN  resident household hh_casy_honora: arrival '1835-12-25' at 'not_later_than' precision straddles the scene date 1835-07-01 - the household may or may not have been here. Narrow the precision if the evidence allows, and say so in the note if it does not
  WARN  resident household hh_chandler_catherine: arrival '1835-11-09' at 'not_later_than' precision straddles the scene date 1835-07-01 - the household may or may not have been here. Narrow the precision if the evidence allows, and say so in the note if it does not
  WARN  resident household hh_choulet_michel_alexandre: arrival '1835-07-05' at 'not_later_than' precision straddles the scene date 1835-07-01 - the household may or may not have been here. Narrow the precision if the evidence allows, and say so in the note if it does not
  WARN  resident household hh_clark_john_k: arrival '1835-07-11' at 'not_later_than' precision straddles the scene date 1835-07-01 - the household may or may not have been here. Narrow the precision if the evidence allows, and say so in the note if it does not
  WARN  resident household hh_clarke_w_b: arrival '1835-08-05' at 'not_later_than' precision straddles the scene date 1835-07-01 - the household may or may not have been here. Narrow the precision if the evidence allows, and say so in the note if it does not
  WARN  resident household hh_cobb_l_b: arrival '1835-12-31' at 'not_later_than' precision straddles the scene date 1835-07-01 - the household may or may not have been here. Narrow the precision if the evidence allows, and say so in the note if it does not
  WARN  resident household hh_curtis_jacob_s: arrival '1835-12-31' at 'not_later_than' precision straddles the scene date 1835-07-01 - the household may or may not have been here. Narrow the precision if the evidence allows, and say so in the note if it does not
  WARN  resident household hh_cusick_theodore: arrival '1835-12-31' at 'not_later_than' precision straddles the scene date 1835-07-01 - the household may or may not have been here. Narrow the precision if the evidence allows, and say so in the note if it does not
  WARN  resident household hh_daly_edward: arrival '1835-12-25' at 'not_later_than' precision straddles the scene date 1835-07-01 - the household may or may not have been here. Narrow the precision if the evidence allows, and say so in the note if it does not
  WARN  resident household hh_daniel_frederick: arrival '1835-10-18' at 'not_later_than' precision straddles the scene date 1835-07-01 - the household may or may not have been here. Narrow the precision if the evidence allows, and say so in the note if it does not
  WARN  resident household hh_davis_john: arrival '1835' at 'year' precision straddles the scene date 1835-07-01 - the household may or may not have been here. Narrow the precision if the evidence allows, and say so in the note if it does not
  WARN  resident household hh_dewey_d_s: arrival '1835-07-22' at 'not_later_than' precision straddles the scene date 1835-07-01 - the household may or may not have been here. Narrow the precision if the evidence allows, and say so in the note if it does not
  WARN  resident household hh_dewey_s: arrival '1835-08-05' at 'not_later_than' precision straddles the scene date 1835-07-01 - the household may or may not have been here. Narrow the precision if the evidence allows, and say so in the note if it does not
  WARN  resident household hh_dill_frank: arrival '1835-12-31' at 'not_later_than' precision straddles the scene date 1835-07-01 - the household may or may not have been here. Narrow the precision if the evidence allows, and say so in the note if it does not
  WARN  resident household hh_dixon_robert: arrival '1835-07-08' at 'not_later_than' precision straddles the scene date 1835-07-01 - the household may or may not have been here. Narrow the precision if the evidence allows, and say so in the note if it does not
  WARN  resident household hh_douglas_calvin: arrival '1835-12-31' at 'not_later_than' precision straddles the scene date 1835-07-01 - the household may or may not have been here. Narrow the precision if the evidence allows, and say so in the note if it does not
  WARN  resident household hh_duplas_catherine: arrival '1835-10-18' at 'not_later_than' precision straddles the scene date 1835-07-01 - the household may or may not have been here. Narrow the precision if the evidence allows, and say so in the note if it does not
  WARN  resident household hh_duplas_joseph: arrival '1835-10-18' at 'not_later_than' precision straddles the scene date 1835-07-01 - the household may or may not have been here. Narrow the precision if the evidence allows, and say so in the note if it does not
  WARN  resident household hh_dyer_george: arrival '1835-12-31' at 'not_later_than' precision straddles the scene date 1835-07-01 - the household may or may not have been here. Narrow the precision if the evidence allows, and say so in the note if it does not
  WARN  resident household hh_everts_hiram: arrival '1835-08-12' at 'not_later_than' precision straddles the scene date 1835-07-01 - the household may or may not have been here. Narrow the precision if the evidence allows, and say so in the note if it does not
  WARN  resident household hh_forster_bridget: arrival '1835-12-25' at 'not_later_than' precision straddles the scene date 1835-07-01 - the household may or may not have been here. Narrow the precision if the evidence allows, and say so in the note if it does not
  WARN  resident household hh_green_mary: arrival '1835-08-29' at 'not_later_than' precision straddles the scene date 1835-07-01 - the household may or may not have been here. Narrow the precision if the evidence allows, and say so in the note if it does not
  WARN  resident household hh_guy_josphine: arrival '1835-10-04' at 'not_later_than' precision straddles the scene date 1835-07-01 - the household may or may not have been here. Narrow the precision if the evidence allows, and say so in the note if it does not
  WARN  resident household hh_haddock_edward: arrival '1835' at 'year' precision straddles the scene date 1835-07-01 - the household may or may not have been here. Narrow the precision if the evidence allows, and say so in the note if it does not
  WARN  resident household hh_haighs_isaac: arrival '1835-12-31' at 'not_later_than' precision straddles the scene date 1835-07-01 - the household may or may not have been here. Narrow the precision if the evidence allows, and say so in the note if it does not
  WARN  resident household hh_hall_george: arrival '1835-07-29' at 'not_later_than' precision straddles the scene date 1835-07-01 - the household may or may not have been here. Narrow the precision if the evidence allows, and say so in the note if it does not
  WARN  resident household hh_hamilton_amos_c: arrival '1835-12-31' at 'not_later_than' precision straddles the scene date 1835-07-01 - the household may or may not have been here. Narrow the precision if the evidence allows, and say so in the note if it does not
  WARN  resident household hh_hinton_isaac_t: arrival '1835-08-19' at 'not_later_than' precision straddles the scene date 1835-07-01 - the household may or may not have been here. Narrow the precision if the evidence allows, and say so in the note if it does not
  WARN  resident household hh_hogue_william: arrival '1835-07-22' at 'not_later_than' precision straddles the scene date 1835-07-01 - the household may or may not have been here. Narrow the precision if the evidence allows, and say so in the note if it does not
  WARN  resident household hh_holsman_george: arrival '1835-08-19' at 'not_later_than' precision straddles the scene date 1835-07-01 - the household may or may not have been here. Narrow the precision if the evidence allows, and say so in the note if it does not
  WARN  resident household hh_howe_sarah_d: arrival '1835-08-19' at 'not_later_than' precision straddles the scene date 1835-07-01 - the household may or may not have been here. Narrow the precision if the evidence allows, and say so in the note if it does not
  WARN  resident household hh_hubbard_ahira: arrival '1835-08-19' at 'not_later_than' precision straddles the scene date 1835-07-01 - the household may or may not have been here. Narrow the precision if the evidence allows, and say so in the note if it does not
  WARN  resident household hh_hunt_charles_cotesworth_pinckney: arrival '1835-08-29' at 'not_later_than' precision straddles the scene date 1835-07-01 - the household may or may not have been here. Narrow the precision if the evidence allows, and say so in the note if it does not
  WARN  resident household hh_judar_barbery: arrival '1835-10-18' at 'not_later_than' precision straddles the scene date 1835-07-01 - the household may or may not have been here. Narrow the precision if the evidence allows, and say so in the note if it does not
  WARN  resident household hh_king_byron: arrival '1835-12-31' at 'not_later_than' precision straddles the scene date 1835-07-01 - the household may or may not have been here. Narrow the precision if the evidence allows, and say so in the note if it does not
  WARN  resident household hh_king_j_d: arrival '1835-12-31' at 'not_later_than' precision straddles the scene date 1835-07-01 - the household may or may not have been here. Narrow the precision if the evidence allows, and say so in the note if it does not
  WARN  resident household hh_knight_john: arrival '1835-12-31' at 'not_later_than' precision straddles the scene date 1835-07-01 - the household may or may not have been here. Narrow the precision if the evidence allows, and say so in the note if it does not
  WARN  resident household hh_kulozjcky_john: arrival '1835-10-01' at 'not_later_than' precision straddles the scene date 1835-07-01 - the household may or may not have been here. Narrow the precision if the evidence allows, and say so in the note if it does not
  WARN  resident household hh_kurcheval_louis_c: arrival '1835-12-31' at 'not_later_than' precision straddles the scene date 1835-07-01 - the household may or may not have been here. Narrow the precision if the evidence allows, and say so in the note if it does not
  WARN  resident household hh_latzky_john: arrival '1835-10-01' at 'not_later_than' precision straddles the scene date 1835-07-01 - the household may or may not have been here. Narrow the precision if the evidence allows, and say so in the note if it does not
  WARN  resident household hh_lyon_william_f: arrival '1835-08-19' at 'not_later_than' precision straddles the scene date 1835-07-01 - the household may or may not have been here. Narrow the precision if the evidence allows, and say so in the note if it does not
  WARN  resident household hh_mallet_marie_louise: arrival '1835-10-04' at 'not_later_than' precision straddles the scene date 1835-07-01 - the household may or may not have been here. Narrow the precision if the evidence allows, and say so in the note if it does not
  WARN  resident household hh_markle_joseph_w: arrival '1835-08-19' at 'not_later_than' precision straddles the scene date 1835-07-01 - the household may or may not have been here. Narrow the precision if the evidence allows, and say so in the note if it does not
  WARN  resident household hh_matthews_j_d: arrival '1835-12-31' at 'not_later_than' precision straddles the scene date 1835-07-01 - the household may or may not have been here. Narrow the precision if the evidence allows, and say so in the note if it does not
  WARN  resident household hh_merrill_george_w: arrival '1835-12-31' at 'not_later_than' precision straddles the scene date 1835-07-01 - the household may or may not have been here. Narrow the precision if the evidence allows, and say so in the note if it does not
  WARN  resident household hh_miller_catherine: arrival '1835-10-18' at 'not_later_than' precision straddles the scene date 1835-07-01 - the household may or may not have been here. Narrow the precision if the evidence allows, and say so in the note if it does not
  WARN  resident household hh_molony_denis: arrival '1835-12-25' at 'not_later_than' precision straddles the scene date 1835-07-01 - the household may or may not have been here. Narrow the precision if the evidence allows, and say so in the note if it does not
  WARN  resident household hh_molony_john: arrival '1835-12-25' at 'not_later_than' precision straddles the scene date 1835-07-01 - the household may or may not have been here. Narrow the precision if the evidence allows, and say so in the note if it does not
  WARN  resident household hh_montgomery_w: arrival '1835-07-04' at 'not_later_than' precision straddles the scene date 1835-07-01 - the household may or may not have been here. Narrow the precision if the evidence allows, and say so in the note if it does not
  WARN  resident household hh_more_ebenezer_s: arrival '1835-07-04' at 'not_later_than' precision straddles the scene date 1835-07-01 - the household may or may not have been here. Narrow the precision if the evidence allows, and say so in the note if it does not
  WARN  resident household hh_morris_potily: arrival '1835-10-01' at 'not_later_than' precision straddles the scene date 1835-07-01 - the household may or may not have been here. Narrow the precision if the evidence allows, and say so in the note if it does not
  WARN  resident household hh_murray_catherine: arrival '1835-09-25' at 'not_later_than' precision straddles the scene date 1835-07-01 - the household may or may not have been here. Narrow the precision if the evidence allows, and say so in the note if it does not
  WARN  resident household hh_murray_john: arrival '1835-09-25' at 'not_later_than' precision straddles the scene date 1835-07-01 - the household may or may not have been here. Narrow the precision if the evidence allows, and say so in the note if it does not
  WARN  resident household hh_murray_martha: arrival '1835-09-25' at 'not_later_than' precision straddles the scene date 1835-07-01 - the household may or may not have been here. Narrow the precision if the evidence allows, and say so in the note if it does not
  WARN  resident household hh_nicole_l: arrival '1835-12-31' at 'not_later_than' precision straddles the scene date 1835-07-01 - the household may or may not have been here. Narrow the precision if the evidence allows, and say so in the note if it does not
  WARN  resident household hh_nolan_michael: arrival '1835-08-29' at 'not_later_than' precision straddles the scene date 1835-07-01 - the household may or may not have been here. Narrow the precision if the evidence allows, and say so in the note if it does not
  WARN  resident household hh_omarra_bridget: arrival '1835-08-20' at 'not_later_than' precision straddles the scene date 1835-07-01 - the household may or may not have been here. Narrow the precision if the evidence allows, and say so in the note if it does not
  WARN  resident household hh_omarra_james: arrival '1835-08-20' at 'not_later_than' precision straddles the scene date 1835-07-01 - the household may or may not have been here. Narrow the precision if the evidence allows, and say so in the note if it does not
  WARN  resident household hh_panster_james: arrival '1835-12-31' at 'not_later_than' precision straddles the scene date 1835-07-01 - the household may or may not have been here. Narrow the precision if the evidence allows, and say so in the note if it does not
  WARN  resident household hh_payne_l_w: arrival '1835-12-31' at 'not_later_than' precision straddles the scene date 1835-07-01 - the household may or may not have been here. Narrow the precision if the evidence allows, and say so in the note if it does not
  WARN  resident household hh_pettit_c: arrival '1835-07-18' at 'not_later_than' precision straddles the scene date 1835-07-01 - the household may or may not have been here. Narrow the precision if the evidence allows, and say so in the note if it does not
  WARN  resident household hh_pixby_warren: arrival '1835-12-31' at 'not_later_than' precision straddles the scene date 1835-07-01 - the household may or may not have been here. Narrow the precision if the evidence allows, and say so in the note if it does not
  WARN  resident household hh_ray_russell: arrival '1835-12-31' at 'not_later_than' precision straddles the scene date 1835-07-01 - the household may or may not have been here. Narrow the precision if the evidence allows, and say so in the note if it does not
  WARN  resident household hh_rhuns_henry: arrival '1835-12-31' at 'not_later_than' precision straddles the scene date 1835-07-01 - the household may or may not have been here. Narrow the precision if the evidence allows, and say so in the note if it does not
  WARN  resident household hh_riffe_pierre: arrival '1835-08-24' at 'not_later_than' precision straddles the scene date 1835-07-01 - the household may or may not have been here. Narrow the precision if the evidence allows, and say so in the note if it does not
  WARN  resident household hh_robi_marguerite: arrival '1835-07-05' at 'not_later_than' precision straddles the scene date 1835-07-01 - the household may or may not have been here. Narrow the precision if the evidence allows, and say so in the note if it does not
  WARN  resident household hh_roi_anne_franoise_virginie: arrival '1835-10-04' at 'not_later_than' precision straddles the scene date 1835-07-01 - the household may or may not have been here. Narrow the precision if the evidence allows, and say so in the note if it does not
  WARN  resident household hh_roi_george_david: arrival '1835-10-04' at 'not_later_than' precision straddles the scene date 1835-07-01 - the household may or may not have been here. Narrow the precision if the evidence allows, and say so in the note if it does not
  WARN  resident household hh_roi_joseph_claude: arrival '1835-10-04' at 'not_later_than' precision straddles the scene date 1835-07-01 - the household may or may not have been here. Narrow the precision if the evidence allows, and say so in the note if it does not
  WARN  resident household hh_rue_john_c: arrival '1835-12-31' at 'not_later_than' precision straddles the scene date 1835-07-01 - the household may or may not have been here. Narrow the precision if the evidence allows, and say so in the note if it does not
  WARN  resident household hh_schwartz_adam: arrival '1835-08-24' at 'not_later_than' precision straddles the scene date 1835-07-01 - the household may or may not have been here. Narrow the precision if the evidence allows, and say so in the note if it does not
  WARN  resident household hh_schwartz_pierre_adam: arrival '1835-08-24' at 'not_later_than' precision straddles the scene date 1835-07-01 - the household may or may not have been here. Narrow the precision if the evidence allows, and say so in the note if it does not
  WARN  resident household hh_shapley_major_l: arrival '1835-12-31' at 'not_later_than' precision straddles the scene date 1835-07-01 - the household may or may not have been here. Narrow the precision if the evidence allows, and say so in the note if it does not
  WARN  resident household hh_shatttuck_walter: arrival '1835-12-31' at 'not_later_than' precision straddles the scene date 1835-07-01 - the household may or may not have been here. Narrow the precision if the evidence allows, and say so in the note if it does not
  WARN  resident household hh_sheff_r: arrival '1835-12-31' at 'not_later_than' precision straddles the scene date 1835-07-01 - the household may or may not have been here. Narrow the precision if the evidence allows, and say so in the note if it does not
  WARN  resident household hh_sherman_rebecca: arrival '1835-08-26' at 'not_later_than' precision straddles the scene date 1835-07-01 - the household may or may not have been here. Narrow the precision if the evidence allows, and say so in the note if it does not
  WARN  resident household hh_smith_lawrence: arrival '1835-10-27' at 'not_later_than' precision straddles the scene date 1835-07-01 - the household may or may not have been here. Narrow the precision if the evidence allows, and say so in the note if it does not
  WARN  resident household hh_spalding_l_f: arrival '1835-12-31' at 'not_later_than' precision straddles the scene date 1835-07-01 - the household may or may not have been here. Narrow the precision if the evidence allows, and say so in the note if it does not
  WARN  resident household hh_spence_james_c: arrival '1835-12-31' at 'not_later_than' precision straddles the scene date 1835-07-01 - the household may or may not have been here. Narrow the precision if the evidence allows, and say so in the note if it does not
  WARN  resident household hh_stewart_james: arrival '1835-12-31' at 'not_later_than' precision straddles the scene date 1835-07-01 - the household may or may not have been here. Narrow the precision if the evidence allows, and say so in the note if it does not
  WARN  resident household hh_story_j_n: arrival '1835-07-04' at 'not_later_than' precision straddles the scene date 1835-07-01 - the household may or may not have been here. Narrow the precision if the evidence allows, and say so in the note if it does not
  WARN  resident household hh_taylor_c: arrival '1835-08-10' at 'not_later_than' precision straddles the scene date 1835-07-01 - the household may or may not have been here. Narrow the precision if the evidence allows, and say so in the note if it does not
  WARN  resident household hh_thompson_o_i: arrival '1835-07-08' at 'not_later_than' precision straddles the scene date 1835-07-01 - the household may or may not have been here. Narrow the precision if the evidence allows, and say so in the note if it does not
  WARN  resident household hh_tony_jacob: arrival '1835-11-09' at 'not_later_than' precision straddles the scene date 1835-07-01 - the household may or may not have been here. Narrow the precision if the evidence allows, and say so in the note if it does not
  WARN  resident household hh_tony_louisa: arrival '1835-11-09' at 'not_later_than' precision straddles the scene date 1835-07-01 - the household may or may not have been here. Narrow the precision if the evidence allows, and say so in the note if it does not
  WARN  resident household hh_trall_e_l: arrival '1835-12-31' at 'not_later_than' precision straddles the scene date 1835-07-01 - the household may or may not have been here. Narrow the precision if the evidence allows, and say so in the note if it does not
  WARN  resident household hh_tranche_marguerite: arrival '1835-07-05' at 'not_later_than' precision straddles the scene date 1835-07-01 - the household may or may not have been here. Narrow the precision if the evidence allows, and say so in the note if it does not
  WARN  resident household hh_trowbridge_g_g: arrival '1835-12-31' at 'not_later_than' precision straddles the scene date 1835-07-01 - the household may or may not have been here. Narrow the precision if the evidence allows, and say so in the note if it does not
  WARN  resident household hh_ulrich_nicholas: arrival '1835-12-31' at 'not_later_than' precision straddles the scene date 1835-07-01 - the household may or may not have been here. Narrow the precision if the evidence allows, and say so in the note if it does not
  WARN  resident household hh_vale_john: arrival '1835-08-05' at 'not_later_than' precision straddles the scene date 1835-07-01 - the household may or may not have been here. Narrow the precision if the evidence allows, and say so in the note if it does not
  WARN  resident household hh_welsh_mary: arrival '1835-10-27' at 'not_later_than' precision straddles the scene date 1835-07-01 - the household may or may not have been here. Narrow the precision if the evidence allows, and say so in the note if it does not
  WARN  resident household hh_welsh_t: arrival '1835-10-27' at 'not_later_than' precision straddles the scene date 1835-07-01 - the household may or may not have been here. Narrow the precision if the evidence allows, and say so in the note if it does not
  WARN  resident household hh_wilton_john_l: arrival '1835-12-31' at 'not_later_than' precision straddles the scene date 1835-07-01 - the household may or may not have been here. Narrow the precision if the evidence allows, and say so in the note if it does not
  WARN  resident household hh_wright_j: arrival '1835-07-11' at 'not_later_than' precision straddles the scene date 1835-07-01 - the household may or may not have been here. Narrow the precision if the evidence allows, and say so in the note if it does not
  WARN  resident household hh_wright_robert_c: arrival '1835-12-31' at 'not_later_than' precision straddles the scene date 1835-07-01 - the household may or may not have been here. Narrow the precision if the evidence allows, and say so in the note if it does not
  WARN  evidence ladder: 24 documented value(s) rest on no source at tier 3 or better — later scholarship only, with no period document, eyewitness recollection or compilation from testimony behind them: structure glessner_house function, structure glessner_house/as_built_1887 documented_range, structure glessner_house/as_built_1887 form.bay_dining, structure glessner_house/as_built_1887 form.bay_dining and 20 more. Either the values are over-graded or the sources are under-tiered; both are research, and regrading a confidence stales a mesh. See docs/STATUS.md § 43
  WARN  site: site/4d/prairie-1904/docs is a page directory with no index.html — the bare URL will 404 on Pages

PASS  0 error(s), 260 warning(s)

[1m== validator self-tests[0m
validator tests

test_date_gate_excludes_later_building:
  pass  1836 building excluded from an 1835 scene
  pass  date gate produces no error for a legitimate exclusion

test_overlapping_phases_are_an_error:
  pass  two phases covering one scene date is a hard error

test_epoch_must_cover_scene_date:
  pass  scene date outside its terrain epoch is an error
  pass  unresolvable terrain epoch is an error

test_review_required_blocks_release:
  pass  review_required blocks a scene from being released

test_a_flagged_household_blocks_release:
  pass  a flagged household blocks a scene from being released
  pass  a flagged PERSON blocks a scene from being released
  pass  an unflagged household does not block release

test_exclusions_cannot_contradict_the_dataset:
  pass  a structure both excluded and resolving into the scene is an error

test_an_exclusion_expires_at_its_own_earliest_scene:
  pass  an 1837 building is legitimately excluded from an 1835 scene
  pass  the same entry excluded from its own earliest scene is an error
  pass  a scene that does not list `exclusions` is not held to the 1835 town's record

test_exclusions_carry_a_reason_and_a_citation_that_resolves:
  pass  a named, reasoned, cited exclusion passes
  pass  a citation that resolves in no source record is an error
  pass  excluding a structure with no citation at all is an error
  pass  an exclusion with no stated reason is a deletion, and an error

test_the_watch_list_stops_a_promotion_it_only_used_to_ask_for:
  pass  an open question on an inferred claim passes
  pass  the same claim promoted to documented is an error
  pass  an entry in the dataset that does not name the claim carrying the doubt fails
  pass  carried_by naming a phase the record does not have is an error
  pass  carried_by naming something that is not a graded claim is an error
  pass  declaring in_dataset with no such record is an error
  pass  a committed record the entry still calls unbuilt is an error
  pass  a citation that resolves in no source record is an error
  pass  no sources and no stated reason for having none is an error
  pass  no sources WITH the reason stated passes
  pass  a dossier file that is not committed is an error
  pass  a dossier anchor that is not in the file is an error
  pass  an entry with no question at all is an error
  pass  an id that is both excluded and an open question is an error
  pass  carried_by naming a claim the provenance card renders no section for is an error
  pass  carried_by naming a block that carries no confidence of its own is an error
  pass  carried_by naming the footprint, which the card does render, passes
  pass  every claim the map pairs with a card section is one the card reads

test_confidence_contract:
  pass  documented without a source is an error
  pass  documented citing an unresolvable source is an error
  pass  derived without stated reasoning is an error
  pass  derived with reasoning passes
  pass  inferred citing the source that bounds it is fine
  pass  inferred without stated reasoning is still an error

test_wide_range_rule_targets_guesses_not_facts:
  pass  a documented 20-year span does not warn (the Sauganash stood that long)
  pass  an undocumented 40-year span warns
  pass  a reversed range is an error

test_presence_is_held_to_the_confidence_contract:
  pass  a documented span with no source is an error
  pass  a documented span citing a resolving source passes
  pass  an inferred span with reasoning and no source passes

test_the_card_is_fed_the_claims_it_renders:
  pass  the 1835 scene has sidecars to check
  pass  the card reads documented_range
  pass  every 1835 sidecar carries documented_range
  pass  the card reads change_note
  pass  every 1835 sidecar carries change_note
  pass  the card reads placement.position_note
  pass  every 1835 sidecar carries placement.position_note
  pass  the card reads placement.position_sources
  pass  every 1835 sidecar carries placement.position_sources
  pass  the card reads placement.position_confidence
  pass  every 1835 sidecar carries placement.position_confidence
  pass  every 1835 sidecar states a dated span and how sure it is

test_liberties_cover_inferred_inventions:
  pass  an inferred footprint with no liberty at all is an error
  pass  an inferred position with no liberty at all is an error
  pass  claiming the footprint and the placement satisfies the check
  pass  prose about footprints and placement does not cover them — only a claim does
  pass  the error says which liberties do name the building
  pass  the error shows the Covers token that would fix it
  pass  a phase-scoped claim does not silently cover a sibling phase
  pass  a structure-scoped claim covers every phase that drew that aspect
  pass  a claim against a structure that does not exist is an error
  pass  a claim against a phase that does not exist is an error
  pass  claiming an invention that the data no longer contains is an error
  pass  the same claim under Resolved is not an error — evidence is allowed to arrive
  pass  an empty liberties file is an error, not a silent pass

test_liberties_cover_invented_form:
  pass  an inferred form attribute with no claim is an error
  pass  owning up to the geometry does not cover what the record says the building was
  pass  the error shows the form token that would fix it
  pass  claiming the form attribute satisfies the check
  pass  a documented form attribute is never required to be claimed
  pass  claiming an attribute that is not inferred is an error

test_geometry_declaration_is_required_for_unread_attributes:
  pass  an attribute the archetype never reads must declare what the mesh does
  pass  an attribute the archetype does read needs no declaration
  pass  declaring geometry on an attribute the archetype builds is an error
  pass  admitting to omitting a value the record says is false is an error
  pass  a rejected reading declares record_only and passes
  pass  a geometry state outside the vocabulary is an error
  pass  an archetype with no declared CONSUMED set is skipped, not indicted

test_liberties_cover_omissions_and_simplifications:
  pass  an attested feature the mesh omits with no liberty is an error
  pass  a value a fixed default stands in for is an error too
  pass  the error says the model does not show what the record states
  pass  a rejected reading owes no admission
  pass  an attribute the archetype builds owes no admission
  pass  claiming both discharges them
  pass  claiming to have omitted something that is built is an error
  pass  with no CONSUMED map the omission rule reports nothing rather than guessing

test_liberties_cover_what_the_ground_invents:
  pass  an inferred bank face with no liberty at all is an error
  pass  an inferred swale with no liberty at all is an error
  pass  the error quotes the token that would discharge it
  pass  a documented ground claim owes no admission
  pass  claiming both ground inventions satisfies the check
  pass  a claim against another epoch does not discharge this one's invention
  pass  and the claim against an epoch that is not committed is itself an error
  pass  claiming to have invented a documented ground claim is an error
  pass  a resolved entry may keep a claim the evidence has settled
  pass  a claim on a block the spec does not grade is an error
  pass  a ground admission does not cover a building's invented outline
  pass  and the ground's own claims stay discharged while it fails
  pass  with no terrain index the ground rule reports nothing rather than guessing

test_the_checked_ground_is_the_ground_on_the_panel:
  pass  the index is built off the compiler the panel renders from
  pass  a zone added to the spec is owed an admission the day it appears
  pass  and the gate demands it by name

test_the_committed_ground_admits_to_everything_it_invents:
  pass  the committed terrain states inventions a visitor walks on
  pass  and docs/LIBERTIES.md admits to every one of them

test_archetypes_declare_what_they_consume:
  pass  every params module declares a CONSUMED set
  pass  the shipped archetypes are covered
  pass  the sets name real parameters, not prose

test_consumed_attributes_actually_reach_the_parameters:
  pass  every consumed attribute the records state changes the parameters
  pass  the check had real attributes to exercise
  pass  an attribute the resolver ignores does not move the parameters
  pass  an attribute the resolver reads does

test_covers_field_parses_to_claims:
  pass  a two-segment token covers the structure, not one phase
  pass  a three-segment token names its phase
  pass  well-formed tokens report no problems
  pass  a form token keeps its prefix as part of the aspect
  pass  a form token without a phase covers the structure
  pass  well-formed form tokens report no problems
  pass  a terrain token parses into the terrain domain, not into a structure
  pass  a ground claim keeps the group its id carries
  pass  well-formed terrain tokens report no problems
  pass  both domains round-trip to the text the document wrote
  pass  a terrain token without an epoch is reported, not read as a structure
  pass  a terrain token naming no claim is reported
  pass  an aspect outside the vocabulary is reported
  pass  a bare structure id is reported
  pass  prose in a Covers field is reported, not silently parsed
  pass  a Covers field that claims nothing is reported

test_mesh_input_hash_tracks_geometry_not_prose:
  pass  rewriting a note does not make a mesh stale
  pass  a geometry declaration does not make a mesh stale
  pass  adding a source citation does not make a mesh stale
  pass  the phase's own prose does not make a mesh stale
  pass  a value the archetype reads makes the mesh stale
  pass  a confidence change makes the mesh stale, because it is shaded into the geometry
  pass  a redrawn footprint makes the mesh stale
  pass  renaming an attribute to the name the archetype reads is a rebuild
  pass  the derived properties are inside the hash

test_manifest_declares_the_scheme_the_generators_compute:
  pass  the committed manifest was stamped under the current scheme

test_ground_contact_measures_the_whole_outline:
  pass  a building on flat ground lands
  pass  a building whose far corner hangs over a drop does not land

test_ground_contact_tolerance_is_the_step_up_rule:
  pass  a step a person could take is not a finding
  pass  a step a person could not take is

test_ground_contact_of_a_crossing_is_its_deck:
  pass  a deck 2.22 m over banks 1.0 m high does not land
  pass  the same deck at bank height lands, and the water between is not counted

test_ground_contact_declaration_is_checked_both_ways:
  pass  a structure standing off the ground and saying nothing is an error
  pass  declaring it satisfies the check
  pass  declaring it while sitting on the ground is an error too
  pass  a state with no reasoning is an error

test_ground_contact_owes_the_liberties_document_an_entry:
  pass  a structure that reaches no ground and no liberty saying so is an error
  pass  claiming it satisfies the check
  pass  claiming a landing that is fine is an over-claim

test_sidecar_shape_includes_only_indexed_structure_versions:
  pass  a version-only emitted field joins the structure-sidecar contract
  pass  unlisted alternates and other derived documents cannot mask missing fields
  pass  removing the alternate's emitted field removes it from the contract
  pass  scenes without alternate versions retain their ordinary contract

test_the_renderer_cannot_read_a_sidecar_field_the_compiler_never_writes:
  pass  a field the compiler writes is read without complaint
  pass  a field no sidecar carries is caught
  pass  a name bound to a sidecar block is followed into its fields
  pass  resolution stops at a value rather than reading into it
  pass  reusing a name bound to a value cannot invent a missing field
  pass  a chain read straight off record.sidecar needs no binding
  pass  a field named in a comment is not a read of it
  pass  the scan still finds the renderer's real reads
  pass  the popup asks the sidecar whether the building was here
  pass  and no longer asks it whether the mesh is a placeholder

test_the_ground_is_held_to_the_rules_a_record_answers_to:
  pass  a cited documented claim passes
  pass  a citation that resolves in no source record is an error
  pass  documented with no source is an error, as it is on a record
  pass  a land elevation claiming to be documented is an error
  pass  inferred with no reasoning is an error, as it is on a record
  pass  inferred with reasoning passes
  pass  a zone nobody has heard of is checked the day it is added

test_the_panel_shows_what_the_spec_grades:
  pass  the committed spec yields claims
  pass  the water plane is documented and the bank face is not
  pass  a block that grades itself under another key is not dropped
  pass  a claim carries the spec's own figures and not its geometry
  pass  the compiled ground doc carries the spec's caveat verbatim
  pass  and the relief a visitor is told about is measured, not asserted

test_writing_a_ground_claims_reasoning_costs_no_bake:
  pass  the committed spec really does carry prose (else this proves nothing)
  pass  and none of it survives into the input document
  pass  the copy hashes the same as the epoch it was copied from
  pass  rewriting every note, caveat and citation in the spec changes it
  pass  ...and the ground does not go stale for it
  pass  nor for a note rewritten on a traced bank line
  pass  moving the bank face by a metre DOES stale the ground
  pass  and a zone nobody had heard of is a mesh input the day it is added

test_the_ground_must_say_what_it_does_not_build:
  pass  a stated figure the generator never reads, undeclared, is an error
  pass  a figure the generator does read owes no declaration
  pass  and a declared one is accepted
  pass  a declaration outside the vocabulary is an error
  pass  declaring an omission over a figure the ground IS built from is an error
  pass  a graded block CONSUMED says nothing about is an error, not a pass

test_an_unbuilt_ground_figure_owes_the_document_an_admission:
  pass  a soil the ground is not made of, unclaimed, is an error
  pass  a record_only figure owes the document nothing
  pass  claiming it satisfies the check
  pass  claiming a block that is neither invented nor unbuilt is still an error

test_declared_terrain_reads_are_real_reads:
  pass  every key declared consumed is actually read by the generator
  pass  the scan can tell the difference (it is a regex, so prove it can fail)

test_terrain_prose_is_not_read_by_the_generator:
  pass  no generator reads a key the terrain hash strips
  pass  the scan can see a read at all (it is a regex, so prove it fires)

test_a_restatement_is_held_to_the_half_it_restates:
  pass  a crest that stopped matching the level the ramp is built to is an error
  pass  and agreeing passes
  pass  a water surface the committed ground does not have is an error
  pass  and the committed zero passes
  pass  declaring the state with no named second half is an error
  pass  a restatement declared as something that owes nothing is an error

test_a_prose_restatement_is_pinned_to_the_line_it_describes:
  pass  the ease-out the spec describes is in the generator
  pass  a line that is not there is an error
  pass  a phrase that lives only in a comment does not satisfy the scan
  pass  stripping comments leaves string literals alone
  pass  and leaves the line structure where it was

test_a_placement_is_recomputed_from_its_control:
  pass  a corner lot standing on both frontages passes
  pass  the same building 3 m off its frontage is an error
  pass  a building rotated onto its lot passes
  pass  the unrotated origin at the same coordinate is an error
  pass  coordinates with no derivation at all is an error
  pass  not_derivable without a reason is an error
  pass  not_derivable WITH a reason passes
  pass  a control that does not resolve is an error
  pass  a kerb on the wrong axis of its street is an error
  pass  control with no node ids and no stated gap is an error
  pass  the same control saying so passes
  pass  node ids with no street names to re-derive the set from is an error
  pass  node ids with no lat/lon is an error
  pass  a deck landing on both traced banks passes
  pass  a deck a metre short of the bank is an error
  pass  a variance from control that is not the declared one is an error
  pass  a declared variance with nothing explaining it is an error
  pass  a front wall on a skew street's corridor line passes
  pass  the same wall declaring a setback 2 m off what it measures is an error
  pass  a house at the right distance with its BACK to the street is an error
  pass  …and the same house declaring the wall that does face it passes
  pass  a frontage on a street the streets layer does not carry is an error
  pass  a frontage on a street with no path to stand off is an error
  pass  a compass direction is not one of the building's four walls
  pass  a frontage with no setback is an error — the setback is the claim
  pass  not_derivable carrying a frontage is an error

test_the_module_is_held_to_the_sheets_it_was_measured_off:
  pass  a measurement whose metres come out of its pixels passes
  pass  a width edited away from its own pixels is an error
  pass  a summary that no longer matches its readings is an error
  pass  a source the measurement cites and the repository does not have is an error
  pass  a corridor with less open ground in it than a block face is an error
  pass  a corridor committed without the reading that classified it is an error
  pass  a corridor whose shorter boundary stops before a block face is an error
  pass  a file that states no method cannot hold its corridors to one
  pass  a corridor named after the street its control lands on passes
  pass  a name whose offset does not come back out of the pixels is an error
  pass  a name given to a corridor further off than the method allows is an error
  pass  a corridor named after a street that runs ALONG the traverse is an error
  pass  a name resting on control the repository does not have is an error
  pass  a control point moved since it was measured is an error
  pass  a datum exposure priced against a pixel that has moved is an error
  pass  a module the sheets exclude is an error even when the file is otherwise clean

test_the_ladder_is_read_from_the_schema_and_covers_every_rung:
  pass  every rung the schema validates has words for it
  pass  the rungs read as the schema writes them
  pass  a ladder missing a rung the schema accepts raises

test_a_documented_value_may_not_rest_on_a_retrospective_alone:
  pass  documented on a tier-5 reconstruction alone is an error
  pass  a second retrospective is not corroboration up the ladder
  pass  a period source with a retrospective cross-check is not an error
  pass  a retrospective may still carry a value to inferred

test_an_outline_is_not_traced_from_a_picture:
  pass  an inferred footprint citing a tier-5 picture is an error
  pass  a position from the same map is not an error

test_a_source_may_not_declare_a_use_its_rung_does_not_support:
  pass  asset_use geometry on a tier-5 source is an error

test_documented_on_later_scholarship_alone_is_counted_not_failed:
  pass  documented on tier 4 alone warns rather than fails
  pass  and it is counted and named
  pass  a compilation from pioneer testimony clears it

test_the_ground_is_held_to_the_same_ladder:
  pass  a documented ground claim on a tier-5 source alone is an error

test_the_card_says_what_a_tier_is:
  pass  a joined citation carries its rung in words
  pass  the committed sidecar ships the label the card renders

test_a_rung_belongs_to_a_document_not_to_the_page_that_reprints_it:
  pass  a page claiming a testimony rung and declaring nothing is an error
  pass  the same page at tier 4 is unread rather than wrong
  pass  and it is counted rather than ignored
  pass  declaring the document it carries clears it

test_the_tier_is_derived_from_the_declaration_and_not_typed_beside_it:
  pass  a rung better than anything it transcribes is an error
  pass  and so is a rung worse than one, because apparatus does not go here
  pass  the best rung is what the record claims

test_a_declaration_says_what_the_document_carries:
  pass  a declaration naming no claim is an error
  pass  and a document dated by when we fetched it is not placed on the ladder at all

test_a_page_that_was_read_and_reprints_nothing_says_so:
  pass  a page read and found to carry nothing is not an error
  pass  and it is counted apart from the unread ones
  pass  a testimony rung over a page that reprints nothing is an error
  pass  and a page cannot both reprint a document and reprint none
  pass  a record that IS its document is describing the wrong page

test_a_record_that_dates_a_document_needs_no_declaration:
  pass  a record dating its document rather than its fetch is outside the rule

test_a_field_written_for_a_reader_has_to_reach_one:
  pass  the well-formed case passes
  pass  a schema field in neither half of the partition fails
  pass  and a partition naming a field the schema dropped fails too
  pass  a visitor-facing field no compiled citation carries fails
  pass  a visitor field no record carries yet is not an error
  pass  a citation shipping a field declared internal fails
  pass  a field compiled into the citation and never rendered fails
  pass  a field named only in a comment is not rendered

test_a_derived_document_is_an_interface_too:
  pass  the well-formed case passes
  pass  a field compiled and never read fails
  pass  a declared root reading a field the document lacks fails
  pass  a field declared internal that the module does read fails
  pass  a partition naming a field the compiler dropped fails
  pass  a field named only in a comment is not rendered
  pass  a root bound where the document has nothing fails
  pass  the shape is unioned over every committed copy

test_a_place_relationship_is_plural_dated_and_cannot_drift:
  pass  a plural dated relationship that agrees with the singular link passes
  pass  the singular link may not drift from the plural one
  pass  a street rung on a committed roof is refused
  pass  a relationship that had not started by the scene date is refused
  pass  a row dating neither end must say so
  pass  an undeclared kind is refused on a person as well as a household

test_a_resident_who_arrived_after_the_scene_date_is_not_in_the_scene:
  pass  an arrival after the scene date is an error
  pass  a year-precision arrival wholly after the scene date is an error
  pass  an arrival straddling the scene date warns rather than fails
  pass  an arrival before the scene date passes
  pass  either_of_two_days bounds the value and the day after it
  pass  an either_of_two_days arrival before the scene date passes
  pass  an either_of_two_days arrival whose later day is the scene date passes
  pass  an either_of_two_days arrival straddling the scene date warns

test_the_accuracy_grade_is_a_closed_vocabulary_and_recommended_is_gone:
  pass  a grade of 'recommended' names the rename
  pass  an unknown grade is an error
  pass  grade 'attested' is accepted
  pass  grade 'inferred' is accepted
  pass  grade 'reconstructed' is accepted
  pass  a reconstructed person without a name_basis is an error
  pass  an invented name cannot claim to be attested
  pass  an attested person may not carry a name_basis

test_a_reconstructed_person_shows_its_working:
  pass  a reconstructed person without a basis is an error
  pass  a person drawn from a model with no seed is an error
  pass  a person argued from a rule may not carry a seed
  pass  a reconstruction with no replacement rule is an error
  pass  a reconstructed person no programme stage claims is an error
  pass  a Metis reconstruction outside its own stage is an error
  pass  a Native reconstruction without its review is an error
  pass  ...and passes in its own stage, carrying the review
  pass  an attested person owes no basis, seed or replacement rule

test_each_grade_owes_what_it_claims:
  pass  a documented person with no source is an error
  pass  a person citing an unresolvable source is an error
  pass  a derived person with no reasoning is an error
  pass  an inferred person with no reasoning is an error
  pass  an inferred person citing a source warns

test_a_resident_points_at_a_real_building_or_at_nothing:
  pass  works_at naming a structure that does not exist is an error
  pass  a person-level link is held to the same rule
  pass  a null link with no note is an error
  pass  a null link with a note passes

test_a_role_is_dated_and_the_1835_field_is_only_their_view:
  pass  a trade with no roles[] behind it is an error
  pass  view keys with no roles[] behind them are an error
  pass  a view that does not say it is derived is an error
  pass  a role that does not reach the scene date may not fill the scene-date field
  pass  …and with the field emptied it passes
  pass  a second role covering the scene date may not be dropped from the view
  pass  …and naming both of them passes
  pass  a role with no bound may not claim a precision
  pass  one end of a bound without the other is an error
  pass  a role that cites no source is an error
  pass  a scene-date role moored to nothing the person cites is an error
  pass  …and a LATER role on a volume the person does not cite is fine
  pass  a kind outside the vocabulary is an error
  pass  a role outside the period-correct vocabulary is an error
  pass  a withdrawal standing beside a live trade is an error
  pass  a role with an empty place is an error
  pass  a role with an empty employer_or_body is an error
  pass  a role filling a view its evidence does not reach is an error
  pass  …and one that reaches it without standing in it is legal, and empties the field
  pass  a withdrawal with no verdict is an error

test_a_household_is_a_household:
  pass  two heads is an error
  pass  a head who is not in the household is an error
  pass  the same person id in two households is an error
  pass  an occupation outside the period-correct vocabulary is an error

test_presence_and_the_removal_flag_are_claims_that_owe_reasoning:
  pass  an uncertain presence with no note is an error
  pass  a presence outside the vocabulary is an error
  pass  a household touching the removal must block release

test_the_residents_manifest_cannot_drift_from_its_records:
  pass  a manifest head disagreeing with the record is an error
  pass  a manifest person count disagreeing with the records is an error
  pass  a manifest grade tally disagreeing with the record is an error
  pass  a manifest that under-declares the arrival precisions is an error
  pass  a manifest entry pointing at a missing file is an error
  pass  a researched-and-excluded person owes a reason, a note and resolving sources
  pass  a reciprocal half-brother pair passes, so a firing below means something
  pass  a kinship written on one record and not the other is an error
  pass  a HALF brother whose mirror row says plain brother is an error
  pass  a relation outside the declared set - one whose inverse is unknown - is an error
  pass  a kin row whose person is not in its own household is an error
  pass  a kin row naming somebody who is not in the far household is an error
  pass  a kin row pointing at a household that does not resolve is an error
  pass  a kin row whose household is None is refused as an outside-the-town relative, in the ruling's own terms
  pass  a kin row whose household is '' is refused as an outside-the-town relative, in the ruling's own terms
  pass  a kin row whose household is '   ' is refused as an outside-the-town relative, in the ruling's own terms
  pass  that refusal is the ONLY thing said about the row - it does not also report a household that failed to resolve, which would send a run off to mint one
  pass  a kin row pointing at its own household is an error
  pass  a husband whose mirror row says wife passes
  pass  a husband whose mirror row also says husband is an error
  pass  a father whose mirror row says son passes
  pass  a mother whose mirror row says daughter passes
  pass  a father whose mirror row also says father - a one-way claim - is an error
  pass  a son whose mirror row says wife is an error
  pass  a manifest that under-declares the kin relations is an error

test_a_species_says_which_side_of_the_waterline_it_stands_on:
  pass  the cattail as recorded is legal
  pass  an emergent that does not say where it roots is an error
  pass  a substrate outside the published vocabulary is an error
  pass  a floating-leaved aquatic is legal in a zone that reaches the water
  pass  the same aquatic in a zone that never reaches water is an error
  pass  a water buffer that starts on the bank does not count as water either

test_a_planting_is_scoped_to_the_scene_it_states:
  pass  the committed manifest's scopes are legal
  pass  an 1835 planting with no scope is refused
  pass  a zone scoped to a scene that does not exist is refused
  pass  an empty scope is refused rather than read as everywhere

test_real_dataset_passes:
  --  the committed dataset validates clean: carried by check.sh's own `validate.py --all` step, a superset of this run, so not run twice

PASS — all checks green

[1m== structure versions: no mesh, a stale mesh and a refused label are each red (T-1727)[0m [2m(self-test: the assertions below are meant to fire)[0m
   self-test |    self-test | ok   label 'v1' is accepted
   self-test |    self-test | ok   label 'v2' is accepted
   self-test |    self-test | ok   label 'b' is accepted
   self-test |    self-test | ok   label 'hall-plan' is accepted
   self-test |    self-test | ok   label 'fixture' is accepted
   self-test |    self-test | ok   label 'pre-v2' is accepted
   self-test |    self-test | ok   label 'a1-b2' is accepted
   self-test |    self-test | ok   label '' is refused (empty)
   self-test |    self-test | ok   label 'V1' is refused (upper case)
   self-test |    self-test | ok   label 'hall_plan' is refused (underscore)
   self-test |    self-test | ok   label '-v1' is refused (leading hyphen)
   self-test |    self-test | ok   label 'v1-' is refused (trailing hyphen)
   self-test |    self-test | ok   label 'aaaaaaaaaaaaaaaaaaaaaaaaa' is refused (too long)
   self-test |    self-test | ok   label 'default' is refused (reserved)
   self-test |    self-test | ok   the vendor/model-name refusal is armed (18 digests)
   self-test |    self-test | ok   a label with a refused name inside it is refused, wherever the name sits
   self-test |    self-test | ok   a claimed version-only form attribute is admitted without changing the default
   self-test |    self-test | ok   reverse coverage finds a phase belonging only to the version, not the first default
   self-test |    self-test | ok   a phase absent from both default and version is still refused
   self-test |    self-test | ok   an invented admission with no value in any record is still refused
   self-test |    self-test | ok   a version-only invention without an admission is still refused
   self-test |    self-test | ok   a version-only attested built value does not excuse an invented-value over-claim
   self-test |    self-test | ok   a declared omission belonging only to a version honours its admission
   self-test |    self-test | ok   a measured ground-contact gap belonging only to a version honours its admission
   self-test |    self-test | ok   the default has no v4 detail or texture dependency
   self-test |    self-test | ok   changing the v4 detail module stales v4
   self-test |    self-test | ok   changing the v4 detail module leaves the default fresh
   self-test |    self-test | ok   changing the v4 material module stales v4
   self-test |    self-test | ok   changing the v4 material module leaves the default fresh
   self-test |    self-test | ok   changing the v4 PNG map stales v4
   self-test |    self-test | ok   changing the v4 PNG map leaves the default fresh
   self-test |    self-test | ok   changing the v4 JPEG map stales v4
   self-test |    self-test | ok   changing the v4 JPEG map leaves the default fresh
   self-test |    self-test | ok   changing the v4 texture recipe stales v4
   self-test |    self-test | ok   changing the v4 texture recipe leaves the default fresh
   self-test |    self-test | ok   same-version light master/recipe/output chain is fresh
   self-test |    self-test | ok   changing version master refuses the stale light derivative
   self-test |    self-test | ok   changing light output refuses the stale light derivative
   self-test |    self-test | ok   changing light producer recipe refuses the stale light derivative
   self-test |    self-test | ok   changing light geometry recipe refuses the stale light derivative
   self-test |    self-test | ok   changing light source record refuses the stale light derivative
   self-test |    self-test | ok   changing light detail geometry refuses the stale light derivative
   self-test |    self-test | ok   a missing light recipe input is a diagnostic failure, not a traceback
   self-test |    self-test | ok   a missing light record cannot be accepted
   self-test |    self-test | ok   a missing light output cannot be accepted
   self-test |    self-test | ok   v2/v3 and similarly named v40 have no implicit LOD
   self-test |    self-test | ok   promoted v4 keeps its declared light asset
   self-test |    self-test | ok   the committed versions validate clean (so every red below is its mutation's)
   self-test |    self-test | ok   a version with NO MESH is red
   self-test |    self-test | ok   a version whose record changed under its mesh is STALE and red
   self-test |    self-test | ok   a version whose derivative is not of its master is red
   self-test |    self-test | ok   a mesh with no version record behind it is red
   self-test |    self-test | ok   a file that is not versions/<id>/<label>.json is red
   self-test |    self-test | ok   a label outside the rule is red
   self-test |    self-test | ok   a version of a structure that does not exist is red
   self-test |    self-test | ok   a version carrying another structure's id is red
   self-test |    self-test | ok   a version block naming another label is red
   self-test |    self-test | ok   a version with an empty summary is red
   self-test |    self-test | ok   a version citing a source that does not exist is red (the provenance pass reaches it)
   self-test |    self-test | ok   a version no scene resolves is red
   self-test |    self-test | 0 failure(s)

[1m== …the address bar swaps one committed version and falls back ALOUD on every miss (T-1727)[0m [2m(self-test: the assertions below are meant to fire)[0m
   self-test |    self-test | ok   the committed versions index lists the smoke fixture, marked as a test fixture
   self-test |    self-test | ok   no ?version= asks for nothing and fetches nothing
   self-test |    self-test | ok   ?structure= alone asks for nothing yet (reserved for opening a structure)
   self-test |    self-test | ok   a committed label swaps exactly that structure, and names its sidecar
   self-test |    self-test | ok   …fetching only the versions index, once
   self-test |    self-test | ok   …and the HUD chip names the version and says it is a test fixture
   self-test |    self-test | ok   version=default shows the canonical record and the chip says so, with no fetch
   self-test |    self-test | ok   ?version=fixture falls back to the default and SAYS so
   self-test |    self-test | ok   ?structure=no_such_house&version=v1 falls back to the default and SAYS so
   self-test |    self-test | ok   ?structure=Bad-Id!&version=v1 falls back to the default and SAYS so
   self-test |    self-test | ok   ?structure=bates_auction_room&version=zzz falls back to the default and SAYS so
   self-test |    self-test | ok   ?structure=bates_auction_room&version=Hall_Plan falls back to the default and SAYS so
   self-test |    self-test | ok   ?structure=sauganash_hotel&version=v2 falls back to the default and SAYS so
   self-test |    self-test | ok   an unreadable versions index falls back to the default and says why
   self-test |    self-test | ok   v4 full keeps its high asset and BOTH lower tiers select its declared derivative
   self-test |    self-test | ok   a default, v3, unrelated structure or missing LOD retains its ordinary asset
   self-test |    self-test | ok   the promoted default uses its own light asset in both lower tiers
   self-test |    self-test | ok   LOD uses the published gltf address, the source web address, and respects explicit asset bases
   self-test |    self-test | ok   returning to the displayed tier discards an in-flight replacement without any commit
   self-test |    self-test | ok   the newest pending tier wins; its predecessor is disposed before it becomes visible
   self-test |    self-test | ok   a failed replacement keeps the visible tier and reports requested and retained detail
   self-test |    self-test | ok   the same failed request can be retried successfully
   self-test |    self-test | ok   retiring an asset disposes its unique source geometry, material, textures and bitmap exactly once
   self-test |    self-test | ok   a light boot fetches only the light GLB while retaining canonical sidecar and version identity
   self-test |    self-test | ok   switching caches each fetched byte stream but reparses fresh material owners every time
   self-test |    self-test | ok   a 200 response with corrupt GLB bytes is evicted so a later retry fetches repaired data
   self-test |    self-test | 0 failure(s)

[1m== …and promote_version.mjs makes a version the default in one diff, reversibly (T-1727)[0m [2m(self-test: the assertions below are meant to fire)[0m
   self-test |    self-test | ok   a label with no version record is refused
   self-test |    self-test | ok   a --keep-as that breaks the label rule is refused
   self-test |    self-test | ok   …and a refusal moved nothing
   self-test |    self-test | ok   --dry-run lists the moves and changes nothing
   self-test |    self-test | ok   the promotion runs
   self-test |    self-test | ok   the version is now the canonical record, without its version block
   self-test |    self-test | ok   the old default is kept as version pre-v2, labelled and summarised
   self-test |    self-test | ok   the promoted version file is gone
   self-test |    self-test | ok   the meshes swapped places — master and derivative both
   self-test |    self-test | ok   the emptied version mesh directories are removed
   self-test |    self-test | ok   the build records moved with the meshes, hashes intact
   self-test |    self-test | ok   promoting the kept default straight back works
   self-test |    self-test | ok   …and restores the original canonical record byte for byte (90.0 stays 90.0)
   self-test |    self-test | 0 failure(s)

[1m== reconciled PRs preserve resident identities and refuse back-projected trades[0m
....
----------------------------------------------------------------------
Ran 4 tests in 0.042s

OK

[1m== book page indexes still match the text they index[0m
  hubbard_autobiography_1911 — 226 leaves, 207 aligned, 179 folios read off the page
  fergus_26_29 — 858 leaves, 624 aligned, 194 folios read off the page
  porter_hh_short_autobiography_1915 — 70 leaves, 62 aligned, 26 folios read off the page
  page index: OK

[1m== …and its own assertions still fire when broken[0m [2m(self-test: the assertions below are meant to fire)[0m
   self-test |   caught: a text that is not the one indexed
   self-test |   caught: a leaf whose folio contradicts the printed run
   self-test |   caught: line numbers that run backwards
   self-test |   caught: a folio carried onto a leaf that never printed one
   self-test |   caught: a folio source on a leaf with no folio
   self-test |   self-test: OK

[1m== the traces' remote sources are pinned, and the readings record those pins[0m
OK   5 pinned source region(s); 5 region sha(s) recorded by the readings they stand under; 7 manifest step(s) can reach the network — 5 pinned, 2 offline on the command the manifest runs
     NOTE wright_1834_forks: upstream no longer serves the pinned bytes (checked 2026-09-19) — the reading stands and is recorded as un-re-derivable from the live source

[1m== …and its own assertions still fire when broken[0m [2m(self-test: the assertions below are meant to fire)[0m
   self-test | FAIL: 2 problem(s) with the pinned sources
   self-test |   * data/terrain/epochs/e1834_harbor_cut/hydrology.geojson, data/terrain/epochs/e1834_harbor_cut/river.geojson records region sha 3eae241663a2f252, which is not pinned — the committed reading was made from bytes the register does not name
   self-test |   * wright_1834_forks: pinned 0000000000000000, which no file under stands_under records — the pin has drifted off its reading
   self-test | FAIL: 1 problem(s) with the pinned sources
   self-test |   * wright_1834_north_branch_reach: no byte count
   self-test | FAIL: 1 problem(s) with the pinned sources
   self-test |   * wright_1834_forks: two pins for the same region [868, 1252, 1120, 1120]
   self-test | FAIL: 1 problem(s) with the pinned sources
   self-test |   * wright_1834_south_branch_reach: read_by names tools/a_tool_that_is_not_here.py, which does not exist
   self-test | OK: the pinned-source assertions fire when the register or the bytes are wrong

[1m== the traced forks still carry what their generator writes[0m
OK   both files carry the literals tools/trace_river.py writes (measured values need --check)

[1m== the traced South Branch still carries what its generator writes[0m
OK   data/terrain/epochs/e1834_harbor_cut/branches.geojson matches tools/trace_south_branch.py literals (6 features, splice row 2372)

[1m== the South Branch below Twelfth still carries what its generator writes[0m
OK south_branch_below_twelfth.geojson: 85 vertices a bank, N -2110.0 to past -3800.0, channel 23.4-67.2 m

[1m== the pre-fill lake shore below Twelfth still carries what its generator writes[0m
OK lake_shore_below_twelfth.geojson: 82 vertices, N -2159.9 to past -3800.0, E 1298.9-1689.2, seam step -48.6 m against 107.0 m of documented erosion

[1m== dated shorelines stay separate and source disagreement stays a band[0m
OK 1812, 1835 and 1880s resolve to separate shoreline states and 1904 to the 1880s one; the 1834/1849 spread remains an unresolved 50.0-134.4 m band; the 1812 shore re-derives, carries no pier and adopts a reading; 1904 is bounded by 1886 and 1911 and its scene line says it is reconstructed

[1m== …and shoreline-state assertions still fire when collapsed[0m [2m(self-test: the assertions below are meant to fire)[0m
   self-test | OK duplicate dated state ids fail
   self-test | OK the 1904 state taking the 1835 geometry fails
   self-test | OK promoting the 1911 sheet from a bound to the 1904 line fails
   self-test | OK dropping the 1886 bound fails
   self-test | OK the 1904 scene line claiming inferred fails
   self-test | OK averaging the 1886/1911 spread fails
   self-test | OK hand-editing the derived 1812 shore fails
   self-test | OK averaging the 1812 mouth to a midpoint fails
   self-test | OK carrying a drafted pier vertex into 1812 fails
   self-test | OK calling the traced 1812 state planned fails
   self-test | OK collapsing the spread to a line fails
   self-test | OK editing the band away from its readings fails

[1m== the 1812 pre-cut shore still re-derives from its readings (T-1242)[0m
OK the 1812 shore re-derives from its readings and the 1834 trace

[1m== the Harrison 1830 cross-check still measures what the 1812 shore quotes (T-1286)[0m
OK data/terrain/1812_harrison_cross_check.json re-measures from the committed lines

[1m== the 1812 evacuation route and battle zone re-derive from their readings (T-0470)[0m
ok: data/terrain/1812_evacuation_route.geojson re-derives from its readings

[1m== the Whistler 1808 reading of the first fort still adds up (T-2048)[0m
OK: Whistler 1808 at 4.52 px/ft off the 75 ft staff; 34 index numbers — 10 located, 14 not_located, 2 omitted_by_drafter, 8 sheet_only; 14 first-fort records built from it, 7 outside the stockade (T-2062)

[1m== the 1880s scene date re-derives from its readings, and nothing has drifted off it[0m
OK the 1880s scene date is 1888-07-01, re-derived from the Glessner House bound; e1871_postfire carries it and shore_1880s_ic_edge records superseding it for 1904; scene 1904 renders the epoch at 1904-07-01

[1m== …and its own assertions still fire when broken[0m [2m(self-test: the assertions below are meant to fire)[0m
   self-test | OK a hand-edited adopted date fails
   self-test | OK weakening the Glessner bound stops deriving the adopted date
   self-test | OK giving the undated Kimball record a bound fails
   self-test | OK a reading citing an uncommitted source fails
   self-test | OK the epoch drifting off the derived date fails
   self-test | OK the 1880s state taking a line on a date ticket fails
   self-test | OK the shoreline gate drifting off the derived date fails
   self-test | OK a window the derived date falls outside fails

[1m== the four Prairie Avenue sheets still re-derive their georeference (T-1250)[0m
OK four Prairie Avenue sheets re-derive: sheet 20 2.46 m; sheet 35 0.05 m; sheet 28 0.34 m; robinson plate 10 4.54 m; sheet 28 checks 1.47 m on three standing houses

[1m== …and a moved control, a misread bar or a mislaid house still fails it[0m [2m(self-test: the assertions below are meant to fire)[0m
   self-test |    ok   moving the Prairie & 18th control 12 m raises the sheet 20 RMS over its ceiling
   self-test |    ok   a Glessner wall read 150 px (7.6 m) off fails the independent check
   self-test |    ok   a misread scale bar shows up in the street bands
   self-test |    ok   a fit scale that is not the printed bar's fails
   self-test |    ok   a control point that does not say which component it is control for fails
   self-test |    ok   the committed files are what the tool derives

[1m== the 1904 Illinois Central lake edge still re-traces from its sheets (T-1250)[0m
OK the 1904 IC edge holds: 1911 stands 17.0 m / 19.9 m east of 1886 at the two overlaps; the scene line is reconstructed inside that band, re-traced from the sheets

[1m== the 1904 Prairie Avenue street and parcel grid re-derives from its sheets (T-0474)[0m
OK the 1904 Prairie Avenue grid re-derives: 14 carriageways, 31 block faces, 7 alleys, 156 parcels; prairie_1800 74.7 x 177.1 ft

[1m== …and a misread lot line, a stray label or a broken section still fails it[0m [2m(self-test: the assertions below are meant to fire)[0m
   self-test |    ok   a 1800/1808 line misread 3.3 ft south moves the Glessner frontage outside the sheet's band
   self-test |    ok   an address label centred on a lot line, which belongs to no lot, is refused
   self-test |    ok   an 1886 lot line misread so a lot is a sliver is refused
   self-test |    ok   an 1886 face read three lots out of register is refused rather than re-shifted to fit
   self-test |    ok   a 16th-18th parcel with no legal_lots is refused
   self-test |    ok   a section whose bands no longer meet is refused
   self-test |    ok   a parcel citing a face the grid does not lay out is refused
   self-test |    ok   a face missing a band is refused
   self-test |    ok   a corner whose cross-street lots are left out leaves a hole the tiling check sees
   self-test |    ok   a cross-street lot line read past the alley, outside its corner, is refused
   self-test |    ok   a Calumet lot line read out of order is refused rather than drawn as a folded lot
   self-test |    ok   the committed file is what the tool derives

[1m== the 1904 street surfaces cover the grid, cite real sources and bound the scene date (T-1728)[0m
OK the 1904 street surfaces cover the grid: 14 carriageways, 7 alleys, 4 bands, 7 materials; 8 attested, 4 inferred, 14 reconstructed

[1m== …and a bare surface, an invented source, a report made to attest or a range that misses still fails it[0m [2m(self-test: the assertions below are meant to fire)[0m
   self-test |    ok   a carriageway the grid draws with no surface is refused
   self-test |    ok   an alley named that the grid does not have is refused
   self-test |    ok   a tier outside the three is refused
   self-test |    ok   an invented source id is refused
   self-test |    ok   an attested surface resting only on a bounding report is refused
   self-test |    ok   a reconstructed surface with no liberty is refused
   self-test |    ok   a liberty number that is not in LIBERTIES.md is refused
   self-test |    ok   a range that ends before the scene date is refused
   self-test |    ok   a range that starts after the scene date is refused
   self-test |    ok   a range with no basis is refused
   self-test |    ok   a band with no surface on any face is refused
   self-test |    ok   a piece that cuts at a street the grid lacks is refused
   self-test |    ok   a material with no texture directory is refused
   self-test |    ok   a year alone reads least generously: 'from 1904' holds, 'to 1904' holds, 'from 1905' fails
   self-test |    ok   the committed surfaces pass

[1m== the walls' relief rule matches the substrate and finish the generators build (T-1963)[0m
wall relief: 342 clapboard walls bound (68 under a coat), 342 GLB `wall` materials bound, 111 laid-log walls bound, 5 upright-board storefronts left flat

[1m== …and a coat read as bare, a vertical board bound as clapboard or a finish_key outranking a coating still fails it[0m [2m(self-test: the assertions below are meant to fire)[0m
   self-test | self-test | all three breakages caught

[1m== the WebP maps the renderer binds decode pixel-identical to their PNG masters (T-1973)[0m
14 WebP derivative(s) decode pixel-identical to their PNG masters

[1m== …and a missing, lossy, resized, mislabelled or orphaned derivative still fails it[0m [2m(self-test: the assertions below are meant to fire)[0m
   self-test |   ok  a missing derivative fails the gate
   self-test |   ok  a lossy derivative fails the gate
   self-test |   ok  a resized derivative fails the gate
   self-test |   ok  a PNG renamed .webp fails the gate
   self-test |   ok  an orphan fails the gate

[1m== the e1871_postfire zone table re-derives from its readings (T-1251)[0m
OK e1871_postfire re-derives: 12 crowns (3 confirmed by standing houses), Z 12.29-15.1 ft; fill 2.89-5.7 ft over 1835, not an offset; evidence limit N -3659.9 (grade), N -3365.2 (shore)

[1m== …and a hand-edited crown, a constant fill or an inherited limit still fails it[0m [2m(self-test: the assertions below are meant to fire)[0m
   self-test |    ok   a hand-edited crown fails
   self-test |    ok   a flat reading set is caught as an offset or as drift
   self-test |    ok   citing a research zone the doc does not have fails
   self-test |    ok   an attested land elevation fails
   self-test |    ok   inheriting the 1835 evidence limit fails
   self-test |    ok   houses that no longer stand at their street's grade leave zone 3 unconfirmed

[1m== the e1830_natural zone table accounts for every 1834 block (T-2002)[0m
OK e1830_natural accounts for all 37 blocks of the 1834 spec (22 carry, 3 carry_except, 3 drop, 4 own, 5 replace); the effective 1812 table has 43 blocks and no harbour work; spit and isthmus at +4.0 ft (zone 7), outlet bed -4.0 ft (zone 26), west bank undecided and graded conjectural from N -426.75 to -69.0

[1m== …and an undecided block, a harbour work carried back or a breached isthmus still fails it[0m [2m(self-test: the assertions below are meant to fire)[0m
   self-test |    ok   the committed spec passes
   self-test |    ok   a block added to the 1834 spec and not decided for 1812 fails
   self-test |    ok   a disposition with no reason fails
   self-test |    ok   carrying the bridge approaches into 1812 fails
   self-test |    ok   carrying the 1834 cut's reach into 1812 fails
   self-test |    ok   replacing with a block nobody wrote fails
   self-test |    ok   an authored height citing a zone the dossier lacks fails
   self-test |    ok   an authored height graded inferred fails
   self-test |    ok   a source that does not resolve fails
   self-test |    ok   an undecided isthmus fails
   self-test |    ok   an isthmus lower than the spit (a breach) fails
   self-test |    ok   an isthmus wider than zone 7 allows fails
   self-test |    ok   an outlet as deep as the main stem fails
   self-test |    ok   an undecided west bank left at inferred fails
   self-test |    ok   a west-bank band that stops short of the outlet fails
   self-test |    ok   a ruling that weighs only two readings fails
   self-test |    ok   a run renamed onto nothing fails
   self-test |    ok   an 1812 block that shadows a carried 1834 block fails
   self-test |    ok   a graded 1812 block the Evidence panel does not list fails
   self-test |    ok   a graded 1812 block with no CONSUMED entry fails
   self-test |    ok   a west band narrower than Harrison's worst separation fails
   self-test |    ok   keeping the 1835 boarding house's keep-clear fails
   self-test |    ok   removing the reconstructed outer join fails
   self-test |    ok   outer lake join has no inlet or northing reversal
   self-test |    ok   outer lake join is continuous with both retained shores
   self-test |    ok   river bend and southern outlet retain their pre-correction positions
   self-test |    ok   every lower-spit trace vertex is retained

[1m== the 1904 heightfield re-derives from its zone table and scene line (T-1738)[0m
OK the e1871_postfire heightfield re-derives byte for byte from its spec and scene line

[1m== the traced North Branch still carries what its generator writes[0m
OK   data/terrain/epochs/e1834_harbor_cut/branches.geojson matches tools/trace_north_branch.py literals (6 features, splice row 1252)

[1m== the North Branch's repaired east bank has not leaked the west one[0m
OK   tools/north_branch_bank_baseline.json — the west boundary is at worst 9.96 m outside the ink of a 14.23 m budget and no row worse than before; the splice row's east boundary stands 6.4 m inside the ink, was 32.73 m; the two windows agree on 72.6 m of drafted width across the splice

[1m== the Wright NARA registration still re-derives from its own control points[0m
OK   the Wright NARA registration re-derives (11 control points, rms 16.02 m, 2 lacunae, retained 8pt fit rms 16.19 m)

[1m== …and its own assertions still fire when broken[0m [2m(self-test: the assertions below are meant to fire)[0m
   self-test |   caught: a nudged affine coefficient
   self-test |   caught: a hand-edited residual on one control point
   self-test |   caught: an RMS that no longer matches the residuals
   self-test |   caught: a rotation that does not come out of the coefficients
   self-test |   caught: a mutated scan-to-scan coefficient
   self-test |   caught: the wrong point named as the worst departure
   self-test |   caught: a moved tick column on the scale bar
   self-test |   caught: a lacuna's ground extent talked up
   self-test |   caught: a checksum edited in the registration
   self-test |   caught: the raster's declared size disagreeing with the sheet
   self-test |   caught: the duplicate claim pointed at a file that is not the same scan
   self-test |   caught: a source locator that has drifted from the registration
   self-test |   caught: two control points minted with one id
   self-test |   caught: the three foot-control corners dropped out of the stated control
   self-test |   caught: the price the adoption paid on the original eight talked down
   self-test |   caught: a nudged coefficient in the retained fit
   self-test |   caught: the retained fit quietly replaced by the one in force
   self-test |   caught: a hand-edited residual under the retained fit
   self-test |   self-test: OK

[1m== Wright's legend chips still refuse what they cannot separate[0m
ok: wright 1834 legend swatches — 9 chips, 6 separable colours, 116 bands

[1m== …and that reading's assertions still fire when broken[0m [2m(self-test: the assertions below are meant to fire)[0m
   self-test |   ok: a chip median moved without its separation matrix
   self-test |   ok: a separation entry edited by hand
   self-test |   ok: the class grouping edited to make nine colours look separable
   self-test |   ok: a legend line reworded in the record
   self-test |   ok: a chip box moved off its frozen row
   self-test |   ok: a band's local metres edited away from its own pixels
   self-test |   ok: a band marked on-map whose centroid is off it
   self-test |   ok: the school-section cross-check edited away from the bands
   self-test |   ok: the raster block drifting from the registration's
   self-test | ok: self-test, 0 assertion(s) did not fire

[1m== Wright's whole sheet still counts one watercourse that is not the river[0m
the Wright watercourse audit re-derives: 2 bank picks through the fit, 45 centreline stations, 1 watercourse drawn that is not the river

[1m== …and that audit's assertions still fire when broken[0m [2m(self-test: the assertions below are meant to fire)[0m
   self-test | FAIL: the audit's raster checksum is not the registration's
   self-test | FAIL: m_per_px does not re-derive from the fit's axis scales
   self-test | FAIL: state_mouth_reentrant: the committed metres do not re-derive from the committed pixel
   self-test | FAIL: state_mouth_reentrant: 850.0 m outside the traced re-entrant's E-range, past the 20.0 m the georeference allows — this record says the two scans agree and they no longer do
   self-test | FAIL: state_mouth_reentrant: the committed metres do not re-derive from the committed pixel
   self-test | FAIL: state_mouth_reentrant: the pick is outside the crop it was picked on
   self-test | FAIL: the re-check reports 3 stations and the committed centreline has 45 vertices
   self-test | FAIL: the audit names 'no_such_slough' and the terrain no longer holds it
   self-test | the Wright watercourse audit re-derives: 2 bank picks through the fit, 45 centreline stations, 1 watercourse drawn that is not the river
   self-test | self-test: 6 assertion(s) fire when broken, and the committed record passes

[1m== the NA re-read of the north-side slough still lands on the committed centreline[0m
--check: re-derives

[1m== the South Division bank still stands on Wright's inked bank[0m
south bank swell reading re-derives: median 1.87 m / p90 3.96 m against Wright's ink, swell 12.3 m wider than Hathaway

[1m== …and that reading’s gate still fires when its figures are broken[0m [2m(self-test: the assertions below are meant to fire)[0m
   self-test |    self-test | breaking the swell amplitude must fail the check
   self-test |    self-test | FAIL read_south_bank_swell_1834 --check
   self-test |    self-test |   swell_amplitude_m
   self-test |    self-test |     committed 0.0
   self-test |    self-test |     re-derived 12.3
   self-test |    self-test | ...it failed, as it must
   self-test |    self-test | breaking the median ink distance must fail the check
   self-test |    self-test | FAIL read_south_bank_swell_1834 --check
   self-test |    self-test |   committed_against_wright_ink
   self-test |    self-test |     committed {'stations': 103, 'sampled_every_m': 5.0, 'in_the_slough_mouth_not_measured': 15, 'median_m': 0.0, 'p90_m': 3.96, 'max_m': 9.43}
   self-test |    self-test |     re-derived {'stations': 103, 'sampled_every_m': 5.0, 'in_the_slough_mouth_not_measured': 15, 'median_m': 1.87, 'p90_m': 3.96, 'max_m': 9.43}
   self-test |    self-test | ...it failed, as it must
   self-test |    self-test | breaking a block's bank northing must fail the check
   self-test |    self-test | FAIL read_south_bank_swell_1834 --check
   self-test |    self-test |   south_water_ground_m
   self-test |    self-test |     committed {'wright_1834_nara_hup': {'20': 34.9, '19': 39.0, '18': 31.7, '17': 19.8}, 'hathaway_1834': {'20': 29.3, '19': 28.2, '18': 24.2, '17': 21.3}}
   self-test |    self-test |     re-derived {'wright_1834_nara_hup': {'20': 34.9, '19': -2.1, '18': 31.7, '17': 19.8}, 'hathaway_1834': {'20': 29.3, '19': 28.2, '18': 24.2, '17': 21.3}}
   self-test |    self-test |   wright_minus_hathaway_m
   self-test |    self-test |     committed {'17': -1.5, '18': 7.5, '19': 10.8, '20': 5.6}
   self-test |    self-test |     re-derived {'17': -1.5, '18': 7.5, '19': -30.3, '20': 5.6}
   self-test |    self-test |   swell_amplitude_m
   self-test |    self-test |     committed 12.3
   self-test |    self-test |     re-derived 37.8
   self-test |    self-test | ...it failed, as it must
   self-test |    self-test | breaking a set-aside vertex, so the recut no longer re-derives must fail the check
   self-test |    self-test | FAIL read_south_bank_swell_1834 --check
   self-test |    self-test |   committed_against_wright_ink
   self-test |    self-test |     committed {'stations': 103, 'sampled_every_m': 5.0, 'in_the_slough_mouth_not_measured': 15, 'median_m': 1.87, 'p90_m': 3.96, 'max_m': 9.43}
   self-test |    self-test |     re-derived {'stations': 106, 'sampled_every_m': 5.0, 'in_the_slough_mouth_not_measured': 16, 'median_m': 2.66, 'p90_m': 17.39, 'max_m': 34.41}
   self-test |    self-test |   recut
   self-test |    self-test |     committed {'vertices_moved': 9, 'worst_vertex_error_m': 0.004, 'shift_m_at_block_20': 5.6, 'shift_m_at_block_19': 10.8, 'shift_m_at_block_18': 0.0, 'shift_m_at_block_17': 0.0, 'step_across_the_la_salle_mouth_m': 1.18, 'straightness_p90_m': 4.35}
   self-test |    self-test |     re-derived {'vertices_moved': 9, 'worst_vertex_error_m': 34.514, 'shift_m_at_block_20': 5.6, 'shift_m_at_block_19': 10.8, 'shift_m_at_block_18': 0.0, 'shift_m_at_block_17': 0.0, 'step_across_the_la_salle_mouth_m': 1.18, 'straightness_p90_m': 4.35}
   self-test |    self-test |   the set-aside bank no longer stands on Wright's ink: median 2.66 m, p90 17.39 m (this reading's verdict says it does)
   self-test |    self-test |   the committed bank is not the recut of the set-aside bank: worst vertex error 34.514 m > 0.02 m
   self-test |    self-test | ...it failed, as it must
   self-test |    self-test | breaking a set-aside station, so one the files carry is unaccounted for must fail the check
   self-test |    self-test | FAIL read_south_bank_swell_1834 --check
   self-test |    self-test |   committed_against_wright_ink
   self-test |    self-test |     committed {'stations': 103, 'sampled_every_m': 5.0, 'in_the_slough_mouth_not_measured': 15, 'median_m': 1.87, 'p90_m': 3.96, 'max_m': 9.43}
   self-test |    self-test |     re-derived {'stations': 103, 'sampled_every_m': 5.0, 'in_the_slough_mouth_not_measured': 15, 'median_m': 2.31, 'p90_m': 4.66, 'max_m': 9.8}
   self-test |    self-test |   recut
   self-test |    self-test |     committed {'vertices_moved': 9, 'worst_vertex_error_m': 0.004, 'shift_m_at_block_20': 5.6, 'shift_m_at_block_19': 10.8, 'shift_m_at_block_18': 0.0, 'shift_m_at_block_17': 0.0, 'step_across_the_la_salle_mouth_m': 1.18, 'straightness_p90_m': 4.35}
   self-test |    self-test |     re-derived {'vertices_moved': 9, 'worst_vertex_error_m': 999.0, 'shift_m_at_block_20': 5.6, 'shift_m_at_block_19': 10.8, 'shift_m_at_block_18': 0.0, 'shift_m_at_block_17': 0.0, 'step_across_the_la_salle_mouth_m': 1.18, 'straightness_p90_m': 4.35}
   self-test |    self-test |   the committed bank is not the recut of the set-aside bank: worst vertex error 999.0 m > 0.02 m
   self-test |    self-test | ...it failed, as it must
   self-test |    self-test | breaking the count of vertices the recut moved must fail the check
   self-test |    self-test | FAIL read_south_bank_swell_1834 --check
   self-test |    self-test |   recut
   self-test |    self-test |     committed {'vertices_moved': 0, 'worst_vertex_error_m': 0.004, 'shift_m_at_block_20': 5.6, 'shift_m_at_block_19': 10.8, 'shift_m_at_block_18': 0.0, 'shift_m_at_block_17': 0.0, 'step_across_the_la_salle_mouth_m': 1.18, 'straightness_p90_m': 4.35}
   self-test |    self-test |     re-derived {'vertices_moved': 9, 'worst_vertex_error_m': 0.004, 'shift_m_at_block_20': 5.6, 'shift_m_at_block_19': 10.8, 'shift_m_at_block_18': 0.0, 'shift_m_at_block_17': 0.0, 'step_across_the_la_salle_mouth_m': 1.18, 'straightness_p90_m': 4.35}
   self-test |    self-test | ...it failed, as it must
   self-test | read_south_bank_swell_1834 self-test: ok

[1m== the nine survey tracts still stand where their committed ground puts them[0m
survey tracts: 7 of 9 chips placed and re-derived, 116 band verdicts re-taken, 2 chips refused

[1m== …and the tract layer's assertions still fire when broken[0m [2m(self-test: the assertions below are meant to fire)[0m
   self-test | self-test — every assertion below must fire when its fact is broken
   self-test |   fires  a tract vertex moved 5 m
   self-test |   fires  an unnamed chip given a polygon
   self-test |   fires  a constructed boundary graded `documented`
   self-test |   fires  a band's verdict rewritten by hand
   self-test |   fires  Wabansia given colour evidence it does not have
   self-test |   fires  the patent shrunk below the envelope it bounds
   self-test |   fires  a cut nudged past the rounding step it is stored to
   self-test |   fires  a cut dropped from the record
   self-test | 
   self-test | …and the cut gate accepts either rounding of a half-way derivation, and nothing further out
   self-test |   holds  a cut stored 825.04 against a derivation of 825.045: accepted, accepted wanted
   self-test |   holds  a cut stored 825.05 against a derivation of 825.045: accepted, accepted wanted
   self-test |   holds  a cut stored 825.03 against a derivation of 825.045: refused, refused wanted
   self-test |   holds  a cut stored 825.06 against a derivation of 825.045: refused, refused wanted
   self-test |   holds  a cut stored 11.93 against a derivation of 11.930082489265: accepted, accepted wanted
   self-test |   holds  a cut stored 11.94 against a derivation of 11.930082489265: refused, refused wanted
   self-test |   holds  a cut stored None against a derivation of 825.045: refused, refused wanted
   self-test | 
   self-test | …and --build keeps a faithful committed rounding, and only a faithful one
   self-test |   holds  a committed east_e of 825.05 against a derivation of 825.0450: kept, kept wanted
   self-test |   holds  a committed east_e of 825.07 against a derivation of 825.0450: rewritten, rewritten wanted
   self-test | all 8 assertions fire, and the cut gate rules both ways correctly

[1m== the register's parcels still fall on the same survey tracts[0m
OK 346 register rows sorted onto 5 tracts, 1226 refused, 4 overlapping tract pairs

[1m== …and the clip, the precedence clause and both refusals still fire when broken[0m [2m(self-test: the assertions below are meant to fire)[0m
   self-test | OK clipper exact on 6 constructed cases; precedence clause fires on 1 parcel(s) and is withheld on 4; both refusals still stand

[1m== the North Branch's bank wash is still a colour the legend cannot name[0m
north branch bank wash: 9 master chips in 6 separable colours, worst 223.2 RGB from the facsimile's; 6 stretches, nearest facsimile band 234.7 m; the east stretch stays refused

[1m== …and that reading's assertions still fire when broken[0m [2m(self-test: the assertions below are meant to fire)[0m
   self-test | FAIL chips[2].against_the_facsimile_rgb: 149.9, re-derives to 137.9
   self-test | FAIL separation_rgb[0][2]: 137.2, re-derives to 312.8
   self-test | FAIL separation_rgb[1][2]: 141.5, re-derives to 313.1
   self-test | FAIL separation_rgb[2][0]: 137.2, re-derives to 312.8
   self-test | FAIL separation_rgb[2][1]: 141.5, re-derives to 313.1
   self-test | FAIL separation_rgb[2][3]: 104.4, re-derives to 271.2
   self-test | FAIL separation_rgb[2][4]: 146.9, re-derives to 283.9
   self-test | FAIL separation_rgb[2][5]: 24.5, re-derives to 192.4
   self-test | FAIL separation_rgb[2][6]: 30.1, re-derives to 213.9
   self-test | FAIL separation_rgb[2][7]: 141.5, re-derives to 224.2
   self-test | FAIL separation_rgb[2][8]: 112.4, re-derives to 247.7
   self-test | FAIL separation_rgb[3][2]: 104.4, re-derives to 271.2
   self-test | FAIL separation_rgb[4][2]: 146.9, re-derives to 283.9
   self-test | FAIL separation_rgb[5][2]: 24.5, re-derives to 192.4
   self-test | FAIL separation_rgb[6][2]: 30.1, re-derives to 213.9
   self-test | FAIL separation_rgb[7][2]: 141.5, re-derives to 224.2
   self-test | FAIL separation_rgb[8][2]: 112.4, re-derives to 247.7
   self-test | FAIL legend_chips_on_the_master.classes: [[1, 2], [3, 6, 7], [4], [5], [8], [9]], re-derives to [[1, 2], [3], [4], [5], [6], [7], [8], [9]] at 35.0 RGB units
   self-test | FAIL east 728-779: rays do not re-derive from median_rgb and local_paper_rgb
   self-test | FAIL west 707-710: rays do not re-derive from median_rgb and local_paper_rgb
   self-test | FAIL west 715-717: rays do not re-derive from median_rgb and local_paper_rgb
   self-test | FAIL west 922-939: rays do not re-derive from median_rgb and local_paper_rgb
   self-test | FAIL west 948-951: rays do not re-derive from median_rgb and local_paper_rgb
   self-test | FAIL west 1247-1251: rays do not re-derive from median_rgb and local_paper_rgb
   self-test | FAIL separation_rgb[0][1]: 0.0, re-derives to 19.8
   self-test | FAIL legend_chips_on_the_master.classes: [[1]], re-derives to [[1, 2], [3, 6, 7], [4], [5], [8], [9]] at 35.0 RGB units
   self-test | FAIL chips[0].facsimile_median_rgb: not the committed facsimile chip
   self-test | FAIL chips[1].facsimile_median_rgb: not the committed facsimile chip
   self-test | FAIL chips[2].facsimile_median_rgb: not the committed facsimile chip
   self-test | FAIL chips[3].facsimile_median_rgb: not the committed facsimile chip
   self-test | FAIL chips[4].facsimile_median_rgb: not the committed facsimile chip
   self-test | FAIL chips[5].facsimile_median_rgb: not the committed facsimile chip
   self-test | FAIL chips[6].facsimile_median_rgb: not the committed facsimile chip
   self-test | FAIL chips[7].facsimile_median_rgb: not the committed facsimile chip
   self-test | FAIL chips[8].facsimile_median_rgb: not the committed facsimile chip
   self-test | FAIL worst_against_the_facsimile_rgb: does not re-derive from the chips
   self-test | FAIL the two sheets' chips now agree to within 0.0 RGB units — the reason this file re-reads the legend no longer holds
   self-test | FAIL stretches: [['east', [728, 779]], ['west', [707, 710]], ['west', [715, 717]], ['west', [922, 939]], ['west', [948, 951]]], but the committed baseline's are [['east', [728, 779]], ['west', [707, 710]], ['west', [715, 717]], ['west', [922, 939]], ['west', [948, 951]], ['west', [1247, 1251]]]
   self-test | FAIL west 707-710: rays do not re-derive from median_rgb and local_paper_rgb
   self-test | FAIL east 728-779: identified_as 'class 3+6+7', the rule gives None
   self-test | FAIL east [728, 779]: identified as 'class 3+6+7' — T-1082's refusal has been overturned without the research note moving with it
   self-test | FAIL east 728-779: nearest_facsimile_band {'distance_m': 5.0, 'class': [8]}, re-derives to {'distance_m': 481.3, 'class': [8]}
   self-test | FAIL a facsimile band now stands 5.0 m from a stretch — position may be able to identify these washes after all, and this file says it cannot
   self-test | FAIL ruling.trace_changed: true, but this reading moves no boundary
   self-test | north branch bank wash: 9 master chips in 6 separable colours, worst 223.2 RGB from the facsimile's; 6 stretches, nearest facsimile band 234.7 m; the east stretch stays refused
   self-test | self-test: the record passes its own gate, and nine breakages all fire

[1m== no committed file carries a conflict marker[0m
  ok    no conflict marker in any of 9488 tracked file(s) under chicago/4d and site/4d

[1m== …and its own assertions still fire when broken[0m [2m(self-test: the assertions below are meant to fire)[0m
   self-test | 
   self-test | [1m== …and its own assertions still fire when broken[0m
   self-test |   ok    an opening marker is caught
   self-test |   ok    a closing marker is caught
   self-test |   ok    a bare divider is caught
   self-test |   ok    a divider with trailing whitespace is still caught
   self-test |   ok    a markdown heading underline is NOT a marker
   self-test |   ok    a table rule is NOT a marker
   self-test |   ok    an indented divider is NOT a marker
   self-test |   ok    prose mentioning a marker mid-line is NOT caught
   self-test |   ok    this file does not trip its own scan
   self-test | 
   self-test | SELF-TEST PASS

[1m== no committed list carries the same id, or the same string in a set, twice[0m
unique ids: every committed list carries each id once, with no exception; every list of strings is a set but the 14 named multisets

[1m== …and its own assertions still fire when broken[0m [2m(self-test: the assertions below are meant to fire)[0m
   self-test |   ok     a list with two identical entries under one id is caught
   self-test |   ok     …and so is one id on two DIFFERENT bodies
   self-test |   ok     a clean list passes, so a firing below means something
   self-test |   ok     the rule reaches a list nobody registered — it is discovered, not listed
   self-test |   ok     the ticket id minted twice on 2026-09-05 is caught in tickets.json too
   self-test |   ok     a list whose rows carry no id is not this rule's business
   self-test |   ok     a one-row list cannot duplicate anything
   self-test |   ok     a named exception is honoured, not re-reported
   self-test |   ok     an exception whose list came good is reported, so it cannot outlive its ticket
   self-test |   ok     …and an exception whose file is simply absent is not mistaken for that
   self-test |   ok     …but the same shape elsewhere is still caught
   self-test |   ok     the three lot-line fence files are now held by the rule like any other
   self-test |   ok     two IDENTICAL raised[] entries are a merge artefact and are caught
   self-test |   ok     …but SEVERAL entries for one domain are correct history and pass
   self-test |   ok     a coverage declaration naming one item twice is caught
   self-test |   ok     …and a clean one passes
   self-test |   ok     the gazetteer's three doubled clippings would be caught, at any depth
   self-test |   ok     a string list nobody registered is held — discovered, not listed
   self-test |   ok     a named multiset may repeat — one element per row, rows agreeing
   self-test |   ok     …but its key in ANOTHER file is still a set
   self-test |   ok     …and a multiset entry whose key has left its file is reported for deletion
   self-test |   ok     a list of one string, or of mixed types, is not this rule's business
   self-test |   ok     unparseable JSON is reported rather than skipped
   self-test | SELF-TEST PASS

[1m== no derived figure is rounded by accumulation drift[0m
python 3.12: bare sum() is COMPENSATED here, so it hides the drift this gate is about — CI runs 3.11, where it does not
53 figure(s) summed exactly with math.fsum; 2 site(s) annotated; 0 unconverted
5 committed aggregate(s) re-added exactly; 0 within 1e-12 of a rounding boundary

[1m== …and its own assertions still fire when broken[0m [2m(self-test: the assertions below are meant to fire)[0m
   self-test | exact-sum gate self-test: 0 failure(s)

[1m== every structure function is a term of the closed vocabulary[0m
OK 698 structures, 113 terms, every function.value canonical

[1m== …and its own assertions still fire when broken[0m [2m(self-test: the assertions below are meant to fire)[0m
   self-test | SELF-TEST OK - 10 foldings, 3 rulings, 113 terms, 13 commercial families ruled

[1m== the QUEUE.md merge driver still does what .gitattributes promises[0m [2m(self-test: the assertions below are meant to fire)[0m
   self-test | 
   self-test | [1m== the QUEUE.md merge driver[0m
   self-test |   ok    a ticket they closed is dropped
   self-test |   ok    ...and it is really gone
   self-test |   ok    ...leaving the rest in our order
   self-test |   ok    a ticket they filed is appended
   self-test |   ok    ...and OUR re-rank survives it
   self-test |   ok    ...with theirs at the end
   self-test |   ok    ...under a band saying it is unranked
   self-test |   ok    a whole-file re-rank against closes and files resolves
   self-test |   ok    ...our order kept for what survives
   self-test |   ok    ...their two closes applied
   self-test |   ok    ...their two new tickets carried
   self-test |   ok    ...and nothing is duplicated
   self-test |   ok    our band comment survives the merge
   self-test |   ok    ...and so does the header
   self-test |   ok    the same id on both sides does not duplicate
   self-test |   ok    ...it appears once
   self-test |   ok    ...and ours is the copy kept
   self-test |   ok    a stale branch merging a re-ranked dev resolves
   self-test |   ok    ...THEIRS' re-rank survives, not ours
   self-test |   ok    ...and their band comment comes with it
   self-test |   ok    we re-ranked and dev did not — ours wins
   self-test |   ok    ...our order kept
   self-test |   ok    ...and their new ticket still arrives
   self-test | 
   self-test | [1m== …and the refusal still fires[0m
   self-test |   ok    a result that would carry an id twice is REFUSED, not written
   self-test |   ok    three empty files are not an error
   self-test |   ok    BOTH sides re-ranking is REFUSED, not silently decided
   self-test | 
   self-test | == a re-rank that arrives as a NEW BAND WITH NEW TICKETS ==
   self-test |   ok    it merges rather than refusing — the band is placeable
   self-test |   ok    the owner's band SURVIVES — it used to be dropped entirely
   self-test |   ok    …and its tickets land at the TOP where he put them, not at the bottom
   self-test |   ok    …in their own order, together
   self-test |   ok    …and they are NOT dumped in the unplaced band, which is what used to happen
   self-test |   ok    a band on OUR side survives a dev that closed a ticket
   self-test |   ok    …and their close is still honoured
   self-test |   ok    a ticket appended at the END still lands in the unplaced band
   self-test |   ok    a band added above an EXISTING ticket is REFUSED, never silently dropped
   self-test |   ok    …and the refusal quotes the line that would have been lost
   self-test |   ok    a comment the ordering side deliberately removed does not refuse the merge
   self-test | 
   self-test | 37 passed, 0 failed

[1m== the owner's queue ranking has not gone backwards[0m
queue order: 44 re-rank(s) recorded (no base to compare against — skipped, not failed)

[1m== the changelog-entry gate exempts a smoke reading and still bites on a change[0m
changelog-entry gate
  ok    a diff that only files smoke readings is not required to carry an entry — changelog entry: not required — this change touches nothing under renderers/, data/, tools/, generators/, assets/
  ok    …and the gate says so by name, rather than passing silently
  ok    a real change to the town with NO entry still fails — exit 1
  ok    …and names the file it is unhappy about
  ok    a real change WITH an entry passes — changelog entry: present — 2 watched file(s) changed and changelog.js changed with them
  ok    a real change with a reasoned opt-out trailer passes
  ok    …and the reason is echoed, so it is on the record
  ok    `Changelog: none` with no reason after it is refused — exit 1
  ok    a tickets/ change is still exempt
  ok    a moved BASELINE under tools/ is NOT exempt — exit 1
  ok    …and it is named, not swept in with the smoke register
  ok    readings filed BESIDE a real change do not excuse the entry — exit 1
  ok    …and only the real file is named

all passed

[1m== …and its own assertions still fire when broken[0m [2m(self-test: the assertions below are meant to fire)[0m
   self-test | 
   self-test | the gate
   self-test |   ok    a branch carrying the base's ledger passes
   self-test |   ok    a branch cut BEFORE a re-rank is refused
   self-test |   ok    …and the refusal names the instruction that was lost
   self-test |   ok    …and says to restore the base decisions
   self-test |   ok    dropping ONE of two same-day re-ranks is refused — a date check would pass it
   self-test |   ok    a branch that ADDS a re-rank passes — the gate never judges a ranking
   self-test |   ok    …and says so
   self-test |   ok    a branch that lost the LEDGER HEADER entirely is refused
   self-test |   ok    a base with no ledger cannot fail a branch that has one
   self-test |   ok    the legacy ledger can move to a compact companion file
   self-test |   ok    a later branch dropping an archived decision is refused
   self-test | 
   self-test | the parser, since everything above rests on it
   self-test |   ok    continuation lines are not counted as entries
   self-test |   ok    …and an entry keeps its date and instruction
   self-test |   ok    a file with no ledger header parses as null, not as an empty ledger
   self-test |   ok    a dated TICKET line below the ledger is not an entry
   self-test | 
   self-test | 15 passed, 0 failed

[1m== the changelog merge driver still does what .gitattributes promises[0m [2m(self-test: the assertions below are meant to fire)[0m
   self-test | 
   self-test | [1m== the changelog merge driver[0m
   self-test |   ok    both sides prepend an entry — resolved, not conflicted
   self-test |   ok    ...ours on top, theirs kept, base beneath
   self-test |   ok    ...ours is UNSTAMPED so the stamper numbers it
   self-test |   ok    ...theirs keeps the number it already shipped with
   self-test |   ok    ...and ours loses its guessed timestamp
   self-test |   ok    every entry keeps its own items block — none is swallowed
   self-test |   ok    an entry closing on its last item line is handled
   self-test |   ok    ...and survives the merge
   self-test |   ok    ...with nothing lost or doubled
   self-test |   ok    only theirs shipped — take theirs whole
   self-test |   ok    ...and nothing is needlessly unstamped
   self-test |   ok    the same new entry on both sides is not an error
   self-test |   ok    ...it appears exactly once
   self-test |   ok    a double-quoted title on both sides merges
   self-test |   ok    ...and appears exactly once, not copied back on top
   self-test |   ok    ...in theirs' place, with only ours' new entry above it
   self-test | 
   self-test | [1m== …and the refusals still fire[0m
   self-test |   ok    both sides editing one shipped entry differently is REFUSED
   self-test |   ok    an unparseable file is REFUSED rather than merged
   self-test |   ok    an entry with no readable title is REFUSED rather than keyed by its line
   self-test | 
   self-test | 19 passed, 0 failed

[1m== the build-product and smoke-ledger merge drivers do what .gitattributes promises[0m [2m(self-test: the assertions below are meant to fire)[0m
   self-test | 
   self-test | merge-generated (the five build products)
   self-test |   ok    a conflicting build product does not fail the merge
   self-test |   ok    …and OURS is what survives, byte for byte
   self-test |   ok    BOARD.md is told to regenerate with ticket.mjs board
   self-test |   ok    build.json is told to regenerate with publish.sh
   self-test |   ok    an unlisted path still keeps ours and exits 0
   self-test | 
   self-test | merge-smoke-state (the append-only smoke ledger)
   self-test |   ok    two sides that each recorded a reading merge cleanly
   self-test |   ok    …and BOTH new readings survive — the whole point
   self-test |   ok    …theirs' reading is the one appended
   self-test |   ok    NO reading is dropped when both sides appended — keeping ours would lose two
   self-test |   ok    a reading carried down both sides is held once, not twice
   self-test |   ok    two readings differing only inside a NESTED object are both kept
   self-test |   ok    an unparseable side is REFUSED, not guessed at
   self-test |   ok    a side with no readings[] is REFUSED — this driver knows one shape
   self-test |   ok    …and a readings that is not an array is refused too
   self-test |   ok    identical sides merge to themselves, so a firing above means something
   self-test |   ok    ours' hand-written note is kept
   self-test |   ok    …without costing theirs a reading
   self-test | 
   self-test | end to end, through a real git merge
   self-test |   ok    a real merge where BOTH sides rewrote a build product no longer conflicts
   self-test |   ok    …ours survives it, ready to be regenerated
   self-test |   ok    …and the ledger beside it keeps BOTH sides’ readings rather than picking one
   self-test | 
   self-test | 20 passed, 0 failed

[1m== the drain lap still refuses every conflict its drivers do not cover[0m [2m(self-test: the assertions below are meant to fire)[0m
   self-test | 
   self-test | a batch whose only collision is driver-covered
   self-test |   ok    two branches that both appended to the ledger drain in one lap
   self-test |   ok    …and BOTH are on the batch branch, not the first only
   self-test |   ok    …on the branch the lap was told to cut, never on the base
   self-test |   ok    …and no smoke reading is lost to the batching
   self-test |   ok    …and the lap leaves a clean tree behind it
   self-test | 
   self-test | a batch carrying a conflict no driver knows
   self-test |   ok    a real conflict REFUSES the lap rather than picking a side
   self-test |   ok    …and says that is why
   self-test |   ok    …naming the file nothing knows how to merge
   self-test |   ok    …after landing the targets that were clean, and no further
   self-test |   ok    …and leaves ORDINARY CONFLICT MARKERS, not an aborted merge
   self-test |   ok    …with the merge still open, one `git merge --abort` from the old state
   self-test |   ok    …while the driver-covered file beside it was still resolved, not abandoned
   self-test | 
   self-test | what a lap refuses before it touches anything
   self-test |   ok    a dirty working tree is refused, never stashed
   self-test |   ok    …and the uncommitted work is exactly where it was
   self-test |   ok    a lap with nothing to drain does not cut a branch
   self-test | 
   self-test | …and the refusal assertion fires when the refusal stops happening
   self-test |   ok    the colliding fixture really does collide — the case is not vacuously green
   self-test | 
   self-test | 16 passed, 0 failed

[1m== inferred infill records match the 665-roof programme[0m
verified 48 inferred anonymous South Division records (39 principal, 9 ancillary)

[1m== North Division initial parcel matches its reviewed recipe[0m
verified 97 inferred anonymous North Division records (76 principal, 21 ancillary)

[1m== West Division approaches parcel matches its recipe[0m
verified 55 inferred anonymous West Division records (44 principal, 11 ancillary); 20 dealt under the retired terrain hold and 35 released onto the ground west of E -300 m; 0 held by the recipe's corridor hold (21 slots set back off a platted corridor, 0 still standing in one)

[1m== West freight roofs on West Water match their recipes[0m
recon_1835_forks_freight_f2_001: front 1.50 m inside the lot line, traced bank 36.94 m, nearest 26.85 m (green_tree_tavern), ground 1.03 m, relief 0.02 m
recon_1835_branch_freight_f2_001: front 1.50 m inside the lot line, traced bank 25.90 m, nearest 57.53 m (recon_1835_blk_west_randolph_canal_d6_04), ground 1.01 m, relief 0.02 m
PASS: the West freight roofs re-derive exactly (2)

[1m== …and its validator refuses bad ground[0m [2m(self-test: the assertions below are meant to fire)[0m
   self-test | PASS self-test: recon_1835_forks_freight_f2_001 refuses a roof moved into West Water Street
   self-test | PASS self-test: recon_1835_forks_freight_f2_001 refuses a roof straddling the next lot
   self-test | PASS self-test: recon_1835_forks_freight_f2_001 refuses a warehouse turned to face the alley
   self-test | PASS self-test: recon_1835_forks_freight_f2_001 refuses a family the recipe did not order
   self-test | PASS self-test: recon_1835_branch_freight_f2_001 refuses a roof moved into West Water Street
   self-test | PASS self-test: recon_1835_branch_freight_f2_001 refuses a roof straddling the next lot
   self-test | PASS self-test: recon_1835_branch_freight_f2_001 refuses a warehouse turned to face the alley
   self-test | PASS self-test: recon_1835_branch_freight_f2_001 refuses a family the recipe did not order
   self-test | PASS self-test: recon_1835_branch_freight_f2_001 refuses a bank-landing roof set back beyond the clause's reach

[1m== North freight roof on the North Water bank matches its recipe[0m
recon_1835_bank_freight_f3_001: front 3.00 m inside the lot line, traced bank 25.42 m, nearest 37.31 m (recon_1835_north_d1_001), ground 1.15 m, relief 0.03 m
PASS: the North freight roof re-derives exactly

[1m== …and its validator refuses bad ground[0m [2m(self-test: the assertions below are meant to fire)[0m
   self-test | PASS self-test: refuses a roof moved into North Water Street
   self-test | PASS self-test: refuses a roof straddling the next lot
   self-test | PASS self-test: refuses a warehouse turned to face the alley
   self-test | PASS self-test: refuses a family the recipe did not order

[1m== Canal approach trade roofs match their bounded recipe[0m
recon_1835_canal_trade_c3_001: nearest 26.70 m (inf_artisan_dwelling_west_b), ground 1.02 m, relief 0.02 m, Canal setback 1.000 m, traced bank 46.28 m
recon_1835_canal_trade_c4_002: nearest 10.24 m (recon_1835_canal_trade_c3_001), ground 1.02 m, relief 0.03 m, Canal setback 1.000 m, traced bank 50.67 m
recon_1835_canal_trade_w1_003: nearest 12.26 m (recon_1835_canal_trade_c4_002), ground 1.05 m, relief 0.01 m, Canal setback 1.000 m, traced bank 68.45 m
recon_1835_canal_trade_w2_004: nearest 9.92 m (recon_1835_canal_trade_w1_003), ground 1.05 m, relief 0.02 m, Canal setback 1.000 m, traced bank 75.07 m
PASS: four Canal trade roofs rederive exactly

[1m== Canal trade placement refuses collisions and missing ground[0m [2m(self-test: the assertions below are meant to fire)[0m
   self-test | PASS self-test: refuses missing roof
   self-test | PASS self-test: refuses duplicate identity
   self-test | PASS self-test: refuses roof moved into Canal
   self-test | PASS self-test: refuses colliding roofs
   self-test | PASS self-test: refuses facade facing the rear yard
   self-test | PASS self-test: refuses roof off modelled ground

[1m== Canal trade roofs have existing keepers without invented homes[0m
Canal occupancy: four existing keepers, four reconstructed firms; no people or homes created

[1m== Canal trade occupancy preserves identities and lodging constraints[0m [2m(self-test: the assertions below are meant to fire)[0m
   self-test | Canal occupancy: identity/trade refusal mutations, compiler joins, four schemas and unchanged lodging bed gate pass

[1m== every anonymous roof's finish is the fabric-by-household rule's[0m
518 reconstructed roofs dealt by the fabric rule
  freight    by type         7
  keeper     by keeper_trade 2
  keeper     by type         7
  labourer   by keeper       7
  labourer   by keeper_trade 11
  labourer   by type         60
  merchant   by keeper       9
  merchant   by keeper_trade 4
  merchant   by type         31
  tradesman  by keeper       52
  tradesman  by keeper_trade 12
  tradesman  by type         168
  works      by type         11
  yard       by type         137
  finishes: weathered_timber 205, fresh_timber 111, mixed_patch 83, whitewash 58, ochre 51, red_oxide 10
  coated (lime or paint): 68 of 518 — the rest bare or earth-washed
  nearest neighbour shares the wall finish: 149 of 518 (T-1818's jitter is what separates them)

[1m== …and the rule refuses white paint, off-sheet finishes and drift[0m [2m(self-test: the assertions below are meant to fire)[0m
   self-test | fabric rule self-test: PASS

[1m== Kinzie's Addition's street reading re-derives from its own pixels[0m
kinzie addition street grid: 24 corridor reading(s), the module and the Original Town control all re-derive from the committed pixels

[1m== Kinzie's Addition's street lines re-derive from the module they are seated on[0m
kinzie addition streets: 11 line(s) re-derive from the module in data/traces/kinzie_addition_street_grid.json

[1m== Kinzie's Addition's block numerals re-derive from the reading and the run[0m
kinzie addition numerals: 52 cell(s), 51 figure(s) read on the sheet, 1 named, 1 refusal(s)

[1m== …and its own assertions still fire when broken[0m [2m(self-test: the assertions below are meant to fire)[0m
   self-test |    fires: a cell dropped from the reading
   self-test |    fires: one number used twice
   self-test |    fires: a cell that stops obeying the run
   self-test |    fires: block 1 counted onto a cell
   self-test |    fires: a crop box off the raster
   self-test |    fires: `Kinzie Block` promoted to a read figure
   self-test |    fires: the named cell losing the note that says it is one
   self-test |    fires: a numeral graded `documented`
   self-test |    fires: a hard read that stops saying it was hard
   self-test |    fires: a gore that has grown to a block
   self-test |    fires: the gore's figures claimed to sit inside their cell
   self-test |    fires: blocks 1 and 2 quietly stopping being refused
   self-test |    fires: the refusal forgetting whose the two figures are
   self-test |    fires: a figure moved inside the Addition's boundary
   self-test |    fires: a figure annexed to this plat
   self-test |    fires: the identification drifting off the ground T-1061 refused
   self-test |    fires: a corpus notice turning up that names block 1 of the Addition
   self-test |    fires: the refusal losing the ruling it states
   self-test | kinzie addition numerals self-test: 18 of 18 assertions fire when broken

[1m== Kinzie's Addition's lot lines re-derive from the committed pixels[0m
check: 27 cell(s) re-derive from the committed pixels; raster sha256 matches

[1m== …and its own assertions still fire when broken[0m [2m(self-test: the assertions below are meant to fire)[0m
   self-test | self-test: 11/11 assertions hold

[1m== the North Division numeral crops re-cut from the committed street lines[0m
the seven North Division numeral crops re-cut from the committed street lines

[1m== …and its own assertions still fire when broken[0m [2m(self-test: the assertions below are meant to fire)[0m
   self-test | self-test: moving Clark Street 40 m, or Carroll's east end 40 m under block 7's south side, breaks the crop check, as both must

[1m== the Washington-Madison numeral crops re-cut from the committed street lines[0m
the seven Washington-Madison numeral crops re-cut from the committed street lines

[1m== …and its own assertions still fire when broken[0m [2m(self-test: the assertions below are meant to fire)[0m
   self-test | self-test: moving Clark Street 40 m breaks the crop check, and a read window slid out of its box measures the overhang that slide produces, as they must

[1m== the West Division numeral crops re-cut from the committed street lines[0m
the eighteen West Division numeral crops re-cut from the committed street lines

[1m== …and its own assertions still fire when broken[0m [2m(self-test: the assertions below are meant to fire)[0m
   self-test | self-test: moving Clinton 40 m or Lake 30 m at the clip the crops are cut from breaks the crop check while moving Lake's carried west end does not, a read window slid out of its box measures the overhang that slide produces, and a tier band read backwards breaks the boustrophedon, as they must

[1m== the West Division's lot figures still answer for the sheet they were read on[0m
the West Division's 22 blocks, 203 lots and every printed figure still answer for the sheet they were read on; 378 ft closes both ways and the module is 458 ft

[1m== …and its own assertions still fire when broken[0m [2m(self-test: the assertions below are meant to fire)[0m
   self-test | self-test: a changed scan, a region off the paper, a duplicated numeral, an 80 ft West Division frontage, a broken east-west/north-south closure, a silent refusal, an under-graded figure and a tier at odds with its blocks all break the gate, as they must

[1m== blocks 14 and 15 re-cut from Market Street and Carroll continued east[0m
blocks 14 and 15 re-cut from Market Street and Carroll continued east

[1m== …and its own assertions still fire when broken[0m [2m(self-test: the assertions below are meant to fire)[0m
   self-test | self-test: moving Carroll's east end 40 m breaks the crop check, as it must

[1m== Wabansia's street reading re-derives from its own pixels[0m
wabansia streets: 7 corridors re-derive from their committed pixels; 2 adjudications carry arguments

[1m== …and its own assertions still fire when broken[0m [2m(self-test: the assertions below are meant to fire)[0m
   self-test | wabansia street reading FAILED
   self-test |   sailors.corridor_m: committed 99.0, re-derives 24.59
   self-test | wabansia street reading FAILED
   self-test |   hight.name_on_sheet: committed Right, re-derives Hight
   self-test | wabansia street reading FAILED
   self-test |   street order moved: kinzie where free is read
   self-test |   street order moved: hubbard where trade is read
   self-test |   street order moved: owen where sailors is read
   self-test |   street order moved: sailors where owen is read
   self-test |   street order moved: trade where hubbard is read
   self-test |   street order moved: free where kinzie is read
   self-test |   the streets are not committed in Wright's north-to-south order
   self-test | wabansia street reading FAILED
   self-test |   free: corridor edges are not north-then-south
   self-test | wabansia street reading FAILED
   self-test |   trade.centre_px_y: committed 9999.0, re-derives 1249.85
   self-test |   trade: the committed corridor centre 9999.0 is outside the crop [700, 1215, 1100, 1320] its name was read in
   self-test | wabansia street reading FAILED
   self-test |   module.corridor_ft_raw: committed 1.0, re-derives 80.7
   self-test | wabansia street reading FAILED
   self-test |   cross_check.gap_m: committed 0.0, re-derives 20.9
   self-test | wabansia street reading FAILED
   self-test |   adjudication hight_not_right is documented with no argument
   self-test |   fired: a corridor width moved
   self-test |   fired: a street changed name
   self-test |   fired: the order was shuffled
   self-test |   fired: a corridor was inverted
   self-test |   fired: a centre left its crop
   self-test |   fired: the module drifted
   self-test |   fired: the Kinzie cross-check moved
   self-test |   fired: an adjudication lost its argument
   self-test | all 8 assertions fire

[1m== Wabansia's block numerals re-derive from the reading and the run[0m
wabansia block numerals: 21 cell(s) numbered 59-79, 20 read off the sheet, 1 carried by the run

[1m== …and its own assertions still fire when broken[0m [2m(self-test: the assertions below are meant to fire)[0m
   self-test | wabansia block numerals self-test: 12 broken inputs, each caught by its own assertion

[1m== Wabansia's water-lot strip re-derives from its rules and the run[0m
wabansia water lots: 33 cell(s) in four ranks, 26 numbered, 23 read off the sheet, 7 refused

[1m== …and its own assertions still fire when broken[0m [2m(self-test: the assertions below are meant to fire)[0m
   self-test | wabansia water lots self-test: 18 broken inputs, each caught by its own assertion

[1m== Wabansia's streets re-derive from the readings and the committed Kinzie line[0m
wabansia: 6 street line(s), the block grid's outline, the water-lot wedge (4 ranks, 26 lots) and the tract's outline all re-derive from the readings in data/traces/wabansia_streets.json, wabansia_block_numbering.json and wabansia_water_lots.json

[1m== Kinzie Street's Wabansia reach re-derives, meets the committed line and bends nothing[0m
kinzie west reach: 446.9 m re-derives from wabansia_block_numbering.json and the committed kinzie line

[1m== the West Division's five tiers re-derive to Des Plaines, bend nothing and stand on dry ground[0m
  ok   carroll carries the west reach (3 vertices committed)
  ok   carroll's committed path re-derives to the centimetre (0.000 m)
  ok   carroll moves nothing east of the old clip — every committed vertex from [-320.0, 137.85] eastward stands where it stood
  ok   …and the direction change it adds at that retained vertex is under a tenth of a degree (0.0013 deg)
  ok   carroll's new reach stands on modelled ground at every one of 42 samples
  ok   …and on DRY ground, the lowest sample 1.135 m above the 1835 water surface
  ok   carroll's note carries the derivation this tool wrote
  ok   carroll's grade is untouched by the carry (inferred)
  ok   fulton carries the west reach (3 vertices committed)
  ok   fulton's committed path re-derives to the centimetre (0.000 m)
  ok   fulton moves nothing east of the old clip — every committed vertex from [-320.0, 12.59] eastward stands where it stood
  ok   …and the direction change it adds at that retained vertex is under a tenth of a degree (0.0000 deg)
  ok   fulton's new reach stands on modelled ground at every one of 42 samples
  ok   …and on DRY ground, the lowest sample 1.155 m above the 1835 water surface
  ok   fulton's note carries the derivation this tool wrote
  ok   fulton's grade is untouched by the carry (attested)
  ok   lake carries the west reach (4 vertices committed)
  ok   lake's committed path re-derives to the centimetre (0.000 m)
  ok   lake moves nothing east of the old clip — every committed vertex from [-320.0, -107.1] eastward stands where it stood
  ok   …and the direction change it adds at that retained vertex is under a tenth of a degree (0.0029 deg)
  ok   lake's new reach stands on modelled ground at every one of 42 samples
  ok   …and on DRY ground, the lowest sample 1.105 m above the 1835 water surface
  ok   lake's note carries the derivation this tool wrote
  ok   lake's grade is untouched by the carry (attested)
  ok   randolph carries the west reach (4 vertices committed)
  ok   randolph's committed path re-derives to the centimetre (0.000 m)
  ok   randolph moves nothing east of the old clip — every committed vertex from [-320.0, -249.9] eastward stands where it stood
  ok   …and the direction change it adds at that retained vertex is under a tenth of a degree (0.0164 deg)
  ok   randolph's new reach stands on modelled ground at every one of 41 samples
  ok   …and on DRY ground, the lowest sample 1.175 m above the 1835 water surface
  ok   randolph's note carries the derivation this tool wrote
  ok   randolph's grade is untouched by the carry (attested)
  ok   washington carries the west reach (3 vertices committed)
  ok   washington's committed path re-derives to the centimetre (0.000 m)
  ok   washington moves nothing east of the old clip — every committed vertex from [-320.0, -385.2] eastward stands where it stood
  ok   …and the direction change it adds at that retained vertex is under a tenth of a degree (0.0000 deg)
  ok   washington's new reach stands on modelled ground at every one of 41 samples
  ok   …and on DRY ground, the lowest sample 1.205 m above the 1835 water surface
  ok   washington's note carries the derivation this tool wrote
  ok   washington's grade is untouched by the carry (attested)
  ok   fulton's carried line meets its two surviving western intersections inside the four-point fit's own RMS (0.132 m against 0.35 m)
  ok   the three Thompson plat tiers are carried on the plat's own east-west bearing (-0.008115), so they arrive at Des Plaines as parallel as the sheet draws them
  ok   carroll's midpoint sits inside its own re-measured bracket (half-bracket 6.536 m)
  ok   carroll claims no more ground than fulton, the pair it lies between
  ok   `des_plaines` — the street they stop at — is committed

check OK — every assertion holds

[1m== the Kinzie Block's reading re-derives from its own pixels and the corpus[0m
re-derived from the committed pixels, streets and corpus: OK

[1m== the Michigan St tract's reading re-derives from its own pixels[0m
michigan_st_tract_grid.json: re-derives from its own pixels through the committed affine

[1m== the Michigan St tract is still seated on the two committed lines it was hung from[0m
michigan st tract: 4 line(s) and the seating re-derive from data/traces/michigan_st_tract_grid.json

[1m== the water-lot strip's metres re-derive from the pixels committed beside them[0m
kinzie_addition_water_lots.json: 94 front-line stations, 94 depths and 34 strokes re-derive; run of 35

[1m== …and the strip still reads the same off the sheet[0m
kinzie_addition_water_lots.json: re-read from the raster, byte for byte the same

[1m== platted block parcels match their recipe and the committed lots[0m
verified 311 anonymous roofs across 63 platted block(s)
  lot ceiling (T-0834): 9 of 59 sized parcel(s) are dealt past their free lots and stand the rest in a frontage run — blk_lake_clark needs 1 of its 1, blk_randolph_dearborn needs 1 of its 1, blk_randolph_dearborn needs 1 of its 1, blk_lake_franklin needs 1 of its 1, blk_randolph_market needs 1 of its 1, blk_south_water_lasalle needs 2 of its 2, blk_south_water_franklin needs 1 of its 1, blk_south_water_dearborn needs 1 of its 1, blk_south_water_franklin needs 1 of its 1; 4 pre-T-A6 parcel(s) carry no free-lot count

[1m== …and a roof can front its corner lot's side street, and every refusal fires[0m [2m(self-test: the assertions below are meant to fire)[0m
   self-test | OK   W2 on lot 0 looks out along the dearborn face — 270.36 deg against the face's 270.36
   self-test | OK   W2 on lot 0 stands inside its lot, clear of the margin — 3.00 m to a lot line
   self-test | OK   W2 on lot 0 stays out of every drawn street
   self-test | OK   W2 on lot 0 stands its setback back from the dearborn line — 3.00 m
   self-test | OK   W2 on lot 0 slid along its side line to the alley end — 8.9 m from the alley
   self-test | OK   W2 on lot 0 says what it fronts and where
   self-test | OK   …and without the term W2 on lot 0 would look 90 deg off
   self-test | OK   W3 on lot 0 looks out along the dearborn face — 270.36 deg against the face's 270.36
   self-test | OK   W3 on lot 0 stands inside its lot, clear of the margin — 3.00 m to a lot line
   self-test | OK   W3 on lot 0 stays out of every drawn street
   self-test | OK   W3 on lot 0 stands its setback back from the dearborn line — 3.00 m
   self-test | OK   W3 on lot 0 slid along its side line to the alley end — 8.8 m from the alley
   self-test | OK   W3 on lot 0 says what it fronts and where
   self-test | OK   …and without the term W3 on lot 0 would look 90 deg off
   self-test | OK   D3 on lot 6 looks out along the state face — 90.37 deg against the face's 90.37
   self-test | OK   D3 on lot 6 stands inside its lot, clear of the margin — 3.00 m to a lot line
   self-test | OK   D3 on lot 6 stays out of every drawn street
   self-test | OK   D3 on lot 6 stands its setback back from the state line — 3.00 m
   self-test | OK   D3 on lot 6 slid along its side line to the alley end — 9.2 m from the alley
   self-test | OK   D3 on lot 6 says what it fronts and where
   self-test | OK   …and without the term D3 on lot 6 would look 90 deg off
   self-test | OK   a long-face slot keeps its lot's own frame, the same object
   self-test | OK   an interior lot cannot front a cross street — blk_washington_dearborn: slot W2 on lot 2 fronts 'dearborn', and its lot has no edge on that face — only a corner lot touches a cross street, so a roof on an in
   self-test | OK   a workshop on State is refused: State is light — blk_washington_dearborn: a W2 roof may not front 'state', a light street. Not one of the 31 documented stores, warehouses and workshops in this town stands on o
   self-test | OK   a workshop on Dearborn is refused where Lake outranks it — blk_lake_dearborn: a W2 roof fronts 'dearborn' (ordinary) while the block is bounded by 'lake' (principal). A non-dwelling takes the block's better face (T-0024
   self-test | OK   a yard building cannot take the cross-street term — blk_washington_dearborn: slot A1 on lot 0 stands on the alley and fronts 'dearborn', which is not its lot's own face. The cross-street term is a street term: a 
   self-test | OK   a street that bounds no face of the block is refused — blk_washington_dearborn: slot D3 on lot 0 fronts 'clark', which is not exactly one face of blk_washington_dearborn
   self-test | OK   the side street is read off the grid, not the recipe
   self-test | OK   a W2 on the side street behind house derives ancillary — ancillary
   self-test | OK   a W2 on the side street with no house derives principal_functional — principal_functional
   self-test | OK   a C2 on the side street behind house derives principal_functional — principal_functional
   self-test | OK   a D3 on the side street behind house derives principal_functional — principal_functional
   self-test | OK   a W2 on its lot's own face behind a house is still principal
   self-test | OK   a side-street workshop on State is still refused: State is light — blk_washington_dearborn: a W2 roof may not front 'state', a light street. Not one of the 31 documented stores, warehouses and workshops in this town stands on o
   self-test | OK: the cross-street term stands a roof on its corner lot's side street, and every clause that refuses one still fires

[1m== every frontage run stands across the lots its recipe declares[0m
16 frontage entr(ies) measured, none over-declared, 3 naming a business front wider than their own run

[1m== …and its own assertions still fire when broken[0m [2m(self-test: the assertions below are meant to fire)[0m
   self-test | measure_frontage_declaration self-test: ok

[1m== every party-line note says what its placement did[0m
verified 43 party-line notes against their footprints and the plat

[1m== …and a note naming the wrong wall still fails[0m [2m(self-test: the assertions below are meant to fire)[0m
   self-test | self-test: 43 notes read, every broken claim refused

[1m== the residents manifest re-derives from the household cards and the retired records[0m
data/residents/index.json re-derives from its 1457 household cards, and every one of its 69 redirects arrives at a live card

[1m== …and its own assertions still fire when broken[0m [2m(self-test: the assertions below are meant to fire)[0m
   self-test |   ok   grades tally the persons, household by household and in total
   self-test |   ok   a flag is written only when it is true
   self-test |   ok   projected_resident comes off the person's resident_subtype
   self-test |   ok   every derived count is the tally of the cards, not of the old file
   self-test |   ok   a {value, confidence} block contributes its value, and an unstated one reads as None
   self-test |   ok   review_required is a bool on every row, stated or not
   self-test |   ok   key order is canonical, whatever order the card carried
   self-test |   ok   rows are ordered by id, not by the filesystem
   self-test |   ok   a rebuild of a rebuild is a no-op
   self-test |   ok   an authored count is carried through untouched, in its own place
   self-test |   ok   a name off a letter list, placed nowhere, awaits a household
   self-test |   ok   …and so does one carrying a trade word and nothing else — the ruling says a trade WITH A PREMISES
   self-test |   ok   …and so does one whose only street is a later directory's
   self-test |   ok   a stated dwelling makes it a house
   self-test |   ok   a stated premises makes it a house
   self-test |   ok   two NAMED people make it a house
   self-test |   ok   …but a drawn second person does not: a seated reconstruction is not a source giving the record a shape
   self-test |   ok   a stated kinship makes it a house
   self-test |   ok   a civil division makes it a house, and `unplaced` is not one
   self-test |   ok   a household with no named person at all is one the programme built, and is a house by construction
   self-test |   ok   an empty card is neither — it is not a house and there is nobody in it to await one
   self-test |   ok   the clause is read in order, so the strongest reading is the one the row carries
   self-test |   ok   the two units sum to the record count, and neither is the other
   self-test |   ok   the row carries the clause, and a record awaiting a household carries no key at all
   self-test |   ok   a manifest that matches its cards reports nothing
   self-test |   ok   a row whose grade disagrees with its card is caught
   self-test |   ok   a card with no manifest row is caught
   self-test |   ok   a manifest row with no card is caught
   self-test |   ok   a row key no derivation emits is named, not ignored
   self-test |   ok   a flag written when it is false is caught
   self-test |   ok   each of the 10 derived counts is caught when moved (households, persons, by_grade, letter_list_only, projected_residents, census_1840_linked, civic_mint, merged_away, houses, awaiting_a_household)
   self-test |   ok   the drift report is capped, and says how many it did not print
   self-test |   ok   a redirect row is the retired record's own merged_into block, and the retired name is read off the superseded card beneath it
   self-test |   ok   redirect rows are ordered by the retired id, and tallied
   self-test |   ok   a pass that retires no card keeps the committed redirect table instead of deriving an empty one out of its silence
   self-test |   ok   a sound layer's redirects all arrive
   self-test |   ok   a redirect to a household that is not a card is refused
   self-test |   ok   a redirect that points at another retired card is refused
   self-test |   ok   a redirect to a person who is in no household card is refused
   self-test |   ok   a retired id that is also a live card is refused
   self-test |   ok   a redirect that states no rule is refused
   self-test |   ok   a retired record with no redirect row is caught, and the sentence says the id resolves to nothing (hh_vanderbogart_h, T-0842)
   self-test |   ok   a redirect row whose rule disagrees with its record is caught (hh_blanchard_gantry, T-0993)
   self-test |   ok   a redirect row with no record behind it is caught
   self-test |   ok   a typo'd --write is REFUSED, not silently read as a check
   self-test |   ok   ...and an unrecognised flag of any kind is refused too
   self-test |   ok   --check still passes on the committed manifest
   self-test | 
   self-test | 0 failure(s)

[1m== the presence rulings re-derive from the cards' own dated readings[0m
data/reconstruction/1835_presence_rulings.json re-derives: 948 household(s), 1853 person(s)

[1m== …and every ruling still passes the project's tier contract[0m [2m(self-test: the assertions below are meant to fire)[0m
   self-test | ok — 0 failure(s)

[1m== every stated kinship the corpus offers has been ruled on[0m
kin survey re-derives, and every landable proposal carries a ruling

[1m== …and its own assertions still fire when broken[0m [2m(self-test: the assertions below are meant to fire)[0m
   self-test |   ok   a landable proposal nobody has ruled on is an error
   self-test |   ok   a ruling with no reason is an error
   self-test |   ok   a ruling with no verdict is an error
   self-test |   ok   'landed' with no kin row on the record is an error
   self-test |   ok   'landed' with the kin row present passes
   self-test |   ok   'refused' with the kin row written anyway is an error
   self-test |   ok   a landed parent tie with its read mirror on both rows passes
   self-test |   ok   a mirror term the entry does not say is refused
   self-test |   ok   a mirror that is no inverse of the stated relation is refused
   self-test |   ok   a far row whose term disagrees with the read mirror is refused
   self-test |   ok   a landed tie whose far row is missing is refused
   self-test |   ok   a ruling answering a proposal the survey no longer makes is an error
   self-test |   ok   an initial matches the forename it abbreviates
   self-test |   ok   a bare surname resolves to nobody
   self-test |   ok   two townspeople of one name are ambiguous, never guessed
   self-test |   ok   an authored reading whose quote is NOT on the card it cites is refused
   self-test |   ok   ...and one citing a card that is not in the tree is refused too
   self-test |   ok   the committed readings' quotes are all really on their cards
   self-test | 
   self-test | 0 failure(s)

[1m== the inferred-household programme re-derives the 38 roofs it still owns[0m
   OK: 38 structure record(s) re-derive in every field this pass still owns, and T-0489's retirement stands on all of them
   the programme still argues 101 households (113 persons) behind 38 structure records, 104 anonymous roofs adopted; T-0489 retired the households and kept the roofs
  rule 6 family test: 29 of 29 census trades resolve, 45 trade-family pairs

[1m== …and both halves of that ownership contract fire when broken[0m [2m(self-test: the assertions below are meant to fire)[0m
   self-test |    OK: the ownership contract's assertions fire on both halves

[1m== the invented names re-deal identically and not one of them stands in the tree[0m
   OK: 114 invented name(s) re-deal identically on a second derivation, every one carrying a name_basis graded reconstructed, and not one of them stands in the tree — T-0489's retirement holds

[1m== the resident synthesizer has not drifted further from the cards it writes[0m
  ok    the writer stands 0 known file(s) from the tree, every one of them on the T-0838 baseline

[1m== …and that ratchet fires in both directions[0m [2m(self-test: the assertions below are meant to fire)[0m
   self-test | ok: the ratchet fires on undeclared drift, on healed drift and against an empty baseline; 0 file(s) stand today; and publish-then-drift is still a round trip this gate takes

[1m== the person-fact table and the facts it spent agree with the records[0m
person facts: 913 row(s) across 1457 household(s); 40 asserted and on the records; table and readings agree

[1m== …and every one of those rules bites when it is broken[0m [2m(self-test: the assertions below are meant to fire)[0m
   self-test |   ok   a clean asserted row
   self-test |   ok   a later-volume reading, asserted
   self-test |   ok   an out-of-town arrival, asserted
   self-test |   ok   a reconstructed grade on a reading
   self-test |   ok   a value the record already carries
   self-test |   ok   a verdict that is not a verdict
   self-test |   ok   an unresolved pointer at another ticket
   self-test |   ok   a source that does not resolve
   self-test |   ok   a reason too short to be one
   self-test |   ok   a fact class off the vocabulary
   self-test |   ok   a landholding with two resolving sources
   self-test |   ok   a source list carrying a source that does not resolve
   self-test |   ok   a source list that leads with a volume the row was not read off
   self-test |   ok   a source list that is not a list
   self-test | self-test: all rules bite

[1m== inferred placeholder GLBs match their records[0m
verified 0 flagged placeholder GLBs; 518 superseded by a canonical bake

[1m== the confidence fixture carries all three levels, and agrees with its record[0m
Sauganash Hotel, phase frame_1831 — placeholder massing
  10 x 8 m footprint, 5.5 m walls, 2 stories, ridge 8.6 m
  637 vertices, 317 triangles, 24 shutter leaves, log wing absent
  cross wing at x_max: 8 m span x 8 m back, ridge 8.6 m — one apex height with the block
  _CONFIDENCE as confidence.js levelOf() reads it back:
    attested        576 vertices
    inferred         34 vertices
    reconstructed    27 vertices
  _CONFIDENCE by part (worst driving attribute wins):
    cross_wing 1.0  reconstructed from: cross_wing, cross_wing_end, cross_wing_depth_m
    log_wing   0.5  inferred     from: log_wing
    roof       0.5  inferred     from: roof_type, roof_pitch_deg
    shutters   0.0  attested     from: shutters
    walls      0.5  inferred     from: stories, wall_height_m
  sidecar cross-check: data/sidecars/1835/sauganash_hotel.json agrees with the record

--check: 27336 bytes, not written

[1m== every clapboard wall's stock re-derives from its deal[0m
verified: 31 named frame building(s) carry a stock; 4 stocks in the set
  town: 342 clapboard wall(s); 83 of 684 pairs standing within 60 m share a stock (12.1%)

[1m== the platted block and lot grid re-derives from the module[0m
verified 88 platted blocks (432 lots, 50 omitted)

[1m== …and a block whose rows have crossed is refused rather than emitted[0m [2m(self-test: the assertions below are meant to fire)[0m
   self-test |   ok:    as committed — South Water Street's committed centreline stops 32 m short of this block
   self-test |   fires: the closure the ruling asks for — South Water Street and Lake Street have crossed by this block's west corner — their platted corridors overlap by 14.9 m there, so what lies between them is not a block
   self-test |   ok:    blk_south_water_franklin still builds (9168 m2)
   self-test |   ok:    the ground, not the line — South Water carried as far north at Market as the committed waterline (local N -106.1) allows leaves -32.3 m between it and Lake Street
   self-test |   ok:    88 blocks sort onto ['canal_commissioners_1830', 'canal_section_9_remainder', 'kinzies_addition', 'school_section', 'wabansia'], which is what the record says
   self-test |   ok:    the West Division arrangement needs 378 ft of face and the committed blocks give 315.2, 326.1, 333.5 ft; Clinton to Canal is 367.9 ft against the plat's 458 ft
   self-test |   ok:    3 cell(s) both grids reach are transposed onto the West Division arrangement at `inferred`, numerals read in the block, still short of the printed module; 0 held by a dealt parcel it carries
   self-test |   ok:    27 Kinzie's Addition blocks, every one numbered off the sheet; 5 cut [6] to a face because the sheet rules them so, 22 left whole because it does not
   self-test |   ok:    all 52 of the Addition's numerals land — on a block, or on an omission that says which side is not a street
   self-test |   ok:    the Addition's interior faces read [89.4] m against its own module's 89.4 m; the Original Town's corridor would have given 87.2 m
   self-test |   ok:    the Michigan Street tract's ladder lands on all four corners tools/seat_michigan_st_tract.py committed, to the millimetre
   self-test |   ok:    5 read lot rows close on their seated faces within 2.8 per cent, under the sheets' own 4.5; the 3 faces the reading never reached stay withheld
   self-test |   ok:    all 21 of Wabansia's numerals land — 13 on a block, 8 on an omission that names its blocker
   self-test | SELF-TEST PASS — the crossed-corner refusal fires on the case that produced it, the ground says why, the survey-tract layer's answer and the West Division refusal are both re-derived, and the two seated tracts land on their own seatings (13 cases)

[1m== the West Division re-cut of blocks 28 and 45 is still refused by the committed lines[0m
OK data/traces/west_grid_migration_order.json re-derives byte for byte

[1m== …and both halves of that refusal, the seating it would strand and the unanswered first question still fire[0m [2m(self-test: the assertions below are meant to fire)[0m
   self-test | SELF-TEST PASS — the pair, the sheet's ten against what each cell now cuts, both refusals still standing as arithmetic, the seating, both cells transposed at `inferred` with their numerals at their own positions and each re-seat accounted lot by lot, block 45's deal re-argued onto the faces the transpose gives, the precondition, and the first question's answer

[1m== the West Division's north-south lines are still seated on the survey, not on the plat's module[0m
OK data/traces/west_division_spacing_control.json re-derives byte for byte

[1m== …and the gap on every interval, the datum test cutting both ways, the count no residual touches and both anchors' price still fire[0m [2m(self-test: the assertions below are meant to fire)[0m
   self-test | SELF-TEST PASS — the derived lines, the two controls, the gap on every interval, the datum test discriminating both ways, the spread held inside the residual, the count that closes it anyway, the whole-division figure with and without the riverfront, both anchors priced and the seating counted

[1m== the band between the re-centred corridor and its block faces is what T-0419 measured[0m
corridor strip unchanged (fulton, kinzie, south_water); the fork is still the owner's

[1m== …and that measurement's own assertions still fire when broken[0m [2m(self-test: the assertions below are meant to fire)[0m
   self-test | self-test: the assertions hold, and still fire when broken

[1m== every reader of the platted grid says which of its two lines its answer stands on[0m
corridor lines OK — 16 readers of the platted grid, each declaring which line it takes (11 drawn, 2 control, 3 both)

[1m== …and the declaration is checked against the calls, in the tree and not in the prose[0m [2m(self-test: the assertions below are meant to fire)[0m
   self-test |   ok    1. a reader that declares nothing is caught
   self-test |   ok    2. a declaration that is not one of the three is caught
   self-test |   ok    3. an empty reason is caught
   self-test |   ok    4. 'drawn' over a call that asks for the control line is caught
   self-test |   ok    5. 'drawn' over control_offsets() is caught
   self-test |   ok    6. 'control' over the drawn call is caught
   self-test |   ok    7. 'both' when only one line is taken is caught
   self-test |   ok    8. an import with no call cannot confirm anything, and is caught
   self-test |   ok    9. …and the three honest declarations pass
   self-test |   ok    10. 'control' over corridors(from_control=FROM_CONTROL) passes — a flag that CAN ask for it does
   self-test |   ok    11. 'both' over the two calls together passes
   self-test |   ok    12. corridors(False) is the drawn line, not the control one
   self-test |   ok    13. intrusion(poly, lanes) follows the lanes it is given and is charged for neither line
   self-test |   ok    14. a line named in a DOCSTRING is a line discussed, not a line taken
   self-test |   ok    15. …and one named in a COMMENT likewise
   self-test |   ok    16. a module importing only `sampled` owes no declaration
   self-test |   ok    17. …and the committed tree has no fault in it
   self-test |   0 failure(s)

[1m== every opened street's bed lies below its walks, as wide as the road is painted (T-1812)[0m
STREET SECTION PASS — 29 street(s) graded below their walks; spec and streets.js agree on the worked width

[1m== the School Section's block numerals re-derive from the reading and the scheme[0m
school section numerals: 142 block(s), 140 figure(s) read on the sheet, 120 reproduced by the scheme, 3 refusal(s)

[1m== …and its own assertions still fire when broken[0m [2m(self-test: the assertions below are meant to fire)[0m
   self-test |    fires: a block dropped from the reading
   self-test |    fires: one number used twice
   self-test |    fires: a cell that stops obeying the scheme
   self-test |    fires: a crop box off the raster
   self-test |    fires: a section that is no longer a mile wide
   self-test |    fires: the word `Reserved` promoted to a read figure
   self-test |    fires: a word-cell that stops saying it is one
   self-test | school section numerals self-test: 7 of 7 assertions fire when broken

[1m== the School Section's block grid, streets and reservations re-derive[0m
OK  school section grid: 142 blocks, 27 streets, 4 reservations re-derive

[1m== the dooryard garden pickets re-derive from the rule that chose their lots[0m
verified 93 dooryard garden plots on platted house lots (8 lot(s) refused for want of room)

[1m== the lot-line yard fences re-derive from the rule that chose their lots and types[0m
verified 243 fenced lot(s) of 254 improved (30 board, 74 picket, 139 split rail) in 647 run(s); 11 lot(s) refused for want of room

[1m== every enclosure run says whose ground it stands on, or records why it cannot[0m
enclosure ownership: 750 run(s) on the layer; 63 joined to a household, 677 bounding structures only with a recorded refusal
  sauganash_yard: authored ['sauganash_hotel']; the derivation AGREES, and finds ['philo_carpenter_log_shop', 'sauganash_hotel_stable'] standing on the same lot — a second building on the ground, not a second owner of the yard, so the authored value stands
  western_hotel_wagon_yard: authored ['western_hotel', 'western_hotel_stable']; the derivation AGREES
  estray_pen: authored ['estray_pen']; the derivation has NOTHING to compare — 1 run(s) stand on ground the plat does not divide into lots, so the authored owner is the only answer and it stands
  wolf_point_tavern_yard: authored ['wolf_point_tavern', 'wolf_point_tavern_stable']; the derivation has NOTHING to compare — 2 run(s) stand on ground the plat does not divide into lots, so the authored owner is the only answer and it stands
  miller_house_yard: authored ['miller_house', 'miller_tannery']; the derivation has NOTHING to compare — 2 run(s) stand on ground the plat does not divide into lots, so the authored owner is the only answer and it stands

[1m== the dooryard plantings re-derive from the rule that dealt their stems[0m
verified 353 dooryard stems across 162 of 312 dwellings (236 refusal(s) for want of room)

[1m== the settled town's ground re-derives from the plat and every standing roof (T-2084)[0m
settled-town extent: 88 plat blocks, 674 structures standing on 1835-07-01, the forks seed — grown 50 m, 2 ring(s), 6 hole(s), 737 vertices, 207.1 ha
  structures inside: 671 of 674
    outside: estray_pen at (468, -377) — in the public square's slough, which z03 keeps
    outside: kelsey_boarding_house at (1315, 485) — within 115 m of the lake's edge — the beach community keeps it
    outside: log_jail at (466, -275) — in the public square's slough, which z03 keeps
    not counted: cook_county_courthouse_1835 — not standing on 1835-07-01
    not counted: first_fort_dearborn_blockhouse_nw — not standing on 1835-07-01
    not counted: first_fort_dearborn_blockhouse_se — not standing on 1835-07-01
    not counted: first_fort_dearborn_commanding_officers_barracks — not standing on 1835-07-01
    not counted: first_fort_dearborn_flagstaff — not standing on 1835-07-01
    not counted: first_fort_dearborn_magazine — not standing on 1835-07-01
    not counted: first_fort_dearborn_north_range — not standing on 1835-07-01
    not counted: first_fort_dearborn_officers_barracks — not standing on 1835-07-01
    not counted: first_fort_dearborn_parade — not standing on 1835-07-01
    not counted: first_fort_dearborn_pickets_inner — not standing on 1835-07-01
    not counted: first_fort_dearborn_pickets_outer — not standing on 1835-07-01
    not counted: first_fort_dearborn_small_house_ne — not standing on 1835-07-01
    not counted: first_fort_dearborn_small_house_sw — not standing on 1835-07-01
    not counted: first_fort_dearborn_soldiers_barracks_se — not standing on 1835-07-01
    not counted: first_fort_dearborn_soldiers_barracks_sw — not standing on 1835-07-01
    not counted: first_fort_outer_agents_house — not standing on 1835-07-01
    not counted: first_fort_outer_factory — not standing on 1835-07-01
    not counted: first_fort_outer_officers_garden — not standing on 1835-07-01
    not counted: first_fort_outer_stable_middle — not standing on 1835-07-01
    not counted: first_fort_outer_stable_north — not standing on 1835-07-01
    not counted: first_fort_outer_stable_south — not standing on 1835-07-01
    not counted: first_fort_outer_sutlers_garden — not standing on 1835-07-01
    not counted: glessner_house — not standing on 1835-07-01
    not counted: sauganash_hotel — no position
  street corridors wholly on town ground: 27 of 80; 40 leave it (country roads and the sand), 13 never reach it
  the record and the manifest hold the derived extent

[1m== the planted poplar rows re-derive from the rule that chose their greens[0m
verified 3 planted row(s), 12 stems, across 312 dwellings (5 named refusal(s))

[1m== the business signboards re-derive from the rule that chose their frontages[0m
verified 79 business signs (39 frontage(s) refused with a reason)

[1m== admitting one signboard reaches no board further off than the rule's own 40 m[0m
locality: withholding each of the 79 boards in turn
     carpenter_south_water_store    reaches h_jones_store                  at     35.8 m
     carpenter_south_water_store    reaches recon_1835_blk_south_water_wells_c3_02 at     14.3 m
     frederick_thomas_shop          reaches john_holbrook_store            at     17.2 m
     frederick_thomas_shop          reaches recon_1835_blk_south_water_dearborn_c3_02 at     30.0 m
     frederick_thomas_shop          reaches recon_1835_blk_south_water_dearborn_f2_11 at     29.0 m
     jh_kinzie_forwarding_store     reaches recon_1835_blk_south_water_franklin_c2_09 at     17.6 m
     john_holbrook_store            reaches recon_1835_blk_south_water_dearborn_c1_08 at      8.5 m
     new_york_house                 reaches recon_1835_blk_lake_franklin_c2_01 at     31.2 m
     peck_store                     reaches recon_1835_blk_south_water_wells_c3_02 at     30.6 m
     recon_1835_blk_south_water_clark_c2_06 reaches recon_1835_blk_south_water_clark_f2_01 at     32.9 m
     recon_1835_blk_south_water_clark_f2_01 reaches recon_1835_blk_south_water_clark_c2_06 at     32.9 m
     recon_1835_blk_south_water_dearborn_c1_08 reaches recon_1835_blk_south_water_dearborn_c3_02 at     38.7 m
     recon_1835_blk_south_water_dearborn_c3_01 reaches recon_1835_blk_south_water_dearborn_c3_02 at      4.4 m
     recon_1835_blk_south_water_franklin_c2_10 reaches recon_1835_blk_south_water_franklin_c2_08 at     13.9 m
     recon_1835_canal_trade_c4_002  reaches recon_1835_canal_trade_w2_004  at     37.8 m
locality: every reach is inside 40 m

[1m== a reconstructed firm's signboard moves no board the evidence carries[0m
recon yield: 34 evidenced board(s), 18 reconstructed firm board(s) added
recon yield: every evidenced board is byte-identical with and without them

[1m== an adopted register firm's signboard moves no board already hung[0m
adopted yield: 52 board(s) already hung, 27 adopted register firm board(s) added
adopted yield: every board already hung is byte-identical with and without them

[1m== the yard goods re-derive from the rule that chose their frontages[0m
verified 160 object(s) on 29 trading frontage(s), 77 wagon(s) (73 of them the town's), 1 bench(es) and 1 shed(s) (16 frontage(s) and 66 wagon stand(s) refused with a reason)

[1m== every door is read once, its apron re-derives, and no two holes on a front run together (T-1984)[0m
entrances: 642 doors on 641 buildings, each with its apron; no two holes on a read front run together

[1m== nothing placed in the town stands in a doorway (T-1984)[0m
doorways: 642 doors against 3095 placed objects — 0 object(s) standing in a doorway

[1m== the alley lanes re-derive from the plat's strips and the blocks built on (T-2095)[0m
alley lanes: 38 alleys drawn as lanes (4323 m, 53 rings), 9 left in turf, 15 cut by a structure

[1m== the yard outbuildings re-derive from the rule that dealt them by household[0m
ok   data/yard/town_yard_outbuildings.json re-derives: 187 privies, 21 stables, 8 refused

[1m== the kept yards, their refuges and their worn paths re-derive from the lot survey (T-2086)[0m
verified 254 kept lot(s), 344 refuge(s), 328 path(s); 0 refused

[1m== the vacant lots' grazed prairie remnant re-derives from the plat and the lot survey (T-2101)[0m
lot remnant: 171 vacant platted lot(s) in 80 ring(s), 19.9 ha; 254 improved, 7 a footprint overlaps it, 0 an outbuilding is dealt to it, 0 not wholly on the settled town's ground
  the record and the manifest hold the derived remnant

[1m== the building material re-derives from the rule that chose the lots[0m
verified 9 pile(s) on 1 lot(s) that were building (22 record(s) refused with a reason)

[1m== the trade yards re-derive from the rule that dealt them[0m
verified 81 object(s) in 35 trade yard(s) and 5 yard wagon(s) (22 refused with a reason)

[1m== the woodpiles re-derive from the yard-by-household rule[0m
verified 390 woodpiles at 391 dwellings (1 refused for want of room) — {'cabin': 41, 'cottage': 168, 'house': 94, 'keeper': 19, 'merchant': 35, 'shanty': 33}

[1m== …and the yard-by-household rule's guarantees fire when broken[0m [2m(self-test: the assertions below are meant to fire)[0m
   self-test |   ok    every class x house has a row — []
   self-test |   ok    every row names a woodpile the rule defines — []
   self-test |   ok    rule ids are unique — ['Y-W1', 'Y-W2', 'Y-W3', 'Y-W4', 'Y-W5', 'Y-W6']
   self-test |   ok    cottage: a July pile is dealt at or under a full cord's 1.22 m — 0.6-1.1
   self-test |   ok    house: a July pile is dealt at or under a full cord's 1.22 m — 0.7-1.2
   self-test |   ok    merchant: a July pile is dealt at or under a full cord's 1.22 m — 0.75-1.22
   self-test |   ok    keeper: a July pile is dealt at or under a full cord's 1.22 m — 0.9-1.22
   self-test |   ok    the deal is deterministic
   self-test |   ok    the deal differs house to house
   self-test |   ok    a dropped cell is caught — [('merchant', 'log')]
   self-test |   ok    a fabric class is read first
   self-test |   ok    a works class keeps a tradesman's house
   self-test |   ok    a tavern by its function is a keeper's
   self-test |   ok    nothing known is a tradesman's, and says so
   self-test | 
   self-test | SELF-TEST PASS

[1m== the fort apron re-derives from the palisade it is measured off[0m
verified the fort apron: 4 band(s) 12.0 m wide outside the palisade, 4 assertion(s) holding

[1m== the fort wood re-derives from the palisade and the apron it stands off[0m
verified 11 stems of salix_nigra at 9.3-11.4 m, 13 of 24 grid points refused

[1m== no stack in the town is painted the colour of the roof it passes through[0m
OK: all 481 stacks in the town stand clear of their roof in a material of their own.

[1m== every stack is carried eighteen inches above its roof, as the by-law of 5 August 1835 requires[0m
OK: all 481 stack(s) on 423 building(s) clear eighteen inches above their own roof, per the by-law of 5 August 1835 § 18.

[1m== …and its own assertions still fire when broken[0m [2m(self-test: the assertions below are meant to fire)[0m
   self-test |   ok   : a stack exactly on the ordinance's floor passes
   self-test |   fires: a stack a millimetre under it fails
   self-test |   fires: a stack level with its own roof fails
   self-test |   fires: one short stack among compliant ones still fails
   self-test |   ok   : the floor is eighteen inches exactly (0.4572 m)
   self-test | SELF-TEST PASS — the ordinance gate fires when broken (4 cases)

[1m== the river wharves re-derive from the records that state a dock[0m
verified 7 river wharf/wharves (1 frontage(s) refused with a reason)
  ok    a frontage in open water is drawn
          least 1.2 m over 14 station(s)
  ok    CLAUSE 6: a face that runs onto dry ground at its end is refused
          its deck's face would stand on dry ground: the bed rises to 0.35 m ABOVE the water plane 5.5 m from the face's centre, because the bank bends away fro
  ok    CLAUSE 6: and a dry patch BETWEEN the reported three is refused too
          its deck's face would stand on dry ground: the bed rises to 0.35 m ABOVE the water plane 4.5 m from the face's centre, because the bank bends away fro
  ok    CLAUSE 5: a face off the modelled ground is refused
          its face falls outside the modelled ground 5.5 m from its centre, so the depth at it cannot be measured and the wharf is not drawn.
  ok    CLAUSE 4b: a deck running past the trace's end is refused
          its frontage lies beyond the traced 1834 bank line, so part of its deck would stand off bank nobody traced. The dock statement stands; the landing is 
  ok    CLAUSE 2: a dock graded outside the confidence model is refused
          its dock is graded 'probably', which is not a grade this project's confidence model has. A statement this layer cannot classify is a statement it does
  ok    CLAUSE 1: a record that states no dock is not a candidate
          not a candidate
  ok    CLAUSE 3b: a bank that runs nowhere near the wall is not its frontage
          no traced bank stands in front of its river wall — nothing within the deck's own run of the wall's line — so there is no frontage here for a landing t
  ok    CLAUSE 5b: a face afloat but under the working depth is refused
          the modelled channel gives only 0.30 m of water under its face 6.5 m from the centre, under the 0.50 m this layer requires of a working landing. Its f
  ok    and the three reported points read that bed as open water, which is why the run is sampled at 1 m
WHARF CLAUSES PASS

[1m== the landing-place camps re-derive from the bank they stand on[0m
ok   landing_camp_west

[1m== the shore and west-approach camps re-derive from the ground they stand on[0m
ok   land_sale_camp_shore
ok   emigrant_camp_shore
ok   west_approach_wagon_camp
ok   wolf_point_trading_camp

[1m== the case T-0059 was withdrawn on still holds[0m
generator half: none of 10 drawn layers is baked, as docs/GLB-CONTRACT.md decides (T-0252), and each has a row there; 2 renderers; the cheapest route into the bake re-stales 0 committed mesh(es), the shared ones 702

[1m== the bake's command-line half still makes no geometry[0m
ok    generators/build.py imports no archetype and no shared builder, and touches bpy only as bpy.app — the geometry is all in generators/emit.py, which is the module the input hash covers

[1m== …and each way of breaking that split is still refused[0m [2m(self-test: the assertions below are meant to fire)[0m
   self-test |    self-test | ok   an archetype import — refused, as it should be
   self-test |    self-test | ok   an archetype params import — refused, as it should be
   self-test |    self-test | ok   a plain archetype import — refused, as it should be
   self-test |    self-test | ok   a shared builder import — refused, as it should be
   self-test |    self-test | ok   a bpy.ops call — refused, as it should be
   self-test |    self-test | ok   a bpy.data reach — refused, as it should be
   self-test |    self-test | ok   a common/ module that is NOT in code_inputs.NO_GEOMETRY — refused, as it should be
   self-test |    self-test | ok   the phase rule, which makes no geometry — allowed, as it should be
   self-test |    self-test | ok   the selection rule, which makes no geometry either — allowed, as it should be
   self-test |    self-test | ok   bpy.app, which is the manifest's Blender stamp — allowed, as it should be
   self-test |    self-test | ok   a CLI that only parses flags — allowed, as it should be
   self-test |    self-test | ok   the committed build.py passes its own gate
   self-test |    self-test | 0 failure(s)

[1m== the frontage works re-derive from the rule that chose their walls[0m
verified 5 frontage record(s): 231 walk/crossing run(s), 39 street-lining fence run(s) and 53 post(s) (191 refusal(s) stated)

[1m== the freight shed's cargo openings set out once and are read three times[0m
F1's cargo openings

  ok    a cargo door lets F1 reach the bottom of its own 10-13 ft eave band   — eave_floor 2.43 m vs the band's 3.048 m
  ok    …which the wagon door it replaces did not   — wagon floor 3.08 m
  ok    a cargo opening is wider than a stable door and narrower than a wagon's   — 2.2 m clear
  ok    …and lower than both the wagon door and the wall it stands in   — 2.35 m clear
  ok    the frames and the holes in the boarding are the same rectangles   — frames [(1.187, 3.3870000000000005), (4.734, 6.934)] vs holes [(1.187, 3.3870000000000005), (4.734, 6.934)]
  ok    a two-bay shed has two openings and not one   — 2 span(s)
  ok    the piers at the corners and between the bays are equal   — 1.0270 / 1.0270 / 1.0270 m
  ok    no opening runs off the end of its elevation
  ok    a single door still stands in the middle of its wall   — (3.6305, 4.4905)
  ok    three cargo bays on F1's narrowest front are refused
  ok    two wagon doors are refused on a front two cargo doors fit
  ok    half a doorway is refused
  ok    two cargo bays build on every F1 front from the band's median up   — median front 7.0104 m, top 8.5344 m

F1's cargo openings OK — 2.2 x 2.35 m clear, eave floor 2.43 m

[1m== …and that agreement still fires when the frames drift off the holes[0m [2m(self-test: the assertions below are meant to fire)[0m
   self-test | SELF-TEST: the frames are shifted off the holes; the set-out check must fire.
   self-test | F1's cargo openings
   self-test | 
   self-test |   ok    a cargo door lets F1 reach the bottom of its own 10-13 ft eave band   — eave_floor 2.43 m vs the band's 3.048 m
   self-test |   ok    …which the wagon door it replaces did not   — wagon floor 3.08 m
   self-test |   ok    a cargo opening is wider than a stable door and narrower than a wagon's   — 2.2 m clear
   self-test |   ok    …and lower than both the wagon door and the wall it stands in   — 2.35 m clear
   self-test |   FAIL  the frames and the holes in the boarding are the same rectangles   — frames [(1.5870000000000002, 3.7870000000000004), (5.134, 7.3340000000000005)] vs holes [(1.187, 3.3870000000000005), (4.734, 6.934)]
   self-test |   ok    a two-bay shed has two openings and not one   — 2 span(s)
   self-test |   FAIL  the piers at the corners and between the bays are equal   — 1.4270 / 1.0270 / 0.6270 m
   self-test |   ok    no opening runs off the end of its elevation
   self-test |   ok    a single door still stands in the middle of its wall   — (3.6305, 4.4905)
   self-test |   ok    three cargo bays on F1's narrowest front are refused
   self-test |   ok    two wagon doors are refused on a front two cargo doors fit
   self-test |   ok    half a doorway is refused
   self-test |   ok    two cargo bays build on every F1 front from the band's median up   — median front 7.0104 m, top 8.5344 m
   self-test | 
   self-test | 2 check(s) FAILED
   self-test | self-test OK — the assertions fire when the set-out drifts.

[1m== W1's forge stack clears the by-law on every plan its family band admits[0m
THE FORGE STACK (T-1680)

  ok    every W1 plan in the band stands its head inside the 18 in - 4 ft bracket   — least 0.780 m above the apex, floor 0.457 m
  ok    the stack is three blocks — hearth, flue, head   — 3 box(es)
  ok    the flue gathers in from the hearth on both axes   — hearth (0.72, 1.3), flue (0.6, 0.72)
  ok    the head oversails the flue   — flue 0.72 m, head 0.88 m across the wall
  ok    the hearth stands on the ground
  ok    a gable's stack takes an end wall on the ridge's axis   — 9.0x7.0 -> left, 7.0x9.0 -> back
  ok    the stack never stands on the wall the main door is cut into   — back and front tried in turn
  ok    a chimney on a privy is refused   — chimneys 1 on a 2
  ok    a second flue is refused   — chimneys 2 outside 0
  ok    a fractional count is refused   — chimneys True is not a whole number
  ok    a stack with no wall to stand against is refused   — chimneys 1, but every elevation this stack could stand against is open (
  ok    a record that counts no chimney gets no stack

W1's forge stack OK — head 0.780 m clear of the apex at the tightest plan in the band

[1m== …and that bracket still fires when the head drops under the by-law[0m [2m(self-test: the assertions below are meant to fire)[0m
   self-test | SELF-TEST: the head is dropped under the by-law; the bracket must fire.
   self-test | THE FORGE STACK (T-1680)
   self-test | 
   self-test |   FAIL  every W1 plan in the band stands its head inside the 18 in - 4 ft bracket   — least 0.447 m above the apex, floor 0.457 m
   self-test |   ok    the stack is three blocks — hearth, flue, head   — 3 box(es)
   self-test |   ok    the flue gathers in from the hearth on both axes   — hearth (0.72, 1.3), flue (0.6, 0.72)
   self-test |   ok    the head oversails the flue   — flue 0.72 m, head 0.88 m across the wall
   self-test |   ok    the hearth stands on the ground
   self-test |   ok    a gable's stack takes an end wall on the ridge's axis   — 9.0x7.0 -> left, 7.0x9.0 -> back
   self-test |   ok    the stack never stands on the wall the main door is cut into   — back and front tried in turn
   self-test |   ok    a chimney on a privy is refused   — chimneys 1 on a 2
   self-test |   ok    a second flue is refused   — chimneys 2 outside 0
   self-test |   ok    a fractional count is refused   — chimneys True is not a whole number
   self-test |   ok    a stack with no wall to stand against is refused   — chimneys 1, but every elevation this stack could stand against is open (
   self-test |   ok    a record that counts no chimney gets no stack
   self-test | 
   self-test | 1 check(s) FAILED
   self-test | self-test OK — the assertions fire when the stack drops under the by-law.

[1m== the warehouse's cargo doors and the freight doors over them set out once[0m
F2 and F3's cargo-door rhythm

  ok    F2's band authors two cargo bays   — band [20, 40, 26, 60] ft
  ok    F3's band authors three   — band [30, 55, 40, 80] ft
  ok    every other family in the crosswalk answers one   — none
  ok    F2: 2 bays clear the frame's post spacing on its shortest plan   — pier 2.617 m vs 2.44 m
  ok    F2: …and 3 do not   — pier 1.421 m
  ok    F3: 3 bays clear the frame's post spacing on its shortest plan   — pier 2.563 m vs 2.44 m
  ok    F3: …and 4 do not   — pier 1.617 m
  ok    every single-door storefront keeps the exact double it always had   — 47 phase(s) driven, 0 moved
  ok    a two-bay warehouse has two openings and not one   — 2 span(s)
  ok    the piers at the corners and between the bays are equal   — 3.7360 / 3.7360 / 3.7360 m
  ok    …and every opening is inside the wall   — 3.896..11.652 of 15.548 m
  ok    the pier the set-out reports is the pier it leaves   — reported 3.736 m
  ok    there is one upper freight door for each cargo opening   — 2 over 2
  ok    …each centred on the opening it lifts to
  ok    …and none of them wider than the door below it   — upper 1.22 m vs 1.85 m clear
  ok    the gable is highest over the middle of the wall and lowest at its ends   — 10.930 m vs 6.919 m
  ok    a shallow gable carries a beam on the middle bay and not on an outer one   — middle 7.200 m, outer 6.991 m, beam head 7.047 m
  ok    a rhythm the loading side cannot carry at all is refused
  ok    …and one that only fits by thinning the piers under the jamb stock
  ok    half a cargo opening is refused
  ok    a rhythm of nothing — bays without a door — is refused
  ok    a hoist on a one-storey shop is refused
  ok    a hoist under a hip, which has no gable to hang in, is refused
  ok    a hoist over an EAVES loading side is refused
  ok    both of the town's F2 warehouses stand at two bays with a hoist over them   — recon_1835_blk_south_water_clark_f2_01: 2 bays, hoist True; recon_1835_blk_south_water_lasalle_f2_10: 2 bays, hoist True

the cargo-door rhythm OK — F2 2 bays, F3 3, 47 single-door storefront phase(s) unmoved

[1m== …and that still fires when a single-door store moves by a nanometre[0m [2m(self-test: the assertions below are meant to fire)[0m
   self-test | SELF-TEST: a single-bay set-out is nudged by a nanometre; the byte-identity check must fire.
   self-test | F2 and F3's cargo-door rhythm
   self-test | 
   self-test |   ok    F2's band authors two cargo bays   — band [20, 40, 26, 60] ft
   self-test |   ok    F3's band authors three   — band [30, 55, 40, 80] ft
   self-test |   ok    every other family in the crosswalk answers one   — none
   self-test |   ok    F2: 2 bays clear the frame's post spacing on its shortest plan   — pier 2.617 m vs 2.44 m
   self-test |   ok    F2: …and 3 do not   — pier 1.421 m
   self-test |   ok    F3: 3 bays clear the frame's post spacing on its shortest plan   — pier 2.563 m vs 2.44 m
   self-test |   ok    F3: …and 4 do not   — pier 1.617 m
   self-test |   FAIL  every single-door storefront keeps the exact double it always had   — 47 phase(s) driven, 47 moved
   self-test |   ok    a two-bay warehouse has two openings and not one   — 2 span(s)
   self-test |   ok    the piers at the corners and between the bays are equal   — 3.7360 / 3.7360 / 3.7360 m
   self-test |   ok    …and every opening is inside the wall   — 3.896..11.652 of 15.548 m
   self-test |   ok    the pier the set-out reports is the pier it leaves   — reported 3.736 m
   self-test |   ok    there is one upper freight door for each cargo opening   — 2 over 2
   self-test |   ok    …each centred on the opening it lifts to
   self-test |   ok    …and none of them wider than the door below it   — upper 1.22 m vs 1.85 m clear
   self-test |   ok    the gable is highest over the middle of the wall and lowest at its ends   — 10.930 m vs 6.919 m
   self-test |   ok    a shallow gable carries a beam on the middle bay and not on an outer one   — middle 7.200 m, outer 6.991 m, beam head 7.047 m
   self-test |   ok    a rhythm the loading side cannot carry at all is refused
   self-test |   ok    …and one that only fits by thinning the piers under the jamb stock
   self-test |   ok    half a cargo opening is refused
   self-test |   ok    a rhythm of nothing — bays without a door — is refused
   self-test |   ok    a hoist on a one-storey shop is refused
   self-test |   ok    a hoist under a hip, which has no gable to hang in, is refused
   self-test |   ok    a hoist over an EAVES loading side is refused
   self-test |   ok    both of the town's F2 warehouses stand at two bays with a hoist over them   — recon_1835_blk_south_water_clark_f2_01: 2 bays, hoist True; recon_1835_blk_south_water_lasalle_f2_10: 2 bays, hoist True
   self-test | 
   self-test | 1 check(s) FAILED
   self-test | self-test OK — the assertions fire when a single-door store moves.

[1m== no trim board in the frame town lies flat on its own wall[0m
  built 348 phases: frame_dwelling 266, frame_storefront 59, frame_tavern 23
  OK  : no trim board in the frame town lies flat on its own wall

[1m== …and that still fires when a board's street face goes missing[0m [2m(self-test: the assertions below are meant to fire)[0m
   self-test |   built 348 phases: frame_dwelling 266, frame_storefront 59, frame_tavern 23
   self-test |   FAIL: carpenter_south_water_store/frame_1833: 10 trim face(s) lie on a wall with no street face — y=6.096 trim (1.992, 2.46)..(5.3232, 2.74) on wall (0.011 m²)
   self-test |   FAIL: chicago_american_office/frame_1835: 13 trim face(s) lie on a wall with no street face — y=7.62 trim (3.6176, 2.66)..(8.5744, 2.94) on wall (0.011 m²)
   self-test |   FAIL: chicago_democrat_office/frame_1833: 13 trim face(s) lie on a wall with no street face — y=7.62 trim (3.6176, 2.41)..(8.5744, 2.69) on wall (0.011 m²)
   self-test |   FAIL: frederick_thomas_shop/frame_1835: 10 trim face(s) lie on a wall with no street face — y=6.096 trim (2.8048, 2.46)..(6.136, 2.74) on wall (0.011 m²)
   self-test |   FAIL: goss_cobb_saddlery/shop_1833: 10 trim face(s) lie on a wall with no street face — y=6.096 trim (2.8048, 2.46)..(6.136, 2.74) on wall (0.011 m²)
   self-test |   FAIL: h_jones_store/frame_1833: 13 trim face(s) lie on a wall with no street face — y=7.62 trim (3.6176, 3.05)..(8.5744, 3.33) on wall (0.011 m²)
   self-test |   FAIL: harmon_loomis_store/frame_1833: 13 trim face(s) lie on a wall with no street face — y=7.62 trim (3.6176, 2.41)..(8.5744, 2.69) on wall (0.011 m²)
   self-test |   FAIL: inf_grocery_west/inferred_1835: 10 trim face(s) lie on a wall with no street face — y=9.144 trim (1.5856, 3.05)..(4.9168, 3.33) on wall (0.011 m²)
   self-test |   FAIL: jh_kinzie_forwarding_store/frame_1830s: 13 trim face(s) lie on a wall with no street face — y=7.62 trim (3.6176, 3.05)..(8.5744, 3.33) on wall (0.011 m²)
   self-test |   FAIL: john_holbrook_store/frame_1835: 10 trim face(s) lie on a wall with no street face — y=7.62 trim (2.8048, 2.46)..(6.136, 2.74) on wall (0.011 m²)
   self-test |   FAIL: peck_store/frame_1833: 13 trim face(s) lie on a wall with no street face — y=7.62 trim (3.6176, 2.41)..(8.5744, 2.69) on wall (0.011 m²)
   self-test |   FAIL: pruyne_kimball_drugstore/frame_1830s: 10 trim face(s) lie on a wall with no street face — y=6.096 trim (1.992, 2.46)..(5.3232, 2.74) on wall (0.011 m²)
   self-test |   … and 197 more
   self-test | self-test OK — the assertions fire when a board's street face goes missing.

[1m== the street edge's cross-street faces enumerate as the plat says[0m
  ok   the shipped tuple covers all seven cross streets (T-0192)
  ok   the seven cross streets have 47 platted faces
  ok   naming the cross streets does not disturb the east-west faces
  ok   no skipped block is enumerated
  ok   Canal and Clinton are not covered
  ok   an east face stands on its street's west side
  ok   a west face stands on its street's east side
  ok   both sides of every covered cross street are found
  ok   market east side is ordered by northing
  ok   market west side is ordered by northing
  ok   franklin east side is ordered by northing
  ok   franklin west side is ordered by northing
  ok   wells east side is ordered by northing
  ok   wells west side is ordered by northing
  ok   lasalle east side is ordered by northing
  ok   lasalle west side is ordered by northing
  ok   clark east side is ordered by northing
  ok   clark west side is ordered by northing
  ok   dearborn east side is ordered by northing
  ok   dearborn west side is ordered by northing
  ok   state east side is ordered by northing
  ok   state west side is ordered by northing
  ok   blk_washington_clark west face looks across its street
  ok   blk_randolph_clark west face looks across its street
  ok   blk_lake_clark west face looks across its street
  ok   blk_south_water_clark west face looks across its street
  ok   blk_washington_lasalle east face looks across its street
  ok   blk_randolph_lasalle east face looks across its street
  ok   blk_lake_lasalle east face looks across its street
  ok   blk_south_water_lasalle east face looks across its street
  ok   blk_washington_dearborn west face looks across its street
  ok   blk_randolph_dearborn west face looks across its street
  ok   blk_lake_dearborn west face looks across its street
  ok   blk_south_water_dearborn west face looks across its street
  ok   blk_washington_clark east face looks across its street
  ok   blk_randolph_clark east face looks across its street
  ok   blk_lake_clark east face looks across its street
  ok   blk_south_water_clark east face looks across its street
  ok   blk_washington_franklin west face looks across its street
  ok   blk_randolph_franklin west face looks across its street
  ok   blk_lake_franklin west face looks across its street
  ok   blk_south_water_franklin west face looks across its street
  ok   blk_washington_market east face looks across its street
  ok   blk_randolph_market east face looks across its street
  ok   blk_lake_market east face looks across its street
  ok   blk_south_water_market east face looks across its street
  ok   blk_washington_lasalle west face looks across its street
  ok   blk_randolph_lasalle west face looks across its street
  ok   blk_lake_lasalle west face looks across its street
  ok   blk_south_water_lasalle west face looks across its street
  ok   blk_washington_wells east face looks across its street
  ok   blk_randolph_wells east face looks across its street
  ok   blk_lake_wells east face looks across its street
  ok   blk_south_water_wells east face looks across its street
  ok   blk_washington_market west face looks across its street
  ok   blk_randolph_market west face looks across its street
  ok   blk_lake_market west face looks across its street
  ok   blk_washington_dearborn east face looks across its street
  ok   blk_randolph_dearborn east face looks across its street
  ok   blk_lake_dearborn east face looks across its street
  ok   blk_south_water_dearborn east face looks across its street
  ok   blk_washington_wells west face looks across its street
  ok   blk_randolph_wells west face looks across its street
  ok   blk_lake_wells west face looks across its street
  ok   blk_south_water_wells west face looks across its street
  ok   blk_washington_franklin east face looks across its street
  ok   blk_randolph_franklin east face looks across its street
  ok   blk_lake_franklin east face looks across its street
  ok   blk_south_water_franklin east face looks across its street
  ok   blk_washington_clark lots all front a face the block is bounded by
  ok   blk_randolph_clark lots all front a face the block is bounded by
  ok   blk_lake_clark lots all front a face the block is bounded by
  ok   blk_south_water_clark lots all front a face the block is bounded by
  ok   blk_washington_lasalle lots all front a face the block is bounded by
  ok   blk_randolph_lasalle lots all front a face the block is bounded by
  ok   blk_lake_lasalle lots all front a face the block is bounded by
  ok   blk_south_water_lasalle lots all front a face the block is bounded by
  ok   blk_washington_dearborn lots all front a face the block is bounded by
  ok   blk_randolph_dearborn lots all front a face the block is bounded by
  ok   blk_lake_dearborn lots all front a face the block is bounded by
  ok   blk_south_water_dearborn lots all front a face the block is bounded by
  ok   blk_washington_clark lots all front a face the block is bounded by
  ok   blk_randolph_clark lots all front a face the block is bounded by
  ok   blk_lake_clark lots all front a face the block is bounded by
  ok   blk_south_water_clark lots all front a face the block is bounded by
  ok   blk_washington_franklin lots all front a face the block is bounded by
  ok   blk_randolph_franklin lots all front a face the block is bounded by
  ok   blk_lake_franklin lots all front a face the block is bounded by
  ok   blk_south_water_franklin lots all front a face the block is bounded by
  ok   blk_washington_market lots all front a face the block is bounded by
  ok   blk_randolph_market lots all front a face the block is bounded by
  ok   blk_lake_market lots all front a face the block is bounded by
  ok   blk_south_water_market lots all front a face the block is bounded by
  ok   blk_south_water_market lots all front a face the block is bounded by
  ok   blk_south_water_franklin lots all front a face the block is bounded by
  ok   blk_south_water_wells lots all front a face the block is bounded by
  ok   blk_south_water_lasalle lots all front a face the block is bounded by
  ok   blk_south_water_clark lots all front a face the block is bounded by
  ok   blk_south_water_dearborn lots all front a face the block is bounded by
  ok   blk_lake_clinton lots all front a face the block is bounded by
  ok   blk_lake_market lots all front a face the block is bounded by
  ok   blk_lake_franklin lots all front a face the block is bounded by
  ok   blk_lake_wells lots all front a face the block is bounded by
  ok   blk_lake_lasalle lots all front a face the block is bounded by
  ok   blk_lake_clark lots all front a face the block is bounded by
  ok   blk_lake_dearborn lots all front a face the block is bounded by
  ok   blk_washington_lasalle lots all front a face the block is bounded by
  ok   blk_randolph_lasalle lots all front a face the block is bounded by
  ok   blk_lake_lasalle lots all front a face the block is bounded by
  ok   blk_south_water_lasalle lots all front a face the block is bounded by
  ok   blk_washington_wells lots all front a face the block is bounded by
  ok   blk_randolph_wells lots all front a face the block is bounded by
  ok   blk_lake_wells lots all front a face the block is bounded by
  ok   blk_south_water_wells lots all front a face the block is bounded by
  ok   blk_washington_market lots all front a face the block is bounded by
  ok   blk_randolph_market lots all front a face the block is bounded by
  ok   blk_lake_market lots all front a face the block is bounded by
  ok   blk_lake_clinton lots all front a face the block is bounded by
  ok   blk_lake_market lots all front a face the block is bounded by
  ok   blk_lake_franklin lots all front a face the block is bounded by
  ok   blk_lake_wells lots all front a face the block is bounded by
  ok   blk_lake_lasalle lots all front a face the block is bounded by
  ok   blk_lake_clark lots all front a face the block is bounded by
  ok   blk_lake_dearborn lots all front a face the block is bounded by
  ok   blk_randolph_clinton lots all front a face the block is bounded by
  ok   blk_randolph_market lots all front a face the block is bounded by
  ok   blk_randolph_franklin lots all front a face the block is bounded by
  ok   blk_randolph_wells lots all front a face the block is bounded by
  ok   blk_randolph_lasalle lots all front a face the block is bounded by
  ok   blk_randolph_clark lots all front a face the block is bounded by
  ok   blk_randolph_dearborn lots all front a face the block is bounded by
  ok   blk_south_water_market lots all front a face the block is bounded by
  ok   blk_south_water_franklin lots all front a face the block is bounded by
  ok   blk_south_water_wells lots all front a face the block is bounded by
  ok   blk_south_water_lasalle lots all front a face the block is bounded by
  ok   blk_south_water_clark lots all front a face the block is bounded by
  ok   blk_south_water_dearborn lots all front a face the block is bounded by
  ok   blk_washington_dearborn lots all front a face the block is bounded by
  ok   blk_randolph_dearborn lots all front a face the block is bounded by
  ok   blk_lake_dearborn lots all front a face the block is bounded by
  ok   blk_south_water_dearborn lots all front a face the block is bounded by
  ok   blk_randolph_clinton lots all front a face the block is bounded by
  ok   blk_randolph_market lots all front a face the block is bounded by
  ok   blk_randolph_franklin lots all front a face the block is bounded by
  ok   blk_randolph_wells lots all front a face the block is bounded by
  ok   blk_randolph_lasalle lots all front a face the block is bounded by
  ok   blk_randolph_clark lots all front a face the block is bounded by
  ok   blk_randolph_dearborn lots all front a face the block is bounded by
  ok   blk_washington_clinton lots all front a face the block is bounded by
  ok   blk_washington_market lots all front a face the block is bounded by
  ok   blk_washington_franklin lots all front a face the block is bounded by
  ok   blk_washington_wells lots all front a face the block is bounded by
  ok   blk_washington_lasalle lots all front a face the block is bounded by
  ok   blk_washington_clark lots all front a face the block is bounded by
  ok   blk_washington_dearborn lots all front a face the block is bounded by
  ok   blk_washington_wells lots all front a face the block is bounded by
  ok   blk_randolph_wells lots all front a face the block is bounded by
  ok   blk_lake_wells lots all front a face the block is bounded by
  ok   blk_south_water_wells lots all front a face the block is bounded by
  ok   blk_washington_franklin lots all front a face the block is bounded by
  ok   blk_randolph_franklin lots all front a face the block is bounded by
  ok   blk_lake_franklin lots all front a face the block is bounded by
  ok   blk_south_water_franklin lots all front a face the block is bounded by
  ok   every lot this layer cannot reach is named, not silently dropped

frontage face enumeration OK — 47 east-west faces, 47 cross-street faces over 7 cross streets

[1m== …and those assertions still fire when the enumeration is broken[0m [2m(self-test: the assertions below are meant to fire)[0m
   self-test | SELF-TEST: the cross-street faces are withheld; the counts must fire.
   self-test |   ok   the shipped tuple covers all seven cross streets (T-0192)
   self-test |   FAIL the seven cross streets have 47 platted faces — got 0
   self-test |   ok   naming the cross streets does not disturb the east-west faces
   self-test |   ok   no skipped block is enumerated
   self-test |   ok   Canal and Clinton are not covered
   self-test |   ok   an east face stands on its street's west side
   self-test |   ok   a west face stands on its street's east side
   self-test |   FAIL both sides of every covered cross street are found — Market and State are the town's outer edges and front on one side only
   self-test |   ok   clark east side is ordered by northing
   self-test |   ok   clark west side is ordered by northing
   self-test |   ok   blk_south_water_market lots all front a face the block is bounded by
   self-test |   ok   blk_south_water_franklin lots all front a face the block is bounded by
   self-test |   ok   blk_south_water_wells lots all front a face the block is bounded by
   self-test |   ok   blk_south_water_lasalle lots all front a face the block is bounded by
   self-test |   ok   blk_south_water_clark lots all front a face the block is bounded by
   self-test |   ok   blk_south_water_dearborn lots all front a face the block is bounded by
   self-test |   ok   blk_lake_clinton lots all front a face the block is bounded by
   self-test |   ok   blk_lake_market lots all front a face the block is bounded by
   self-test |   ok   blk_lake_franklin lots all front a face the block is bounded by
   self-test |   ok   blk_lake_wells lots all front a face the block is bounded by
   self-test |   ok   blk_lake_lasalle lots all front a face the block is bounded by
   self-test |   ok   blk_lake_clark lots all front a face the block is bounded by
   self-test |   ok   blk_lake_dearborn lots all front a face the block is bounded by
   self-test |   ok   blk_lake_clinton lots all front a face the block is bounded by
   self-test |   ok   blk_lake_market lots all front a face the block is bounded by
   self-test |   ok   blk_lake_franklin lots all front a face the block is bounded by
   self-test |   ok   blk_lake_wells lots all front a face the block is bounded by
   self-test |   ok   blk_lake_lasalle lots all front a face the block is bounded by
   self-test |   ok   blk_lake_clark lots all front a face the block is bounded by
   self-test |   ok   blk_lake_dearborn lots all front a face the block is bounded by
   self-test |   ok   blk_randolph_clinton lots all front a face the block is bounded by
   self-test |   ok   blk_randolph_market lots all front a face the block is bounded by
   self-test |   ok   blk_randolph_franklin lots all front a face the block is bounded by
   self-test |   ok   blk_randolph_wells lots all front a face the block is bounded by
   self-test |   ok   blk_randolph_lasalle lots all front a face the block is bounded by
   self-test |   ok   blk_randolph_clark lots all front a face the block is bounded by
   self-test |   ok   blk_randolph_dearborn lots all front a face the block is bounded by
   self-test |   ok   blk_south_water_market lots all front a face the block is bounded by
   self-test |   ok   blk_south_water_franklin lots all front a face the block is bounded by
   self-test |   ok   blk_south_water_wells lots all front a face the block is bounded by
   self-test |   ok   blk_south_water_lasalle lots all front a face the block is bounded by
   self-test |   ok   blk_south_water_clark lots all front a face the block is bounded by
   self-test |   ok   blk_south_water_dearborn lots all front a face the block is bounded by
   self-test |   ok   blk_randolph_clinton lots all front a face the block is bounded by
   self-test |   ok   blk_randolph_market lots all front a face the block is bounded by
   self-test |   ok   blk_randolph_franklin lots all front a face the block is bounded by
   self-test |   ok   blk_randolph_wells lots all front a face the block is bounded by
   self-test |   ok   blk_randolph_lasalle lots all front a face the block is bounded by
   self-test |   ok   blk_randolph_clark lots all front a face the block is bounded by
   self-test |   ok   blk_randolph_dearborn lots all front a face the block is bounded by
   self-test |   ok   blk_washington_clinton lots all front a face the block is bounded by
   self-test |   ok   blk_washington_market lots all front a face the block is bounded by
   self-test |   ok   blk_washington_franklin lots all front a face the block is bounded by
   self-test |   ok   blk_washington_wells lots all front a face the block is bounded by
   self-test |   ok   blk_washington_lasalle lots all front a face the block is bounded by
   self-test |   ok   blk_washington_clark lots all front a face the block is bounded by
   self-test |   ok   blk_washington_dearborn lots all front a face the block is bounded by
   self-test |   ok   every lot this layer cannot reach is named, not silently dropped
   self-test | 
   self-test | 2 check(s) FAILED
   self-test | self-test OK — the assertions fire when the enumeration is wrong.

[1m== the shop-bay counts read as the specification's own words[0m
59 committed frame_storefront phase(s); 8 family bay range(s) in the crosswalk

  ok    the crosswalk still names a bay count beside a centre door — witnesses ['D4', 'H1']
  ok    D4's centre-door bay counts are odd, so the door is one of them — 3-5
  ok    H1's centre-door bay counts are odd, so the door is one of them — 5-5
  ok    the door-exclusive reading contradicts every witness it is tried on — 2 witness(es)
  ok    every storefront out of its family's bay band has that family on the record — 12 in band
  ok    carpenter_south_water_store: the floor is one the frontage forced, not the rule skipped — front 7.62 m, one window and the door is 42.7% of it
  ok    frederick_thomas_shop: the floor is one the frontage forced, not the rule skipped — front 9.14 m, one window and the door is 35.6% of it
  ok    goss_cobb_saddlery: the floor is one the frontage forced, not the rule skipped — front 9.14 m, one window and the door is 35.6% of it
  ok    inf_grocery_west: the floor is one the frontage forced, not the rule skipped — front 6.10 m, one window and the door is 53.3% of it
  ok    john_holbrook_store: the floor is one the frontage forced, not the rule skipped — front 9.14 m, one window and the door is 35.6% of it
  ok    pruyne_kimball_drugstore: the floor is one the frontage forced, not the rule skipped — front 7.62 m, one window and the door is 42.7% of it
  ok    recon_1835_blk_lake_clark_c1_01: the floor is one the frontage forced, not the rule skipped — front 5.34 m, one window and the door is 60.8% of it
  ok    recon_1835_blk_lake_clark_c2_02: the floor is one the frontage forced, not the rule skipped — front 6.17 m, one window and the door is 52.7% of it
  ok    recon_1835_blk_lake_clark_c3_03: the floor is one the frontage forced, not the rule skipped — front 6.53 m, one window and the door is 49.8% of it
  ok    recon_1835_blk_lake_franklin_c2_01: the floor is one the frontage forced, not the rule skipped — front 6.14 m, one window and the door is 53.0% of it
  ok    recon_1835_blk_lake_market_c2_01: the floor is one the frontage forced, not the rule skipped — front 6.08 m, one window and the door is 53.5% of it
  ok    recon_1835_blk_randolph_clark_c2_01: the floor is one the frontage forced, not the rule skipped — front 6.50 m, one window and the door is 50.0% of it
  ok    recon_1835_blk_south_water_clark_c2_06: the floor is one the frontage forced, not the rule skipped — front 5.75 m, one window and the door is 56.5% of it
  ok    recon_1835_blk_south_water_dearborn_c1_08: the floor is one the frontage forced, not the rule skipped — front 5.30 m, one window and the door is 61.3% of it
  ok    recon_1835_blk_south_water_dearborn_c2_07: the floor is one the frontage forced, not the rule skipped — front 6.38 m, one window and the door is 51.0% of it
  ok    recon_1835_blk_south_water_dearborn_c3_01: the floor is one the frontage forced, not the rule skipped — front 6.24 m, one window and the door is 52.1% of it
  ok    recon_1835_blk_south_water_dearborn_c3_02: the floor is one the frontage forced, not the rule skipped — front 5.74 m, one window and the door is 56.7% of it
  ok    recon_1835_blk_south_water_franklin_c2_08: the floor is one the frontage forced, not the rule skipped — front 6.41 m, one window and the door is 50.7% of it
  ok    recon_1835_blk_south_water_franklin_c2_09: the floor is one the frontage forced, not the rule skipped — front 6.04 m, one window and the door is 53.9% of it
  ok    recon_1835_blk_south_water_franklin_c2_10: the floor is one the frontage forced, not the rule skipped — front 5.88 m, one window and the door is 55.3% of it
  ok    recon_1835_blk_south_water_lasalle_c1_08: the floor is one the frontage forced, not the rule skipped — front 5.59 m, one window and the door is 58.1% of it
  ok    recon_1835_blk_south_water_lasalle_c2_11: the floor is one the frontage forced, not the rule skipped — front 5.72 m, one window and the door is 56.8% of it
  ok    recon_1835_blk_south_water_lasalle_c3_12: the floor is one the frontage forced, not the rule skipped — front 6.08 m, one window and the door is 53.5% of it
  ok    recon_1835_blk_south_water_lasalle_c3_13: the floor is one the frontage forced, not the rule skipped — front 5.78 m, one window and the door is 56.3% of it
  ok    recon_1835_blk_south_water_wells_c2_01: the floor is one the frontage forced, not the rule skipped — front 5.79 m, one window and the door is 56.1% of it
  ok    recon_1835_blk_south_water_wells_c3_02: the floor is one the frontage forced, not the rule skipped — front 6.45 m, one window and the door is 50.4% of it
  ok    recon_1835_canal_trade_c3_001: the floor is one the frontage forced, not the rule skipped — front 6.02 m, one window and the door is 54.0% of it
  ok    recon_1835_north_c3_064: the floor is one the frontage forced, not the rule skipped — front 6.37 m, one window and the door is 51.0% of it
  ok    recon_1835_north_c3_066: the floor is one the frontage forced, not the rule skipped — front 6.16 m, one window and the door is 52.8% of it
  ok    recon_1835_south_c3_015: the floor is one the frontage forced, not the rule skipped — front 6.41 m, one window and the door is 50.7% of it
  ok    recon_1835_south_c3_040: the floor is one the frontage forced, not the rule skipped — front 5.86 m, one window and the door is 55.5% of it
  ok    recon_1835_west_007: the floor is one the frontage forced, not the rule skipped — front 4.88 m, one window and the door is 66.7% of it
  ok    recon_1835_west_020: the floor is one the frontage forced, not the rule skipped — front 6.10 m, one window and the door is 53.3% of it
  ok    recon_1835_blk_south_water_franklin_c4_01: the count it states is inside C4's authored band — 4 facade bays vs 4-6
  ok    recon_1835_blk_south_water_franklin_c4_01: the frontage holds the count it states — 6.502 m of opening on a 9.319 m front leaves 1.408 m each end, minimum 0.60 m
  ok    recon_1835_canal_trade_c4_002: the frontage holds the count it states — 6.502 m of opening on a 9.563 m front leaves 1.530 m each end, minimum 0.60 m
  ok    recon_1835_north_c4_067: the count it states is inside C4's authored band — 4 facade bays vs 4-6
  ok    recon_1835_north_c4_067: the frontage holds the count it states — 6.502 m of opening on a 9.622 m front leaves 1.560 m each end, minimum 0.60 m

  3 front(s) state their own count, so the 45% default did not decide them:
        recon_1835_blk_south_water_franklin_c4_01 C4: 4 facade bays, 69.8% of the front; the default would have said 2 (floor_within_fraction)
        recon_1835_canal_trade_c4_002 : 4 facade bays, 68.0% of the front; the default would have said 2 (floor_within_fraction)
        recon_1835_north_c4_067 C4: 4 facade bays, 67.6% of the front; the default would have said 2 (floor_within_fraction)

  33 front(s) reach the floor, 28 of them OVER the 45% ceiling: 49.8% to 66.7% of the frontage in opening

shop-bay reading OK — 12 storefront(s) inside their authored band, 3 of them on a count the record states, 33 on the floor (28 of them over the ceiling), 2 crosswalk witness(es) for the door-inclusive reading

[1m== …and that reading's assertions still fire when each input is bent[0m [2m(self-test: the assertions below are meant to fire)[0m
   self-test | SELF-TEST: the crosswalk's witnesses lose their odd counts; the assertions must fire.
   self-test | 59 committed frame_storefront phase(s); 8 family bay range(s) in the crosswalk
   self-test | 
   self-test |   ok    the crosswalk still names a bay count beside a centre door — witnesses ['D4', 'H1']
   self-test |   FAIL  D4's centre-door bay counts are odd, so the door is one of them — 4-6
   self-test |   FAIL  H1's centre-door bay counts are odd, so the door is one of them — 6-6
   self-test |   FAIL  the door-exclusive reading contradicts every witness it is tried on — 2 witness(es)
   self-test |   ok    every storefront out of its family's bay band has that family on the record — 12 in band
   self-test |   ok    carpenter_south_water_store: the floor is one the frontage forced, not the rule skipped — front 7.62 m, one window and the door is 42.7% of it
   self-test |   ok    frederick_thomas_shop: the floor is one the frontage forced, not the rule skipped — front 9.14 m, one window and the door is 35.6% of it
   self-test |   ok    goss_cobb_saddlery: the floor is one the frontage forced, not the rule skipped — front 9.14 m, one window and the door is 35.6% of it
   self-test |   ok    inf_grocery_west: the floor is one the frontage forced, not the rule skipped — front 6.10 m, one window and the door is 53.3% of it
   self-test |   ok    john_holbrook_store: the floor is one the frontage forced, not the rule skipped — front 9.14 m, one window and the door is 35.6% of it
   self-test |   ok    pruyne_kimball_drugstore: the floor is one the frontage forced, not the rule skipped — front 7.62 m, one window and the door is 42.7% of it
   self-test |   ok    recon_1835_blk_lake_clark_c1_01: the floor is one the frontage forced, not the rule skipped — front 5.34 m, one window and the door is 60.8% of it
   self-test |   ok    recon_1835_blk_lake_clark_c2_02: the floor is one the frontage forced, not the rule skipped — front 6.17 m, one window and the door is 52.7% of it
   self-test |   ok    recon_1835_blk_lake_clark_c3_03: the floor is one the frontage forced, not the rule skipped — front 6.53 m, one window and the door is 49.8% of it
   self-test |   ok    recon_1835_blk_lake_franklin_c2_01: the floor is one the frontage forced, not the rule skipped — front 6.14 m, one window and the door is 53.0% of it
   self-test |   ok    recon_1835_blk_lake_market_c2_01: the floor is one the frontage forced, not the rule skipped — front 6.08 m, one window and the door is 53.5% of it
   self-test |   ok    recon_1835_blk_randolph_clark_c2_01: the floor is one the frontage forced, not the rule skipped — front 6.50 m, one window and the door is 50.0% of it
   self-test |   ok    recon_1835_blk_south_water_clark_c2_06: the floor is one the frontage forced, not the rule skipped — front 5.75 m, one window and the door is 56.5% of it
   self-test |   ok    recon_1835_blk_south_water_dearborn_c1_08: the floor is one the frontage forced, not the rule skipped — front 5.30 m, one window and the door is 61.3% of it
   self-test |   ok    recon_1835_blk_south_water_dearborn_c2_07: the floor is one the frontage forced, not the rule skipped — front 6.38 m, one window and the door is 51.0% of it
   self-test |   ok    recon_1835_blk_south_water_dearborn_c3_01: the floor is one the frontage forced, not the rule skipped — front 6.24 m, one window and the door is 52.1% of it
   self-test |   ok    recon_1835_blk_south_water_dearborn_c3_02: the floor is one the frontage forced, not the rule skipped — front 5.74 m, one window and the door is 56.7% of it
   self-test |   ok    recon_1835_blk_south_water_franklin_c2_08: the floor is one the frontage forced, not the rule skipped — front 6.41 m, one window and the door is 50.7% of it
   self-test |   ok    recon_1835_blk_south_water_franklin_c2_09: the floor is one the frontage forced, not the rule skipped — front 6.04 m, one window and the door is 53.9% of it
   self-test |   ok    recon_1835_blk_south_water_franklin_c2_10: the floor is one the frontage forced, not the rule skipped — front 5.88 m, one window and the door is 55.3% of it
   self-test |   ok    recon_1835_blk_south_water_lasalle_c1_08: the floor is one the frontage forced, not the rule skipped — front 5.59 m, one window and the door is 58.1% of it
   self-test |   ok    recon_1835_blk_south_water_lasalle_c2_11: the floor is one the frontage forced, not the rule skipped — front 5.72 m, one window and the door is 56.8% of it
   self-test |   ok    recon_1835_blk_south_water_lasalle_c3_12: the floor is one the frontage forced, not the rule skipped — front 6.08 m, one window and the door is 53.5% of it
   self-test |   ok    recon_1835_blk_south_water_lasalle_c3_13: the floor is one the frontage forced, not the rule skipped — front 5.78 m, one window and the door is 56.3% of it
   self-test |   ok    recon_1835_blk_south_water_wells_c2_01: the floor is one the frontage forced, not the rule skipped — front 5.79 m, one window and the door is 56.1% of it
   self-test |   ok    recon_1835_blk_south_water_wells_c3_02: the floor is one the frontage forced, not the rule skipped — front 6.45 m, one window and the door is 50.4% of it
   self-test |   ok    recon_1835_canal_trade_c3_001: the floor is one the frontage forced, not the rule skipped — front 6.02 m, one window and the door is 54.0% of it
   self-test |   ok    recon_1835_north_c3_064: the floor is one the frontage forced, not the rule skipped — front 6.37 m, one window and the door is 51.0% of it
   self-test |   ok    recon_1835_north_c3_066: the floor is one the frontage forced, not the rule skipped — front 6.16 m, one window and the door is 52.8% of it
   self-test |   ok    recon_1835_south_c3_015: the floor is one the frontage forced, not the rule skipped — front 6.41 m, one window and the door is 50.7% of it
   self-test |   ok    recon_1835_south_c3_040: the floor is one the frontage forced, not the rule skipped — front 5.86 m, one window and the door is 55.5% of it
   self-test |   ok    recon_1835_west_007: the floor is one the frontage forced, not the rule skipped — front 4.88 m, one window and the door is 66.7% of it
   self-test |   ok    recon_1835_west_020: the floor is one the frontage forced, not the rule skipped — front 6.10 m, one window and the door is 53.3% of it
   self-test |   ok    recon_1835_blk_south_water_franklin_c4_01: the count it states is inside C4's authored band — 4 facade bays vs 4-6
   self-test |   ok    recon_1835_blk_south_water_franklin_c4_01: the frontage holds the count it states — 6.502 m of opening on a 9.319 m front leaves 1.408 m each end, minimum 0.60 m
   self-test |   ok    recon_1835_canal_trade_c4_002: the frontage holds the count it states — 6.502 m of opening on a 9.563 m front leaves 1.530 m each end, minimum 0.60 m
   self-test |   ok    recon_1835_north_c4_067: the count it states is inside C4's authored band — 4 facade bays vs 4-6
   self-test |   ok    recon_1835_north_c4_067: the frontage holds the count it states — 6.502 m of opening on a 9.622 m front leaves 1.560 m each end, minimum 0.60 m
   self-test | 
   self-test |   3 front(s) state their own count, so the 45% default did not decide them:
   self-test |         recon_1835_blk_south_water_franklin_c4_01 C4: 4 facade bays, 69.8% of the front; the default would have said 2 (floor_within_fraction)
   self-test |         recon_1835_canal_trade_c4_002 : 4 facade bays, 68.0% of the front; the default would have said 2 (floor_within_fraction)
   self-test |         recon_1835_north_c4_067 C4: 4 facade bays, 67.6% of the front; the default would have said 2 (floor_within_fraction)
   self-test | 
   self-test |   33 front(s) reach the floor, 28 of them OVER the 45% ceiling: 49.8% to 66.7% of the frontage in opening
   self-test | 
   self-test | 3 check(s) FAILED
   self-test | 
   self-test | SELF-TEST: a C3 is pushed outside its authored band; the assertions must fire.
   self-test | 59 committed frame_storefront phase(s); 8 family bay range(s) in the crosswalk
   self-test | 
   self-test |   ok    the crosswalk still names a bay count beside a centre door — witnesses ['D4', 'H1']
   self-test |   ok    D4's centre-door bay counts are odd, so the door is one of them — 3-5
   self-test |   ok    H1's centre-door bay counts are odd, so the door is one of them — 5-5
   self-test |   ok    the door-exclusive reading contradicts every witness it is tried on — 2 witness(es)
   self-test |   FAIL  every storefront out of its family's bay band has that family on the record — unaccounted ['C3']
   self-test |         C3: recon_1835_blk_lake_clark_c3_03 5 bays vs 2-3; recon_1835_blk_south_water_dearborn_c3_01 5 bays vs 2-3; recon_1835_blk_south_water_dearborn_c3_02 5 bays vs 2-3; recon_1835_blk_south_water_lasalle_c3_12 5 bays vs 2-3; recon_1835_blk_south_water_lasalle_c3_13 5 bays vs 2-3; recon_1835_blk_south_water_wells_c3_02 5 bays vs 2-3; recon_1835_north_c3_064 5 bays vs 2-3; recon_1835_north_c3_066 5 bays vs 2-3; recon_1835_south_c3_015 5 bays vs 2-3; recon_1835_south_c3_040 5 bays vs 2-3
   self-test |   ok    carpenter_south_water_store: the floor is one the frontage forced, not the rule skipped — front 7.62 m, one window and the door is 42.7% of it
   self-test |   ok    frederick_thomas_shop: the floor is one the frontage forced, not the rule skipped — front 9.14 m, one window and the door is 35.6% of it
   self-test |   ok    goss_cobb_saddlery: the floor is one the frontage forced, not the rule skipped — front 9.14 m, one window and the door is 35.6% of it
   self-test |   ok    inf_grocery_west: the floor is one the frontage forced, not the rule skipped — front 6.10 m, one window and the door is 53.3% of it
   self-test |   ok    john_holbrook_store: the floor is one the frontage forced, not the rule skipped — front 9.14 m, one window and the door is 35.6% of it
   self-test |   ok    pruyne_kimball_drugstore: the floor is one the frontage forced, not the rule skipped — front 7.62 m, one window and the door is 42.7% of it
   self-test |   ok    recon_1835_blk_lake_clark_c1_01: the floor is one the frontage forced, not the rule skipped — front 5.34 m, one window and the door is 60.8% of it
   self-test |   ok    recon_1835_blk_lake_clark_c2_02: the floor is one the frontage forced, not the rule skipped — front 6.17 m, one window and the door is 52.7% of it
   self-test |   ok    recon_1835_blk_lake_clark_c3_03: the floor is one the frontage forced, not the rule skipped — front 6.53 m, one window and the door is 49.8% of it
   self-test |   ok    recon_1835_blk_lake_franklin_c2_01: the floor is one the frontage forced, not the rule skipped — front 6.14 m, one window and the door is 53.0% of it
   self-test |   ok    recon_1835_blk_lake_market_c2_01: the floor is one the frontage forced, not the rule skipped — front 6.08 m, one window and the door is 53.5% of it
   self-test |   ok    recon_1835_blk_randolph_clark_c2_01: the floor is one the frontage forced, not the rule skipped — front 6.50 m, one window and the door is 50.0% of it
   self-test |   ok    recon_1835_blk_south_water_clark_c2_06: the floor is one the frontage forced, not the rule skipped — front 5.75 m, one window and the door is 56.5% of it
   self-test |   ok    recon_1835_blk_south_water_dearborn_c1_08: the floor is one the frontage forced, not the rule skipped — front 5.30 m, one window and the door is 61.3% of it
   self-test |   ok    recon_1835_blk_south_water_dearborn_c2_07: the floor is one the frontage forced, not the rule skipped — front 6.38 m, one window and the door is 51.0% of it
   self-test |   ok    recon_1835_blk_south_water_dearborn_c3_01: the floor is one the frontage forced, not the rule skipped — front 6.24 m, one window and the door is 52.1% of it
   self-test |   ok    recon_1835_blk_south_water_dearborn_c3_02: the floor is one the frontage forced, not the rule skipped — front 5.74 m, one window and the door is 56.7% of it
   self-test |   ok    recon_1835_blk_south_water_franklin_c2_08: the floor is one the frontage forced, not the rule skipped — front 6.41 m, one window and the door is 50.7% of it
   self-test |   ok    recon_1835_blk_south_water_franklin_c2_09: the floor is one the frontage forced, not the rule skipped — front 6.04 m, one window and the door is 53.9% of it
   self-test |   ok    recon_1835_blk_south_water_franklin_c2_10: the floor is one the frontage forced, not the rule skipped — front 5.88 m, one window and the door is 55.3% of it
   self-test |   ok    recon_1835_blk_south_water_lasalle_c1_08: the floor is one the frontage forced, not the rule skipped — front 5.59 m, one window and the door is 58.1% of it
   self-test |   ok    recon_1835_blk_south_water_lasalle_c2_11: the floor is one the frontage forced, not the rule skipped — front 5.72 m, one window and the door is 56.8% of it
   self-test |   ok    recon_1835_blk_south_water_lasalle_c3_12: the floor is one the frontage forced, not the rule skipped — front 6.08 m, one window and the door is 53.5% of it
   self-test |   ok    recon_1835_blk_south_water_lasalle_c3_13: the floor is one the frontage forced, not the rule skipped — front 5.78 m, one window and the door is 56.3% of it
   self-test |   ok    recon_1835_blk_south_water_wells_c2_01: the floor is one the frontage forced, not the rule skipped — front 5.79 m, one window and the door is 56.1% of it
   self-test |   ok    recon_1835_blk_south_water_wells_c3_02: the floor is one the frontage forced, not the rule skipped — front 6.45 m, one window and the door is 50.4% of it
   self-test |   ok    recon_1835_canal_trade_c3_001: the floor is one the frontage forced, not the rule skipped — front 6.02 m, one window and the door is 54.0% of it
   self-test |   ok    recon_1835_north_c3_064: the floor is one the frontage forced, not the rule skipped — front 6.37 m, one window and the door is 51.0% of it
   self-test |   ok    recon_1835_north_c3_066: the floor is one the frontage forced, not the rule skipped — front 6.16 m, one window and the door is 52.8% of it
   self-test |   ok    recon_1835_south_c3_015: the floor is one the frontage forced, not the rule skipped — front 6.41 m, one window and the door is 50.7% of it
   self-test |   ok    recon_1835_south_c3_040: the floor is one the frontage forced, not the rule skipped — front 5.86 m, one window and the door is 55.5% of it
   self-test |   ok    recon_1835_west_007: the floor is one the frontage forced, not the rule skipped — front 4.88 m, one window and the door is 66.7% of it
   self-test |   ok    recon_1835_west_020: the floor is one the frontage forced, not the rule skipped — front 6.10 m, one window and the door is 53.3% of it
   self-test |   ok    recon_1835_blk_south_water_franklin_c4_01: the count it states is inside C4's authored band — 4 facade bays vs 4-6
   self-test |   ok    recon_1835_blk_south_water_franklin_c4_01: the frontage holds the count it states — 6.502 m of opening on a 9.319 m front leaves 1.408 m each end, minimum 0.60 m
   self-test |   ok    recon_1835_canal_trade_c4_002: the frontage holds the count it states — 6.502 m of opening on a 9.563 m front leaves 1.530 m each end, minimum 0.60 m
   self-test |   ok    recon_1835_north_c4_067: the count it states is inside C4's authored band — 4 facade bays vs 4-6
   self-test |   ok    recon_1835_north_c4_067: the frontage holds the count it states — 6.502 m of opening on a 9.622 m front leaves 1.560 m each end, minimum 0.60 m
   self-test | 
   self-test |   3 front(s) state their own count, so the 45% default did not decide them:
   self-test |         recon_1835_blk_south_water_franklin_c4_01 C4: 4 facade bays, 69.8% of the front; the default would have said 2 (floor_within_fraction)
   self-test |         recon_1835_canal_trade_c4_002 : 4 facade bays, 68.0% of the front; the default would have said 2 (floor_within_fraction)
   self-test |         recon_1835_north_c4_067 C4: 4 facade bays, 67.6% of the front; the default would have said 2 (floor_within_fraction)
   self-test | 
   self-test |   33 front(s) reach the floor, 28 of them OVER the 45% ceiling: 49.8% to 66.7% of the frontage in opening
   self-test | 
   self-test | 1 check(s) FAILED
   self-test | 
   self-test | SELF-TEST: every front is told it fell to the floor; the assertions must fire.
   self-test | 59 committed frame_storefront phase(s); 8 family bay range(s) in the crosswalk
   self-test | 
   self-test |   ok    the crosswalk still names a bay count beside a centre door — witnesses ['D4', 'H1']
   self-test |   ok    D4's centre-door bay counts are odd, so the door is one of them — 3-5
   self-test |   ok    H1's centre-door bay counts are odd, so the door is one of them — 5-5
   self-test |   ok    the door-exclusive reading contradicts every witness it is tried on — 2 witness(es)
   self-test |   ok    every storefront out of its family's bay band has that family on the record — 12 in band
   self-test |   ok    carpenter_south_water_store: the floor is one the frontage forced, not the rule skipped — front 7.62 m, one window and the door is 42.7% of it
   self-test |   FAIL  chicago_american_office: the verdict is the count the builder is handed — verdict 1 vs built 2
   self-test |   FAIL  chicago_democrat_office: the verdict is the count the builder is handed — verdict 1 vs built 2
   self-test |   ok    frederick_thomas_shop: the floor is one the frontage forced, not the rule skipped — front 9.14 m, one window and the door is 35.6% of it
   self-test |   ok    goss_cobb_saddlery: the floor is one the frontage forced, not the rule skipped — front 9.14 m, one window and the door is 35.6% of it
   self-test |   FAIL  h_jones_store: the verdict is the count the builder is handed — verdict 1 vs built 2
   self-test |   FAIL  harmon_loomis_store: the verdict is the count the builder is handed — verdict 1 vs built 2
   self-test |   ok    inf_grocery_west: the floor is one the frontage forced, not the rule skipped — front 6.10 m, one window and the door is 53.3% of it
   self-test |   FAIL  jh_kinzie_forwarding_store: the verdict is the count the builder is handed — verdict 1 vs built 2
   self-test |   ok    john_holbrook_store: the floor is one the frontage forced, not the rule skipped — front 9.14 m, one window and the door is 35.6% of it
   self-test |   FAIL  peck_store: the verdict is the count the builder is handed — verdict 1 vs built 2
   self-test |   ok    pruyne_kimball_drugstore: the floor is one the frontage forced, not the rule skipped — front 7.62 m, one window and the door is 42.7% of it
   self-test |   ok    recon_1835_blk_lake_clark_c1_01: the floor is one the frontage forced, not the rule skipped — front 5.34 m, one window and the door is 60.8% of it
   self-test |   ok    recon_1835_blk_lake_clark_c2_02: the floor is one the frontage forced, not the rule skipped — front 6.17 m, one window and the door is 52.7% of it
   self-test |   ok    recon_1835_blk_lake_clark_c3_03: the floor is one the frontage forced, not the rule skipped — front 6.53 m, one window and the door is 49.8% of it
   self-test |   ok    recon_1835_blk_lake_franklin_c2_01: the floor is one the frontage forced, not the rule skipped — front 6.14 m, one window and the door is 53.0% of it
   self-test |   ok    recon_1835_blk_lake_market_c2_01: the floor is one the frontage forced, not the rule skipped — front 6.08 m, one window and the door is 53.5% of it
   self-test |   ok    recon_1835_blk_randolph_clark_c2_01: the floor is one the frontage forced, not the rule skipped — front 6.50 m, one window and the door is 50.0% of it
   self-test |   ok    recon_1835_blk_south_water_clark_c2_06: the floor is one the frontage forced, not the rule skipped — front 5.75 m, one window and the door is 56.5% of it
   self-test |   ok    recon_1835_blk_south_water_dearborn_c1_08: the floor is one the frontage forced, not the rule skipped — front 5.30 m, one window and the door is 61.3% of it
   self-test |   ok    recon_1835_blk_south_water_dearborn_c2_07: the floor is one the frontage forced, not the rule skipped — front 6.38 m, one window and the door is 51.0% of it
   self-test |   ok    recon_1835_blk_south_water_dearborn_c3_01: the floor is one the frontage forced, not the rule skipped — front 6.24 m, one window and the door is 52.1% of it
   self-test |   ok    recon_1835_blk_south_water_dearborn_c3_02: the floor is one the frontage forced, not the rule skipped — front 5.74 m, one window and the door is 56.7% of it
   self-test |   ok    recon_1835_blk_south_water_franklin_c2_08: the floor is one the frontage forced, not the rule skipped — front 6.41 m, one window and the door is 50.7% of it
   self-test |   ok    recon_1835_blk_south_water_franklin_c2_09: the floor is one the frontage forced, not the rule skipped — front 6.04 m, one window and the door is 53.9% of it
   self-test |   ok    recon_1835_blk_south_water_franklin_c2_10: the floor is one the frontage forced, not the rule skipped — front 5.88 m, one window and the door is 55.3% of it
   self-test |   ok    recon_1835_blk_south_water_lasalle_c1_08: the floor is one the frontage forced, not the rule skipped — front 5.59 m, one window and the door is 58.1% of it
   self-test |   ok    recon_1835_blk_south_water_lasalle_c2_11: the floor is one the frontage forced, not the rule skipped — front 5.72 m, one window and the door is 56.8% of it
   self-test |   ok    recon_1835_blk_south_water_lasalle_c3_12: the floor is one the frontage forced, not the rule skipped — front 6.08 m, one window and the door is 53.5% of it
   self-test |   ok    recon_1835_blk_south_water_lasalle_c3_13: the floor is one the frontage forced, not the rule skipped — front 5.78 m, one window and the door is 56.3% of it
   self-test |   ok    recon_1835_blk_south_water_wells_c2_01: the floor is one the frontage forced, not the rule skipped — front 5.79 m, one window and the door is 56.1% of it
   self-test |   ok    recon_1835_blk_south_water_wells_c3_02: the floor is one the frontage forced, not the rule skipped — front 6.45 m, one window and the door is 50.4% of it
   self-test |   ok    recon_1835_canal_trade_c3_001: the floor is one the frontage forced, not the rule skipped — front 6.02 m, one window and the door is 54.0% of it
   self-test |   ok    recon_1835_north_c3_064: the floor is one the frontage forced, not the rule skipped — front 6.37 m, one window and the door is 51.0% of it
   self-test |   ok    recon_1835_north_c3_066: the floor is one the frontage forced, not the rule skipped — front 6.16 m, one window and the door is 52.8% of it
   self-test |   ok    recon_1835_south_c3_015: the floor is one the frontage forced, not the rule skipped — front 6.41 m, one window and the door is 50.7% of it
   self-test |   ok    recon_1835_south_c3_040: the floor is one the frontage forced, not the rule skipped — front 5.86 m, one window and the door is 55.5% of it
   self-test |   ok    recon_1835_west_007: the floor is one the frontage forced, not the rule skipped — front 4.88 m, one window and the door is 66.7% of it
   self-test |   ok    recon_1835_west_020: the floor is one the frontage forced, not the rule skipped — front 6.10 m, one window and the door is 53.3% of it
   self-test |   FAIL  thomas_church_store: the verdict is the count the builder is handed — verdict 1 vs built 2
   self-test |   ok    recon_1835_blk_south_water_franklin_c4_01: the count it states is inside C4's authored band — 4 facade bays vs 4-6
   self-test |   ok    recon_1835_blk_south_water_franklin_c4_01: the frontage holds the count it states — 6.502 m of opening on a 9.319 m front leaves 1.408 m each end, minimum 0.60 m
   self-test |   ok    recon_1835_canal_trade_c4_002: the frontage holds the count it states — 6.502 m of opening on a 9.563 m front leaves 1.530 m each end, minimum 0.60 m
   self-test |   ok    recon_1835_north_c4_067: the count it states is inside C4's authored band — 4 facade bays vs 4-6
   self-test |   ok    recon_1835_north_c4_067: the frontage holds the count it states — 6.502 m of opening on a 9.622 m front leaves 1.560 m each end, minimum 0.60 m
   self-test | 
   self-test |   3 front(s) state their own count, so the 45% default did not decide them:
   self-test |         recon_1835_blk_south_water_franklin_c4_01 C4: 4 facade bays, 69.8% of the front; the default would have said 2 (floor_within_fraction)
   self-test |         recon_1835_canal_trade_c4_002 : 4 facade bays, 68.0% of the front; the default would have said 2 (floor_within_fraction)
   self-test |         recon_1835_north_c4_067 C4: 4 facade bays, 67.6% of the front; the default would have said 2 (floor_within_fraction)
   self-test | 
   self-test |   33 front(s) reach the floor, 33 of them OVER the 45% ceiling: 35.6% to 66.7% of the frontage in opening
   self-test | 
   self-test | 7 check(s) FAILED
   self-test | 
   self-test | SELF-TEST: a front wide enough for the rule is called a floor anyway; the assertions must fire.
   self-test | 59 committed frame_storefront phase(s); 8 family bay range(s) in the crosswalk
   self-test | 
   self-test |   ok    the crosswalk still names a bay count beside a centre door — witnesses ['D4', 'H1']
   self-test |   ok    D4's centre-door bay counts are odd, so the door is one of them — 3-5
   self-test |   ok    H1's centre-door bay counts are odd, so the door is one of them — 5-5
   self-test |   ok    the door-exclusive reading contradicts every witness it is tried on — 2 witness(es)
   self-test |   ok    every storefront out of its family's bay band has that family on the record — 12 in band
   self-test |   ok    carpenter_south_water_store: the floor is one the frontage forced, not the rule skipped — front 7.62 m, one window and the door is 42.7% of it
   self-test |   FAIL  chicago_american_office: the floor is one the frontage forced, not the rule skipped — front 12.19 m, one window and the door is 40.0% of it
   self-test |   FAIL  chicago_democrat_office: the floor is one the frontage forced, not the rule skipped — front 12.19 m, one window and the door is 40.0% of it
   self-test |   ok    frederick_thomas_shop: the floor is one the frontage forced, not the rule skipped — front 9.14 m, one window and the door is 35.6% of it
   self-test |   ok    goss_cobb_saddlery: the floor is one the frontage forced, not the rule skipped — front 9.14 m, one window and the door is 35.6% of it
   self-test |   FAIL  h_jones_store: the floor is one the frontage forced, not the rule skipped — front 12.19 m, one window and the door is 40.0% of it
   self-test |   FAIL  harmon_loomis_store: the floor is one the frontage forced, not the rule skipped — front 12.19 m, one window and the door is 40.0% of it
   self-test |   ok    inf_grocery_west: the floor is one the frontage forced, not the rule skipped — front 6.10 m, one window and the door is 53.3% of it
   self-test |   FAIL  jh_kinzie_forwarding_store: the floor is one the frontage forced, not the rule skipped — front 12.19 m, one window and the door is 40.0% of it
   self-test |   ok    john_holbrook_store: the floor is one the frontage forced, not the rule skipped — front 9.14 m, one window and the door is 35.6% of it
   self-test |   FAIL  peck_store: the floor is one the frontage forced, not the rule skipped — front 12.19 m, one window and the door is 40.0% of it
   self-test |   ok    pruyne_kimball_drugstore: the floor is one the frontage forced, not the rule skipped — front 7.62 m, one window and the door is 42.7% of it
   self-test |   ok    recon_1835_blk_lake_clark_c1_01: the floor is one the frontage forced, not the rule skipped — front 5.34 m, one window and the door is 60.8% of it
   self-test |   ok    recon_1835_blk_lake_clark_c2_02: the floor is one the frontage forced, not the rule skipped — front 6.17 m, one window and the door is 52.7% of it
   self-test |   ok    recon_1835_blk_lake_clark_c3_03: the floor is one the frontage forced, not the rule skipped — front 6.53 m, one window and the door is 49.8% of it
   self-test |   ok    recon_1835_blk_lake_franklin_c2_01: the floor is one the frontage forced, not the rule skipped — front 6.14 m, one window and the door is 53.0% of it
   self-test |   ok    recon_1835_blk_lake_market_c2_01: the floor is one the frontage forced, not the rule skipped — front 6.08 m, one window and the door is 53.5% of it
   self-test |   ok    recon_1835_blk_randolph_clark_c2_01: the floor is one the frontage forced, not the rule skipped — front 6.50 m, one window and the door is 50.0% of it
   self-test |   ok    recon_1835_blk_south_water_clark_c2_06: the floor is one the frontage forced, not the rule skipped — front 5.75 m, one window and the door is 56.5% of it
   self-test |   ok    recon_1835_blk_south_water_dearborn_c1_08: the floor is one the frontage forced, not the rule skipped — front 5.30 m, one window and the door is 61.3% of it
   self-test |   ok    recon_1835_blk_south_water_dearborn_c2_07: the floor is one the frontage forced, not the rule skipped — front 6.38 m, one window and the door is 51.0% of it
   self-test |   ok    recon_1835_blk_south_water_dearborn_c3_01: the floor is one the frontage forced, not the rule skipped — front 6.24 m, one window and the door is 52.1% of it
   self-test |   ok    recon_1835_blk_south_water_dearborn_c3_02: the floor is one the frontage forced, not the rule skipped — front 5.74 m, one window and the door is 56.7% of it
   self-test |   ok    recon_1835_blk_south_water_franklin_c2_08: the floor is one the frontage forced, not the rule skipped — front 6.41 m, one window and the door is 50.7% of it
   self-test |   ok    recon_1835_blk_south_water_franklin_c2_09: the floor is one the frontage forced, not the rule skipped — front 6.04 m, one window and the door is 53.9% of it
   self-test |   ok    recon_1835_blk_south_water_franklin_c2_10: the floor is one the frontage forced, not the rule skipped — front 5.88 m, one window and the door is 55.3% of it
   self-test |   ok    recon_1835_blk_south_water_lasalle_c1_08: the floor is one the frontage forced, not the rule skipped — front 5.59 m, one window and the door is 58.1% of it
   self-test |   ok    recon_1835_blk_south_water_lasalle_c2_11: the floor is one the frontage forced, not the rule skipped — front 5.72 m, one window and the door is 56.8% of it
   self-test |   ok    recon_1835_blk_south_water_lasalle_c3_12: the floor is one the frontage forced, not the rule skipped — front 6.08 m, one window and the door is 53.5% of it
   self-test |   ok    recon_1835_blk_south_water_lasalle_c3_13: the floor is one the frontage forced, not the rule skipped — front 5.78 m, one window and the door is 56.3% of it
   self-test |   ok    recon_1835_blk_south_water_wells_c2_01: the floor is one the frontage forced, not the rule skipped — front 5.79 m, one window and the door is 56.1% of it
   self-test |   ok    recon_1835_blk_south_water_wells_c3_02: the floor is one the frontage forced, not the rule skipped — front 6.45 m, one window and the door is 50.4% of it
   self-test |   ok    recon_1835_canal_trade_c3_001: the floor is one the frontage forced, not the rule skipped — front 6.02 m, one window and the door is 54.0% of it
   self-test |   ok    recon_1835_north_c3_064: the floor is one the frontage forced, not the rule skipped — front 6.37 m, one window and the door is 51.0% of it
   self-test |   ok    recon_1835_north_c3_066: the floor is one the frontage forced, not the rule skipped — front 6.16 m, one window and the door is 52.8% of it
   self-test |   ok    recon_1835_south_c3_015: the floor is one the frontage forced, not the rule skipped — front 6.41 m, one window and the door is 50.7% of it
   self-test |   ok    recon_1835_south_c3_040: the floor is one the frontage forced, not the rule skipped — front 5.86 m, one window and the door is 55.5% of it
   self-test |   ok    recon_1835_west_007: the floor is one the frontage forced, not the rule skipped — front 4.88 m, one window and the door is 66.7% of it
   self-test |   ok    recon_1835_west_020: the floor is one the frontage forced, not the rule skipped — front 6.10 m, one window and the door is 53.3% of it
   self-test |   FAIL  thomas_church_store: the floor is one the frontage forced, not the rule skipped — front 12.19 m, one window and the door is 40.0% of it
   self-test |   ok    recon_1835_blk_south_water_franklin_c4_01: the count it states is inside C4's authored band — 4 facade bays vs 4-6
   self-test |   ok    recon_1835_blk_south_water_franklin_c4_01: the frontage holds the count it states — 6.502 m of opening on a 9.319 m front leaves 1.408 m each end, minimum 0.60 m
   self-test |   ok    recon_1835_canal_trade_c4_002: the frontage holds the count it states — 6.502 m of opening on a 9.563 m front leaves 1.530 m each end, minimum 0.60 m
   self-test |   ok    recon_1835_north_c4_067: the count it states is inside C4's authored band — 4 facade bays vs 4-6
   self-test |   ok    recon_1835_north_c4_067: the frontage holds the count it states — 6.502 m of opening on a 9.622 m front leaves 1.560 m each end, minimum 0.60 m
   self-test | 
   self-test |   3 front(s) state their own count, so the 45% default did not decide them:
   self-test |         recon_1835_blk_south_water_franklin_c4_01 C4: 4 facade bays, 69.8% of the front; the default would have said 2 (floor_within_fraction)
   self-test |         recon_1835_canal_trade_c4_002 : 4 facade bays, 68.0% of the front; the default would have said 2 (floor_within_fraction)
   self-test |         recon_1835_north_c4_067 C4: 4 facade bays, 67.6% of the front; the default would have said 2 (floor_within_fraction)
   self-test | 
   self-test |   40 front(s) reach the floor, 40 of them OVER the 45% ceiling: 35.6% to 66.7% of the frontage in opening
   self-test | 
   self-test | 7 check(s) FAILED
   self-test | 
   self-test | SELF-TEST: a stated count is pushed outside its family's authored band; the assertions must fire.
   self-test | 59 committed frame_storefront phase(s); 8 family bay range(s) in the crosswalk
   self-test | 
   self-test |   ok    the crosswalk still names a bay count beside a centre door — witnesses ['D4', 'H1']
   self-test |   ok    D4's centre-door bay counts are odd, so the door is one of them — 3-5
   self-test |   ok    H1's centre-door bay counts are odd, so the door is one of them — 5-5
   self-test |   ok    the door-exclusive reading contradicts every witness it is tried on — 2 witness(es)
   self-test |   ok    every storefront out of its family's bay band has that family on the record — 12 in band
   self-test |   ok    carpenter_south_water_store: the floor is one the frontage forced, not the rule skipped — front 7.62 m, one window and the door is 42.7% of it
   self-test |   ok    frederick_thomas_shop: the floor is one the frontage forced, not the rule skipped — front 9.14 m, one window and the door is 35.6% of it
   self-test |   ok    goss_cobb_saddlery: the floor is one the frontage forced, not the rule skipped — front 9.14 m, one window and the door is 35.6% of it
   self-test |   ok    inf_grocery_west: the floor is one the frontage forced, not the rule skipped — front 6.10 m, one window and the door is 53.3% of it
   self-test |   ok    john_holbrook_store: the floor is one the frontage forced, not the rule skipped — front 9.14 m, one window and the door is 35.6% of it
   self-test |   ok    pruyne_kimball_drugstore: the floor is one the frontage forced, not the rule skipped — front 7.62 m, one window and the door is 42.7% of it
   self-test |   ok    recon_1835_blk_lake_clark_c1_01: the floor is one the frontage forced, not the rule skipped — front 5.34 m, one window and the door is 60.8% of it
   self-test |   ok    recon_1835_blk_lake_clark_c2_02: the floor is one the frontage forced, not the rule skipped — front 6.17 m, one window and the door is 52.7% of it
   self-test |   ok    recon_1835_blk_lake_clark_c3_03: the floor is one the frontage forced, not the rule skipped — front 6.53 m, one window and the door is 49.8% of it
   self-test |   ok    recon_1835_blk_lake_franklin_c2_01: the floor is one the frontage forced, not the rule skipped — front 6.14 m, one window and the door is 53.0% of it
   self-test |   ok    recon_1835_blk_lake_market_c2_01: the floor is one the frontage forced, not the rule skipped — front 6.08 m, one window and the door is 53.5% of it
   self-test |   ok    recon_1835_blk_randolph_clark_c2_01: the floor is one the frontage forced, not the rule skipped — front 6.50 m, one window and the door is 50.0% of it
   self-test |   ok    recon_1835_blk_south_water_clark_c2_06: the floor is one the frontage forced, not the rule skipped — front 5.75 m, one window and the door is 56.5% of it
   self-test |   ok    recon_1835_blk_south_water_dearborn_c1_08: the floor is one the frontage forced, not the rule skipped — front 5.30 m, one window and the door is 61.3% of it
   self-test |   ok    recon_1835_blk_south_water_dearborn_c2_07: the floor is one the frontage forced, not the rule skipped — front 6.38 m, one window and the door is 51.0% of it
   self-test |   ok    recon_1835_blk_south_water_dearborn_c3_01: the floor is one the frontage forced, not the rule skipped — front 6.24 m, one window and the door is 52.1% of it
   self-test |   ok    recon_1835_blk_south_water_dearborn_c3_02: the floor is one the frontage forced, not the rule skipped — front 5.74 m, one window and the door is 56.7% of it
   self-test |   ok    recon_1835_blk_south_water_franklin_c2_08: the floor is one the frontage forced, not the rule skipped — front 6.41 m, one window and the door is 50.7% of it
   self-test |   ok    recon_1835_blk_south_water_franklin_c2_09: the floor is one the frontage forced, not the rule skipped — front 6.04 m, one window and the door is 53.9% of it
   self-test |   ok    recon_1835_blk_south_water_franklin_c2_10: the floor is one the frontage forced, not the rule skipped — front 5.88 m, one window and the door is 55.3% of it
   self-test |   ok    recon_1835_blk_south_water_lasalle_c1_08: the floor is one the frontage forced, not the rule skipped — front 5.59 m, one window and the door is 58.1% of it
   self-test |   ok    recon_1835_blk_south_water_lasalle_c2_11: the floor is one the frontage forced, not the rule skipped — front 5.72 m, one window and the door is 56.8% of it
   self-test |   ok    recon_1835_blk_south_water_lasalle_c3_12: the floor is one the frontage forced, not the rule skipped — front 6.08 m, one window and the door is 53.5% of it
   self-test |   ok    recon_1835_blk_south_water_lasalle_c3_13: the floor is one the frontage forced, not the rule skipped — front 5.78 m, one window and the door is 56.3% of it
   self-test |   ok    recon_1835_blk_south_water_wells_c2_01: the floor is one the frontage forced, not the rule skipped — front 5.79 m, one window and the door is 56.1% of it
   self-test |   ok    recon_1835_blk_south_water_wells_c3_02: the floor is one the frontage forced, not the rule skipped — front 6.45 m, one window and the door is 50.4% of it
   self-test |   ok    recon_1835_canal_trade_c3_001: the floor is one the frontage forced, not the rule skipped — front 6.02 m, one window and the door is 54.0% of it
   self-test |   ok    recon_1835_north_c3_064: the floor is one the frontage forced, not the rule skipped — front 6.37 m, one window and the door is 51.0% of it
   self-test |   ok    recon_1835_north_c3_066: the floor is one the frontage forced, not the rule skipped — front 6.16 m, one window and the door is 52.8% of it
   self-test |   ok    recon_1835_south_c3_015: the floor is one the frontage forced, not the rule skipped — front 6.41 m, one window and the door is 50.7% of it
   self-test |   ok    recon_1835_south_c3_040: the floor is one the frontage forced, not the rule skipped — front 5.86 m, one window and the door is 55.5% of it
   self-test |   ok    recon_1835_west_007: the floor is one the frontage forced, not the rule skipped — front 4.88 m, one window and the door is 66.7% of it
   self-test |   ok    recon_1835_west_020: the floor is one the frontage forced, not the rule skipped — front 6.10 m, one window and the door is 53.3% of it
   self-test |   FAIL  recon_1835_blk_south_water_franklin_c4_01: the count it states is inside C4's authored band — 13 facade bays vs 4-6
   self-test |   ok    recon_1835_blk_south_water_franklin_c4_01: the frontage holds the count it states — 6.502 m of opening on a 9.319 m front leaves 1.408 m each end, minimum 0.60 m
   self-test |   ok    recon_1835_canal_trade_c4_002: the frontage holds the count it states — 6.502 m of opening on a 9.563 m front leaves 1.530 m each end, minimum 0.60 m
   self-test |   FAIL  recon_1835_north_c4_067: the count it states is inside C4's authored band — 13 facade bays vs 4-6
   self-test |   ok    recon_1835_north_c4_067: the frontage holds the count it states — 6.502 m of opening on a 9.622 m front leaves 1.560 m each end, minimum 0.60 m
   self-test | 
   self-test |   3 front(s) state their own count, so the 45% default did not decide them:
   self-test |         recon_1835_blk_south_water_franklin_c4_01 C4: 4 facade bays, 69.8% of the front; the default would have said 2 (floor_within_fraction)
   self-test |         recon_1835_canal_trade_c4_002 : 4 facade bays, 68.0% of the front; the default would have said 2 (floor_within_fraction)
   self-test |         recon_1835_north_c4_067 C4: 4 facade bays, 67.6% of the front; the default would have said 2 (floor_within_fraction)
   self-test | 
   self-test |   33 front(s) reach the floor, 28 of them OVER the 45% ceiling: 49.8% to 66.7% of the frontage in opening
   self-test | 
   self-test | 2 check(s) FAILED
   self-test | 
   self-test | SELF-TEST: a stated count is made wider than its own frontage; the assertions must fire.
   self-test | 59 committed frame_storefront phase(s); 8 family bay range(s) in the crosswalk
   self-test | 
   self-test |   ok    the crosswalk still names a bay count beside a centre door — witnesses ['D4', 'H1']
   self-test |   ok    D4's centre-door bay counts are odd, so the door is one of them — 3-5
   self-test |   ok    H1's centre-door bay counts are odd, so the door is one of them — 5-5
   self-test |   ok    the door-exclusive reading contradicts every witness it is tried on — 2 witness(es)
   self-test |   ok    every storefront out of its family's bay band has that family on the record — 12 in band
   self-test |   ok    carpenter_south_water_store: the floor is one the frontage forced, not the rule skipped — front 7.62 m, one window and the door is 42.7% of it
   self-test |   ok    frederick_thomas_shop: the floor is one the frontage forced, not the rule skipped — front 9.14 m, one window and the door is 35.6% of it
   self-test |   ok    goss_cobb_saddlery: the floor is one the frontage forced, not the rule skipped — front 9.14 m, one window and the door is 35.6% of it
   self-test |   ok    inf_grocery_west: the floor is one the frontage forced, not the rule skipped — front 6.10 m, one window and the door is 53.3% of it
   self-test |   ok    john_holbrook_store: the floor is one the frontage forced, not the rule skipped — front 9.14 m, one window and the door is 35.6% of it
   self-test |   ok    pruyne_kimball_drugstore: the floor is one the frontage forced, not the rule skipped — front 7.62 m, one window and the door is 42.7% of it
   self-test |   ok    recon_1835_blk_lake_clark_c1_01: the floor is one the frontage forced, not the rule skipped — front 5.34 m, one window and the door is 60.8% of it
   self-test |   ok    recon_1835_blk_lake_clark_c2_02: the floor is one the frontage forced, not the rule skipped — front 6.17 m, one window and the door is 52.7% of it
   self-test |   ok    recon_1835_blk_lake_clark_c3_03: the floor is one the frontage forced, not the rule skipped — front 6.53 m, one window and the door is 49.8% of it
   self-test |   ok    recon_1835_blk_lake_franklin_c2_01: the floor is one the frontage forced, not the rule skipped — front 6.14 m, one window and the door is 53.0% of it
   self-test |   ok    recon_1835_blk_lake_market_c2_01: the floor is one the frontage forced, not the rule skipped — front 6.08 m, one window and the door is 53.5% of it
   self-test |   ok    recon_1835_blk_randolph_clark_c2_01: the floor is one the frontage forced, not the rule skipped — front 6.50 m, one window and the door is 50.0% of it
   self-test |   ok    recon_1835_blk_south_water_clark_c2_06: the floor is one the frontage forced, not the rule skipped — front 5.75 m, one window and the door is 56.5% of it
   self-test |   ok    recon_1835_blk_south_water_dearborn_c1_08: the floor is one the frontage forced, not the rule skipped — front 5.30 m, one window and the door is 61.3% of it
   self-test |   ok    recon_1835_blk_south_water_dearborn_c2_07: the floor is one the frontage forced, not the rule skipped — front 6.38 m, one window and the door is 51.0% of it
   self-test |   ok    recon_1835_blk_south_water_dearborn_c3_01: the floor is one the frontage forced, not the rule skipped — front 6.24 m, one window and the door is 52.1% of it
   self-test |   ok    recon_1835_blk_south_water_dearborn_c3_02: the floor is one the frontage forced, not the rule skipped — front 5.74 m, one window and the door is 56.7% of it
   self-test |   ok    recon_1835_blk_south_water_franklin_c2_08: the floor is one the frontage forced, not the rule skipped — front 6.41 m, one window and the door is 50.7% of it
   self-test |   ok    recon_1835_blk_south_water_franklin_c2_09: the floor is one the frontage forced, not the rule skipped — front 6.04 m, one window and the door is 53.9% of it
   self-test |   ok    recon_1835_blk_south_water_franklin_c2_10: the floor is one the frontage forced, not the rule skipped — front 5.88 m, one window and the door is 55.3% of it
   self-test |   ok    recon_1835_blk_south_water_lasalle_c1_08: the floor is one the frontage forced, not the rule skipped — front 5.59 m, one window and the door is 58.1% of it
   self-test |   ok    recon_1835_blk_south_water_lasalle_c2_11: the floor is one the frontage forced, not the rule skipped — front 5.72 m, one window and the door is 56.8% of it
   self-test |   ok    recon_1835_blk_south_water_lasalle_c3_12: the floor is one the frontage forced, not the rule skipped — front 6.08 m, one window and the door is 53.5% of it
   self-test |   ok    recon_1835_blk_south_water_lasalle_c3_13: the floor is one the frontage forced, not the rule skipped — front 5.78 m, one window and the door is 56.3% of it
   self-test |   ok    recon_1835_blk_south_water_wells_c2_01: the floor is one the frontage forced, not the rule skipped — front 5.79 m, one window and the door is 56.1% of it
   self-test |   ok    recon_1835_blk_south_water_wells_c3_02: the floor is one the frontage forced, not the rule skipped — front 6.45 m, one window and the door is 50.4% of it
   self-test |   ok    recon_1835_canal_trade_c3_001: the floor is one the frontage forced, not the rule skipped — front 6.02 m, one window and the door is 54.0% of it
   self-test |   ok    recon_1835_north_c3_064: the floor is one the frontage forced, not the rule skipped — front 6.37 m, one window and the door is 51.0% of it
   self-test |   ok    recon_1835_north_c3_066: the floor is one the frontage forced, not the rule skipped — front 6.16 m, one window and the door is 52.8% of it
   self-test |   ok    recon_1835_south_c3_015: the floor is one the frontage forced, not the rule skipped — front 6.41 m, one window and the door is 50.7% of it
   self-test |   ok    recon_1835_south_c3_040: the floor is one the frontage forced, not the rule skipped — front 5.86 m, one window and the door is 55.5% of it
   self-test |   ok    recon_1835_west_007: the floor is one the frontage forced, not the rule skipped — front 4.88 m, one window and the door is 66.7% of it
   self-test |   ok    recon_1835_west_020: the floor is one the frontage forced, not the rule skipped — front 6.10 m, one window and the door is 53.3% of it
   self-test |   ok    recon_1835_blk_south_water_franklin_c4_01: the count it states is inside C4's authored band — 4 facade bays vs 4-6
   self-test |   FAIL  recon_1835_blk_south_water_franklin_c4_01: the frontage holds the count it states — 10.319 m of opening on a 9.319 m front leaves -0.500 m each end, minimum 0.60 m
   self-test |   FAIL  recon_1835_canal_trade_c4_002: the frontage holds the count it states — 10.563 m of opening on a 9.563 m front leaves -0.500 m each end, minimum 0.60 m
   self-test |   ok    recon_1835_north_c4_067: the count it states is inside C4's authored band — 4 facade bays vs 4-6
   self-test |   FAIL  recon_1835_north_c4_067: the frontage holds the count it states — 10.622 m of opening on a 9.622 m front leaves -0.500 m each end, minimum 0.60 m
   self-test | 
   self-test |   3 front(s) state their own count, so the 45% default did not decide them:
   self-test |         recon_1835_blk_south_water_franklin_c4_01 C4: 4 facade bays, 69.8% of the front; the default would have said 2 (floor_within_fraction)
   self-test |         recon_1835_canal_trade_c4_002 : 4 facade bays, 68.0% of the front; the default would have said 2 (floor_within_fraction)
   self-test |         recon_1835_north_c4_067 C4: 4 facade bays, 67.6% of the front; the default would have said 2 (floor_within_fraction)
   self-test | 
   self-test |   33 front(s) reach the floor, 28 of them OVER the 45% ceiling: 49.8% to 66.7% of the frontage in opening
   self-test | 
   self-test | 3 check(s) FAILED
   self-test | 
   self-test | self-test OK — each assertion fires when its own input is bent.

[1m== the 665-roof programme reconciles with the town that stands[0m
verified the 668-roof programme: 657 standing, 11 remaining, 6 of them on ground the project has coverage for
  business front (T-0213): documented trade share light 0.4091, none 0.0000, ordinary 0.3929, principal 0.5600 — south re-deals 2 trade roof(s) over 2 platted block(s)
  waterside (T-0316): F3, W5 require water — F3 blk_south_water_wells -> south_plat_beyond_committed_control for D2

[1m== the roof programme re-derives against the order book, and the crosswalk deals its 668[0m
OK: the 1835 roof programme re-derivation holds — 668 roofs inside 565–765, 1.711 households to a dwelling inside [1.636, 2.051], crosswalk agrees at 668

[1m== …and its own refusals still fire when the programme is bent[0m [2m(self-test: the assertions below are meant to fire)[0m
   self-test | reprogramme_roofs_1835 self-tests pass (7 guards fired, 10 groups, 668 → 668 roofs, nothing built)

[1m== the anonymous roofs re-audit against the programme the step above re-derived[0m
OK: the anonymous-roof redeal re-derives — 549 audited, 547/2/0 keep/refamily/retire

[1m== …and the redeal's own refusals still fire on a bent order book[0m [2m(self-test: the assertions below are meant to fire)[0m
   self-test | redeal_anonymous_roofs self-tests pass (4 guards fired, 549 roofs audited, 547/2/0 keep/refamily/retire, no roof moved)

[1m== the redeal's carried-out verdicts hold, and every re-dealt roof now conforms[0m
verified 13 carried-out verdict(s), every one now `keep`; 2 outstanding as an id migration; 0 retired roof(s) under the guard

[1m== …and the executor's own refusals still fire on an unbuildable deal[0m [2m(self-test: the assertions below are meant to fire)[0m
   self-test |   self-test: ok

[1m== the redeal's migrated ids left nothing behind, and every migrated roof conforms[0m
verified 9 migrated roof(s), every one now `keep`, and no live reference names an id they left behind
  pinned, true as written on its own date: data/reconstruction/1835_north_division_initial_parcel.json
  pinned, true as written on its own date: data/research/residents/synthesis_full_gate_after_fixes.log
  pinned, true as written on its own date: docs/unreal/prototype/import_report.json.txt
  pinned, true as written on its own date: patches/chicago-4d-north-release.patch
  pinned, true as written on its own date: renderers/unreal/receipts/mac-253f02657.json
  pinned, true as written on its own date: tickets/T-0250-0499/T-0283-the-north-division-s-warehouse-row-allows-one-fr.md
  pinned, true as written on its own date: tools/execute_roof_redeal.py
  pinned, true as written on its own date: tools/measure_roof_id_migration.py

[1m== the platted blocks' six are re-dealt, still derive their class, and left nothing behind[0m
verified 6 re-dealt platted-block roof(s), every one now `keep`, 0 of them moving inventory class, and no live reference names an id they left behind
  pinned, true as written on its own date: data/reconstruction/1835_platted_block_parcels.json
  pinned, true as written on its own date: docs/unreal/prototype/import_report.json.txt
  pinned, true as written on its own date: renderers/unreal/receipts/mac-253f02657.json
  pinned, true as written on its own date: tickets/T-1250-1499/T-1482-migrate-the-three-platted-blocks-six-refamilied-.md
  pinned, true as written on its own date: tools/execute_roof_redeal.py
  pinned, true as written on its own date: tools/measure_roof_id_migration.py
  pinned, true as written on its own date: tools/roof_id_pins.py

[1m== the 26 moving roof ids' migration surface still describes the tree[0m
the migration surface holds: 2 moving id(s), 20 file(s), 0 of them carrying a reference a rename would falsify

[1m== …and it still tells a pointer from an assertion about what a roof is[0m [2m(self-test: the assertions below are meant to fire)[0m
   self-test |   self-test: ok

[1m== the migrated roof ids re-derive, and nothing still names an old one[0m
verified 11 migrated phase-one South roof ids, no committed file naming an old one

[1m== …and the migration's own refusals still fire on a moved recipe[0m [2m(self-test: the assertions below are meant to fire)[0m
   self-test | migrate_roof_ids self-test: 3 guard(s) fired

[1m== the platted blocks' remedies report still re-derives, and the rear-cottage ruling is still on the record[0m
2 outstanding platted-block verdict(s), 0 refused by the parcel gate (the rear-cottage clause freed them and T-1611 carried them out), 0 of 12 offered families would have left the class alone by their letter, 1 open lot(s) against them

[1m== …and the derivation, both gates and the ruling's own record still fire when broken[0m [2m(self-test: the assertions below are meant to fire)[0m
   self-test | 20 of 20 assertion(s) pass

[1m== the two roof-id sweeps read one list of pinned names, and agree on all of it[0m
14 pin(s) in 9 category(ies), every one earned, and both sweeps return the same verdict for all 12277 source files
  recognised and unused today: a yard group named for a roof

[1m== …and the pin list's own refusals fire on a mutated list[0m [2m(self-test: the assertions below are meant to fire)[0m
   self-test | roof_id_pins self-test: 8 guard(s) fired

[1m== no party-line run carries more roofs than the frontage it was dealt[0m

OK — every run inside its own frontage: worst is blk_south_water_lasalle at 6 of 6

[1m== …and its own assertions still fire when broken[0m [2m(self-test: the assertions below are meant to fire)[0m
   self-test |   fires: the committed town is inside every run's own frontage
   self-test |   fires: a run stands at exactly its own ceiling, so one roof is over it
   self-test |   fires: a roof on blk_lake_clark lot 0 puts its run over the ceiling
   self-test |   fires: …and it is over by exactly one roof: 4 against 3
   self-test |   fires: …and it is the only run the fixture breaks
   self-test |   fires: an empty injection leaves every run where it was
   self-test |   fires: a roof listed twice on one lot is counted once
   self-test |   fires: no frontage entry declares a lot its run does not stand on
   self-test |   fires: an idle lot with nothing on it reads empty
   self-test |   fires: an idle lot carrying only the parcel's own roof reads parcel
   self-test |   fires: an idle lot carrying a roof the parcel did not build reads documented
   self-test |   fires: every idle lot reads empty, parcel or documented
   self-test | 
   self-test |   self-test: every assertion fires when broken

[1m== a refused block is short of control, or was never a block[0m
block                       street           gap m    wet   of  class
blk_south_water_clinton     south_water        325     20   65  never_platted

  blk_south_water_clinton: south_water is 325 m away and 20 of 65 samples between them are water. The two are on opposite banks; no trace joins them.

BLOCK GATING PASS

[1m== no platted block stands off the modelled ground, and the south's blocker is the measured one[0m

SOUTHERN GROUND PASS

[1m== …and its own assertions still fire when broken[0m [2m(self-test: the assertions below are meant to fire)[0m
   self-test | 
   self-test |   FAIL 1 committed platted block(s) stand off the modelled ground: blk_washington_clark. A block the plat emits is a block the schedule will deal roofs to, and every one of those placements dies in tools/generate_block_infill.py. Extend the terrain or withdraw the street control that emitted the block.
   self-test | 
   self-test | SOUTHERN GROUND FAIL
   self-test | 
   self-test |   FAIL the programme's stated southern coverage is not what the ground measures.
   self-test |        land_south_of_committed_plat_ha: programme 697.3569, measured 701.3569
   self-test |        Re-run tools/reconcile_665.py. If the terrain has reached further south, the roofs move with it.
   self-test | 
   self-test | SOUTHERN GROUND FAIL
   self-test | 
   self-test | SOUTHERN GROUND PASS
   self-test | 
   self-test | SELF-TEST PASS

[1m== the North Division's timber stands on the waterline, and its ground reaches the memo's line[0m

[1m== …and its own assertions still fire when broken[0m [2m(self-test: the assertions below are meant to fire)[0m
   self-test |   FAIL: the committed North Division timber ring is not the one the waterline derives: z06_dense_forest — run tools/measure_northern_ground.py --write
   self-test |   FAIL: the division's derived ground stops at local N +759.00 m, short of the memo's N +760.0 m that the 665-roof programme's North balance is composed against
   self-test | 
   self-test | SELF-TEST PASS

[1m== the gate's town census re-derives from the roofs and the residents[0m
verified the town census: 657 buildings standing of 668, 2917 people in the town of 2550 modelled (1064 of them established by a record that spans the day, 1853 ruled in by T-1386), 2602 of them housed, 315 waiting on a roof, 662 present beyond the index, and 307 visitor(s) counted apart

[1m== the town's completion audit re-derives, and no join names a missing record[0m
town completion (T-1215): the join is not yet total
  housed      1848 households, 0 unhoused (0 of them present on the scene date); counted apart {'absent_on_the_scene_date': 35, 'waiting_on_a_roof': 124}
  at work     27 working-age persons owed a workplace
  roofed      0 businesses neither roofed nor stated
  occupied    2 standing structures empty and owing somebody
  dangling    0

[1m== …and it still refuses each kind of broken link[0m [2m(self-test: the assertions below are meant to fire)[0m
   self-test | self-test: all seven broken links are refused

[1m== nothing unpermitted stands on reserved ground[0m
       ok   blk_randolph_lasalle  cook_county_courthouse_1835  1/4 corners in
       ok   blk_randolph_lasalle  estray_pen  4/4 corners in
       ok   blk_randolph_lasalle  log_jail  4/4 corners in
   3 structure(s) on reserved ground, 0 of them unpermitted

[1m== nothing unpermitted stands on refused ground, and the refusal still reaches it[0m
   The United States Reservation — 65.70 acres enclosed, 26.57 ha of it modelled land
          ok   beaubien_barn  4/4 corners in
          ok   beaubien_trading_post  4/4 corners in
          ok   chicago_lighthouse_1832  4/4 corners in
          ok   chicago_lighthouse_keepers_quarters  4/4 corners in
          ok   emigrant_camp_shore  4/4 corners in
          ok   fort_dearborn_artillery_house  4/4 corners in
          ok   fort_dearborn_barracks  4/4 corners in
          ok   fort_dearborn_big_barn  4/4 corners in
          ok   fort_dearborn_blockhouse  4/4 corners in
          ok   fort_dearborn_commandants_quarters  4/4 corners in
          ok   fort_dearborn_flagstaff  4/4 corners in
          ok   fort_dearborn_garrison_garden  4/4 corners in
          ok   fort_dearborn_guard_house  4/4 corners in
          ok   fort_dearborn_magazine  4/4 corners in
          ok   fort_dearborn_officers_quarters  4/4 corners in
          ok   fort_dearborn_out_building_a  4/4 corners in
          ok   fort_dearborn_out_building_b  4/4 corners in
          ok   fort_dearborn_palisade  4/4 corners in
          ok   fort_dearborn_parade  4/4 corners in
          ok   fort_dearborn_root_house  4/4 corners in
          ok   fort_dearborn_root_house_b  4/4 corners in
          ok   fort_dearborn_shop  4/4 corners in
          ok   fort_dearborn_store_house  4/4 corners in
          ok   fort_dearborn_sutlers_store  4/4 corners in
          ok   fort_dearborn_us_factors_house  4/4 corners in
          ok   fort_dearborn_wash_house  4/4 corners in
          ok   jb_beaubien_homestead  4/4 corners in
          ok   land_sale_camp_shore  4/4 corners in
          ok   south_pier  1/4 corners in
   The Fort Cemetery — 1.45 acres enclosed, 0.59 ha of it modelled land — wholly inside fort_dearborn_reservation
      nothing stands here
   The sand bar across the river mouth — 24.03 acres enclosed, 9.72 ha of it modelled land
          ok   south_pier  2/4 corners in
   36.29 ha refused of 994.57 ha of modelled land above the water surface — 3.6 % (the union: the regions overlap and are not summed)
   under-coverage: 0 cell(s) of modelled land outside every region

[1m== …and the plate-reading resolver’s refusals still fire when broken[0m [2m(self-test: the assertions below are meant to fire)[0m
   self-test |    ok: the committed reading re-derives and encloses 5886 m2
   self-test |    FAIL as designed: a ground corner edited without its pixel — fort_cemetery in harrison_1830_fort_burial_ground.json no longer re-derives: its committed ground corners stand 0.278 m from what its own corner pixels and transform give, past the 0.05 m that rounding can account for. One of the two was edited without the other.
   self-test |    FAIL as designed: a corner pixel edited without its ground corner — fort_cemetery in harrison_1830_fort_burial_ground.json no longer re-derives: its committed ground corners stand 2.335 m from what its own corner pixels and transform give, past the 0.05 m that rounding can account for. One of the two was edited without the other.
   self-test |    FAIL as designed: a transform moved under a reading taken before it — fort_cemetery in harrison_1830_fort_burial_ground.json no longer re-derives: its committed ground corners stand 5.270 m from what its own corner pixels and transform give, past the 0.05 m that rounding can account for. One of the two was edited without the other.
   self-test |    FAIL as designed: a ring whose pixels and ground corners are different lengths — fort_cemetery in harrison_1830_fort_burial_ground.json reads 3 corner pixel(s) and carries 4 ground corner(s); the two must be the same ring
   self-test |    FAIL as designed: a trace that states no transform — harrison_1830_fort_burial_ground.json states no transform, so the ring it carries cannot be re-derived and may not be trusted
   self-test |    FAIL as designed: a trace whose pixel axes are no longer the ones assumed — harrison_1830_fort_burial_ground.json no longer states the pixel axes this resolver assumes (+x east, +y south); re-derive or state them
   self-test |    FAIL as designed: a ring name the trace does not carry — harrison_1830_fort_burial_ground.json carries no 'fort_cemetery' reading for a region to resolve its boundary from
   self-test |    ok: 0.04 m of drift still passes — the tolerance is rounding, not slack
   self-test |    self-test: 9 of 9 assertions hold

[1m== the corporate boundary of 7 November 1833 still re-derives, and decides nobody by extrapolation[0m
OK: the corporate boundary of 7 November 1833 re-derives from the committed streets and the committed shoreline — 43 vertices, 218.2 ha, 615 structure(s) inside it and 60 outside, and no extrapolated leg decides one of them.

[1m== …and its own assertions still fire when broken[0m [2m(self-test: the assertions below are meant to fire)[0m
   self-test |   ok    a collapsed ring is refused
   self-test |   ok    a ring at a quarter of the corporation's extent is refused
   self-test |   ok    the fort stands outside the limits
   self-test |   ok    the Sauganash stands inside them
   self-test |   ok    a renamed shoreline feature is refused, not resolved past
   self-test |   ok    an extrapolated leg that reaches a building refuses to decide it
   self-test |   ok    a structure listed unstated that no leg reaches is refused
   self-test |   ok    emptying sides_unstated while its structures stand in drift fails
   self-test | OK: all 8 assertions fire.

[1m== the west leg's continuation to Ohio is still bounded by Wright's sheet and not drawn on it[0m

[1m== …and its committed reading re-derives from the committed geometry[0m
the committed reading re-derives from the committed geometry

[1m== …and its own assertions still fire when broken[0m [2m(self-test: the assertions below are meant to fire)[0m
   self-test |   self-test | a leg that has left Wabansia's platted ground: FAIL fired
   self-test |   self-test | a leg whose end stands a block short of Wabansia: FAIL fired
   self-test |   self-test | a drawn corridor inside the sheet's own RMS of the leg: FAIL fired
   self-test |   self-test | a corner that has run off the north end of the platted grid: FAIL fired
   self-test |   self-test | a tract boundary that converges on the leg: FAIL fired
   self-test |   self-test | an extension that reaches a drawn building: FAIL fired
   self-test | 
   self-test |   self-test | every assertion fires when broken

[1m== the south bank at the Dearborn reach still carries no ground outside its own street[0m

[1m== …and its own assertions still fire when broken[0m [2m(self-test: the assertions below are meant to fire)[0m
   self-test |    11 assertions fire

[1m== every deferred in-town water feature is dated against the scene[0m
in-town water: 3 deferred feature(s), each dated against 1835-07-01 with a resolving source or recorded reasoning

[1m== the slough crossing spans open water, and nothing else stands in the cut[0m
slough_log_bridge: 4.80 m of open water under an 8.0 m span, abutments dry, the reach to the river unbroken, nothing damming the course, nothing else rooted in the cut
lasalle_slough_crossing: 5.55 m of open water under an 12.0 m span, abutments dry, the reach to the river unbroken, nothing damming the course, nothing else rooted in the cut
north_water_slough_crossing: 6.65 m of open water under an 12.0 m span, abutments dry, the reach to the river unbroken, nothing damming the course, nothing else rooted in the cut

[1m== the way to the fort runs dry and crosses no water the town never bridged (T-1637)[0m
fort_road: 452.48 m of track, none of its 16434 samples below the water surface, no watercourse crossed, terminus on the log bridge's southern approach toe

[1m== …and its own assertions still fire when broken[0m [2m(self-test: the assertions below are meant to fire)[0m
   self-test |    the committed record passes: 0 wet samples, 0 watercourses crossed, terminus 0.0 m off the approach toe
   self-test |    ok    the withdrawn alignment is wet, crosses the drain and joins no street (4 assertion(s) fired)
   self-test |    ok    a freehand terminus beside the street is caught by the seating assertion, on both halves of it (2 assertion(s) fired)
   self-test |    ok    a metre more water severs the way the gate just passed (1 assertion(s) fired)

[1m== the watering place's ruling still matches the committed surfaces[0m

[1m== …and the run classifier that reading rests on still fires[0m [2m(self-test: the assertions below are meant to fire)[0m
   self-test | self-test ok: the wobble at the waterline is folded, the four runs survive

[1m== the bridge-head timber still stands where the decks and the ground put it[0m

[1m== …and every assertion that set-out rests on still fires[0m [2m(self-test: the assertions below are meant to fire)[0m
   self-test |    self-test | FAIL as designed — a pile moved a metre: north_branch_bridge west: e is -122.5 and the set-out gives -123.5
   self-test |    self-test | FAIL as designed — the stock turned to stone: north_branch_bridge west: the pile is 'stone' and not timber
   self-test |    self-test | FAIL as designed — a pile turned off the crossing's axis: north_branch_bridge west: bearing is 45.0 and the crossing's own axis gives 0.0
   self-test |    self-test | FAIL as designed — a pile put on the lower side: north_branch_bridge west: the record stands it on the north side and the higher committed ground is south
   self-test |    self-test | FAIL as designed — the stock cut to a length no source gives: the stock is drawn 4.0 m long and the attested deck width — which is what a puncheon is cut to — is 3.048
   self-test |    self-test | FAIL as designed — a pile dropped: the record stands 3 pile(s) and the derivation gives 4
   self-test |    self-test | FAIL as designed — the count disagreeing with the piles: `counts.piles` says 99 and there are 4
   self-test |    self-test | FAIL as designed — wrong deck end: north_branch_bridge west: wrong deck end
   self-test |    self-test | FAIL as designed — stale ground: north_branch_bridge west: stored ground height is stale
   self-test |    self-test | FAIL as designed — missing coordinate: north_branch_bridge west: expected two finite coordinates
   self-test |    self-test | FAIL as designed — wrong courses: north_branch_bridge west: expected three reconstructed courses
   self-test |    self-test | the committed record passes unbroken

[1m== no water stands on the public square, and its sward is the one the dossier names[0m
   the public square, 10976 m2, sampled at 0.5 m (43885 samples, one per 0.25 m2)
   ground        +2.84 to +2.96 ft above the water surface (mean +2.90)
   relief        1.49 in across the whole block, against +/-0.10 ft of declared micro-relief
   WET FRACTION  0.0 %  (0 of 43885 samples at or below the water)
   the dossier's bed  +1.0 to +2.0 ft — the committed ground stands 0.84 to 1.96 ft over it
   the square's drain heads 34.4 m off the block edge, outside it
   sedge meadow  100.0 % of the block
   no water is modelled on the public square, and nothing gives it a shape

[1m== no building has newly been drawn standing in a platted street[0m

[1m== …and its absolute assertion still fires when a generated roof is put in a street[0m [2m(self-test: the assertions below are meant to fire)[0m
   self-test |   ok    physicians_office reads as the layer its own record declares — reconstruction / inferred_anonymous
   self-test |   ok    …and read from its NAME it was research — the fault, reproduced — research
   self-test |   ok    …so this test distinguishes the fix from the fault — the two readings differ
   self-test |   ok    across all 698 committed records the name and the record disagree on exactly the 31 roofs of the retired inferred-household layer — 31 disagree, 31 retired
   self-test |   ok    plat_occupancy.researched_ids is the research layer of the same map — 149 documented
   self-test |   ok    …and every record lands in a named layer — research — 149
   self-test |   ok    …and every record lands in a named layer — inferred_household — 0
   self-test |   ok    …and every record lands in a named layer — reconstruction — 549
   self-test |   ok    the precedence rule stands the attested church and yields the inferred office — the collision the owner ruled on — first_presbyterian_church stands, physicians_office yields
   self-test |   ok    …and read from their NAMES both stand, so the rule could not have decided this at all — the reach of the fix, again — first_presbyterian_church stands, physicians_office stands
   self-test |   ok    …and the rule refuses two attested records rather than answering anyway — ValueError
   self-test |   ok    …and the rule refuses two generated records rather than answering anyway — ValueError
   self-test |   ok    …and the rule refuses one record rather than answering anyway — ValueError
   self-test |   ok    …and the rule refuses an id the dataset does not hold rather than answering anyway — ValueError
   self-test |   ok    an id carrying no committed record is refused, not read off its prefix — KeyError
   self-test |   ok    the committed tree passes the absolute assertion — clean
   self-test |   ok    …and physicians_office laps no corridor today, so nothing in the tree moves under the fix — clear
   self-test |   ok    a reconstruction roof moved onto the Lake Street centreline is caught by the absolute assertion — inf_artisan_dwelling_west_a — 1 generated roof(s) lap a platted corridor, which the placement gate refuses by construction: inf_artisan_dwelling_west_a:inferred_1835
   self-test |   ok    physicians_office moved onto the same centreline is caught by the absolute assertion — 1 generated roof(s) lap a platted corridor, which the placement gate refuses by construction: physicians_office:inferred_1835
   self-test |   ok    …and read from its NAME the absolute assertion never fires for it — the gate's reach, before the fix — no absolute failure; only the ratchet
   self-test |   ok    …which left it to the RATCHET, and a ratchet can be re-baselined — physicians_office:inferred_1835 newly laps lake by 12.19 m
   self-test | 
   self-test | SELF-TEST PASS

[1m== no building is newly drawn standing in any street corridor, the fort road included (T-1743)[0m
no building is newly drawn in a street corridor: 42 banked lap(s) across 37 record(s), none deeper

[1m== …and it refuses the trading post put back on the fort road (T-1743)[0m [2m(self-test: the assertions below are meant to fire)[0m
   self-test | ok   the committed tree passes
   self-test | ok   the trading post put back on the fort road is refused
   self-test | ok   a lap one metre deeper than banked is refused (agency_striker_log_house.log_1830 in north_water)
   self-test | ok   a banked lap that has cleared is refused until re-banked

[1m== north-bank frontages still stand on the rule the north bank is placed by[0m

[1m== …and that assertion fires when a roof leaves the frontage line[0m [2m(self-test: the assertions below are meant to fire)[0m
   self-test | north_bank_shed_dearborn_w__shed_1835: committed 5.050 m (ok=True), moved 3 m north 8.050 m (ok=False)
   self-test | OK  the assertion fires when a roof leaves the frontage line.

[1m== canal's corridor still reads the same on both readings of Kinzie x Canal[0m
canal control spread: 6.85 m as committed, 4.61 m on kinzie_canal's road_only_reading; corridor unmoved on both

[1m== …and its assertions fire when either reading, the line or the bridge drifts[0m [2m(self-test: the assertions below are meant to fire)[0m
   self-test | PASS a moved road_only_reading easting is caught — canal stands +1.01 m off kinzie_canal road-only, not the committed +0.01 m
   self-test | PASS a road_only_reading northing the bridge no longer answers for is caught — canal stands +0.04 m off kinzie_canal road-only, not the committed +0.01 m
   self-test | PASS a moved kinzie_canal control point is caught — canal's control spread as committed is 6.35 m, not the committed 6.85 m
   self-test | PASS a moved canal centreline is caught — canal stands +4.11 m off fulton_canal as committed, not the committed +4.61 m
   self-test | PASS an undeclared bridge variance is caught — north_branch_bridge declares no centreline.control_variance_m
   self-test | PASS the committed tree is green

[1m== north water street is still the line its own derivation produces, and still dry[0m
north_water: derived line committed, 26 bends, one in water and it is north_water_slough_crossing's deck midpoint
  clearance: the open reach clears 11.5 m, and the two ends 5.0 m -- the terminus at the fork and the crossing's approaches (T-0372)

[1m== …and its own assertions still fire when broken[0m [2m(self-test: the assertions below are meant to fire)[0m
   self-test |   fires: the open reach walked south, 1 m toward the water
   self-test |   fires: the west terminus walked south, 1 m toward the water
   self-test |   fires: the crossing's east approach walked south, 3 m toward the water
   self-test |   fires: 13 exempt probe(s) are under the open reach's 11.5 m floor, so the two windows are what let the committed line stand
   self-test |   ok:    both windows end where they are declared to (6 edge cases)
   self-test |   ok:    the east end at E +973.6 is a crossing: the offset curve is 3.96 m SOUTH of kinzie one station before it and 5.47 m NORTH of it two stations after
   self-test |   fires: north_bank refuses a bank reading that runs into its ceiling
   self-test | SELF-TEST PASS — the clearance rule refuses every tier, its two exemptions are the ones holding the committed line up, and the east end is a crossing of two committed records (7 cases)

[1m== a block face carries one street line, across every generator that builds on it[0m
   47 frontage record(s) across 11 block face(s), and every face is one street line. Party walls close from both sides.

[1m== …and its own assertions still fire when broken[0m [2m(self-test: the assertions below are meant to fire)[0m
   self-test |   ok    a face built on one line, with its party wall closed, passes — clean
   self-test |   ok    a SECOND setback on the same face is caught — blk_test north face carries 2 street lines (0.800, 1.500 m) — a street wall is one wall. b at 0.800 m; a at 1.500 m; b shares a party wall with a and their front walls are 0.700 m apart. One wall, from either side
   self-test |   ok    a record that does not stand on the setback it states is caught — blk_test north face carries 2 street lines (1.500, 1.900 m) — a street wall is one wall. b at 1.500 m; a at 1.900 m; a states a 1.500 m setback on the north face of blk_test and its front wall stands 1.900 m off that line; b shares a party wall with a and their front walls are 0.400 m apart. One wall, from either side
   self-test |   ok    a party wall whose other half declares no frontage is still measured, and a jog in it is caught — b shares a party wall with a and their front walls are 0.700 m apart. One wall, from either side
   self-test |   ok    a 4 mm reading is rounding, not a second line — clean
   self-test |   ok    the party wall T-0104 banked at 16 mm is no longer excused — recon_1835_south_d3_013 shares a party wall with inf_butcher_market and their front walls are 0.016 m apart. One wall, from either side
   self-test |   ok    …and the same pair standing on one line is clean — clean
   self-test | 
   self-test | SELF-TEST PASS

[1m== the West Division module, and the ceiling that answers the owner's shift report[0m [2m(self-test: the assertions below are meant to fire)[0m
   self-test | SELF-TEST PASS — the West Division module, its anchor and the shift ceiling (10 cases)

[1m== the West Division's tiers, and Carroll's midpoint still inside its own bracket[0m [2m(self-test: the assertions below are meant to fire)[0m
   self-test | SELF-TEST PASS — the West Division's tiers, the band they imply and Carroll's bracket (13 cases)

[1m== West Water still stands one half-corridor off the bank, and the two refusals still hold[0m [2m(self-test: the assertions below are meant to fire)[0m
   self-test |   ok   west_water is committed to data/streets/1835.json
   self-test |   ok   its committed path is the derived bank offset, to the centimetre
   self-test |   ok   its geometry is graded no better than the bank it is offset from
   self-test |   ok   wright_1834 — the bank's own source — is cited on it
   self-test |   ok   the plat that carries the street is cited on it
   self-test |   ok   the reach past the turn is cut where a committed footprint enters the corridor
   self-test |   ok   and the cut is then pulled back until the roadway clears that footprint (1.18 m)
   self-test |   ok   green_tree_tavern is what stops it, and it stands ACROSS the roadway
   self-test |   ok   james_kinzie_house still stands across it too, further along the bank
   self-test |   ok   the cut is inside the bank segment it is measured along, not past its end
   self-test |   ok   T-0445's end stood SOUTH of West Lake Street's north kerb (6.79 m), so the attested reach had zero length
   self-test |   ok   the continuation is cut short of that kerb by the tavern, so the attested reach north of it has no modelled length (0.00 m)
   self-test |   ok   no line fits riverward of the cluster: the widest clear strip between the water and it is 3.76 m against 24.384 m
   self-test |   ok   and the refusal is measured on every one of the cluster's placements
   self-test |   ok   every vertex stands one half-corridor from the bank, within 0.15 m
   self-test |   ok   the street's east kerb therefore reaches the waterline and no further
   self-test |   ok   jefferson stands on modelled ground — -401.04 against a wall at -705.0 — which is what T-1416 changed and T-1430 spent
   self-test |   ok   jefferson is committed to data/streets/1835.json
   self-test |   ok   …and its committed line passes through its own surviving intersection (0.4 mm off)
   self-test |   ok   …on `clinton`'s bearing, which is where a one-point seating gets its direction from
   self-test |   ok   …south end still on `clinton`'s reach and north end on this line's own control (-519.0 to 263.6), which is the one thing T-1490 changed about it
   self-test |   ok   …and the carried line REPRODUCES the surviving Kinzie intersection rather than being refitted to it: 3.116 m off OpenStreetMap node 708314133, inside the 20 m trace tolerance
   self-test |   ok   …graded `inferred` for that inheritance, never better than a line whose direction it did not read
   self-test |   ok   …and drawn as platted prairie, not a road: no track, unopened, unworn
   self-test |   ok   des_plaines stands on modelled ground — -524.88 against a wall at -705.0 — which is what T-1416 changed and T-1430 spent
   self-test |   ok   des_plaines is committed to data/streets/1835.json
   self-test |   ok   …and its committed line passes through its own surviving intersection (0.0 mm off)
   self-test |   ok   …on `clinton`'s bearing, which is where a one-point seating gets its direction from
   self-test |   ok   …over `clinton`'s own reach (-519.0 to 80.0), because a borrowed line may not claim more ground than the line it is borrowed from
   self-test |   ok   …graded `inferred` for that inheritance, never better than a line whose direction it did not read
   self-test |   ok   …and drawn as platted prairie, not a road: no track, unopened, unworn
   self-test |   ok   every West Division line the plat carries is now committed — none is absent
   self-test |   ok   west_water -> canal measures within 40 ft of the plat's module (478.7 ft against 458)
   self-test |   ok   …and it is a wider gap than canal -> clinton, which is the anomaly
   self-test |   ok   the bank's straight-line residual is stated and under 4 m
   self-test | 
   self-test | self-test OK — every assertion holds

[1m== the North Division lines still lie on the streets they continue, and say what names them[0m [2m(self-test: the assertions below are meant to fire)[0m
   self-test | measure_north_division_streets.py --self-test
   self-test | 
   self-test |   ok    the sheet's scale comes out near the 0.54 m/px T-0452 read independently
   self-test |   ok    every fit control corridor is reproduced within 0.5 m
   self-test |   ok    the four corridors measured on BOTH tiers cross the river within 1.5 px of themselves — the sheet draws one line, not two
   self-test |   ok    five of the six stand within 2.4 m of the committed line extended, at the tier's own northing
   self-test |   ok    market is the one that does not, and after T-0827 re-fitted its parent off the plat's module it is out by 5.2 m rather than the 9.08 m this reading found
   self-test |   ok    the North Division's block pitch is the platted module to within 3 m, every span
   self-test |   ok    ...and its mean is the South Division's own mean to within 0.7 m
   self-test |   ok    ...and every span lies inside the 1834 traverse band widened by the sheet's own 3 % stretch (116.6-126.9 m)
   self-test |   ok    market_north is committed to data/streets/1835.json
   self-test |   ok    market_north runs from North Water Street to Kinzie Street, within 0.05 m
   self-test |   ok    market_north is collinear with the committed market, within 0.02 m
   self-test |   ok    market_north cites the plat that draws it
   self-test |   ok    market_north says in its note that the plat letters no name in the North Division
   self-test |   ok    franklin_north is committed to data/streets/1835.json
   self-test |   ok    franklin_north runs from North Water Street to Kinzie Street, within 0.05 m
   self-test |   ok    franklin_north is collinear with the committed franklin, within 0.02 m
   self-test |   ok    franklin_north cites the plat that draws it
   self-test |   ok    franklin_north says in its note that the plat letters no name in the North Division
   self-test |   ok    wells_north is committed to data/streets/1835.json
   self-test |   ok    wells_north runs from North Water Street to Kinzie Street, within 0.05 m
   self-test |   ok    wells_north is collinear with the committed wells, within 0.02 m
   self-test |   ok    wells_north cites the plat that draws it
   self-test |   ok    wells_north says in its note that the plat letters no name in the North Division
   self-test |   ok    lasalle_north is committed to data/streets/1835.json
   self-test |   ok    lasalle_north runs from North Water Street to Kinzie Street, within 0.05 m
   self-test |   ok    lasalle_north is collinear with the committed lasalle, within 0.02 m
   self-test |   ok    lasalle_north cites the plat that draws it
   self-test |   ok    lasalle_north says in its note that the plat letters no name in the North Division
   self-test |   ok    clark_north is committed to data/streets/1835.json
   self-test |   ok    clark_north runs from North Water Street to Kinzie Street, within 0.05 m
   self-test |   ok    clark_north is collinear with the committed clark, within 0.02 m
   self-test |   ok    clark_north cites the plat that draws it
   self-test |   ok    clark_north says in its note that the plat letters no name in the North Division
   self-test |   ok    dearborn_north is committed to data/streets/1835.json
   self-test |   ok    dearborn_north runs from North Water Street to Kinzie Street, within 0.05 m
   self-test |   ok    dearborn_north is collinear with the committed dearborn, within 0.02 m
   self-test |   ok    dearborn_north cites the plat that draws it
   self-test |   ok    dearborn_north says in its note that the plat letters no name in the North Division
   self-test |   ok    all six carry the plat's attestation, as T-0713 ruled — market_north since T-0827 settled the parent line it stands on
   self-test |   ok    market_north's note says which ticket moved its parent under it
   self-test |   ok    wolcott is not disturbed: it is still the line on the town's east boundary
   self-test |   ok    the reading records the sheet's own spelling CLARKE for the Clark corridor
   self-test |   ok    ...and records that no North Division corridor is named at all
   self-test | 
   self-test | self-test OK — every assertion holds

[1m== the North Division tier is still the wedge the plat letters, and still refuses to publish a northing[0m [2m(self-test: the assertions below are meant to fire)[0m
   self-test | measure_north_division_tier_depth.py --self-test
   self-test | 
   self-test |   ok    the northing fit lands on the easting fit's scale, within 0.1 % — two axes, seven controls, no shared arithmetic
   self-test |   ok    every fit control corridor is reproduced within 2 m
   self-test |   ok    each control's drawn corridor is an 80 ft street within 1.2 m
   self-test |   ok    the lower lot row comes out the 180 ft the sheet letters in every block, within 5 ft — the check that the fit survives its extrapolation
   self-test |   ok    ...and to 1 ft in the mean
   self-test |   ok    the lower row is the CONSTANT one: it varies by under 8 ft across the tier
   self-test |   ok    the upper row is the WEDGE: it grows by more than 50 ft, west to east, monotonically
   self-test |   ok    so the tier IS a wedge — 117 m deep at Franklin, 131 m at Wolcott — and the swing T-1436 called an error is the plat's own
   self-test |   ok    the alley between the rows is a real alley, 18-24 ft in every block
   self-test |   ok    the south face is ONE straight line across those five blocks, to half a metre
   self-test |   ok    the North Branch block does NOT sit on it, which is why it is held out
   self-test |   ok    the held-out Kinzie line is MISSED, by more than 10 m at its worst — the shear that forbids publishing absolute northings up here
   self-test |   ok    ...and the miss runs with easting, monotonically, which is what makes it a shear and not scatter
   self-test |   ok    block 1's lettered 260 is the upper row PLUS the alley, within 3 ft
   self-test |   ok    ...and 260 + 180 closes on the drawn total within 6 ft
   self-test |   ok    the reading records that block 6's middle lines are NOT readable, and why
   self-test |   ok    the reading states it publishes depths, not northings
   self-test | 
   self-test | self-test OK — every assertion holds

[1m== the North Division tier's blocks and lots re-derive from the reading and the committed lines[0m
ok north_division_tier_lots.json re-derives

[1m== the North Division tier's cut is still four to a face, still a wedge, and still seated on committed Kinzie[0m [2m(self-test: the assertions below are meant to fire)[0m
   self-test |   ok  the plat's seven blocks are all cut
   self-test |   ok  every block is four lots to a face
   self-test |   ok  every block carries eight lots
   self-test |   ok  the committed columns give four 80 ft lots to a face, within 7 ft
   self-test |   ok  the lower row holds the lettered 180 ft across the tier, within 5 ft
   self-test |   ok  the upper row grows monotonically eastward
   self-test |   ok  the upper row is the wedge and the lower row is not
   self-test |   ok  block 7's rows and alley sum to its depth
   self-test |   ok  block 6's rows and alley sum to its depth
   self-test |   ok  block 5's rows and alley sum to its depth
   self-test |   ok  block 4's rows and alley sum to its depth
   self-test |   ok  block 3's rows and alley sum to its depth
   self-test |   ok  block 2's rows and alley sum to its depth
   self-test |   ok  block 1's rows and alley sum to its depth
   self-test |   ok  a centred alley would stand 8 m or more off the drawn line somewhere on the tier
   self-test |   ok  the tier line predicts block 6's read north face to a fifth of a pixel
   self-test |   ok  block 7's lots and alley account for its ground
   self-test |   ok  block 6's lots and alley account for its ground
   self-test |   ok  block 5's lots and alley account for its ground
   self-test |   ok  block 4's lots and alley account for its ground
   self-test |   ok  block 3's lots and alley account for its ground
   self-test |   ok  block 2's lots and alley account for its ground
   self-test |   ok  block 1's lots and alley account for its ground
   self-test |   ok  every block's north face stands on committed Kinzie's south kerb
   self-test |   ok  the one block with wet ground is the one the plat draws its watercourse across
   self-test |   ok  lot 4 is the lower row's west lot in every block, as the sheet letters it
   self-test | all assertions hold

[1m== the School Section tier's lots re-derive from the committed grid and the 1833 register[0m
ok school_section_tier_lots.json re-derives

[1m== the School Section tier is still cut into the lots the sale witnesses, and no others[0m [2m(self-test: the assertions below are meant to fire)[0m
   self-test |   ok  the tier is thirteen blocks wide
   self-test |   ok  the tier runs between Madison and Monroe and nothing else
   self-test |   ok  the blocks the sale never names are exactly the blocks the sheet reserves
   self-test |   ok  block 24 is cut into the 8 lots the register witnesses
   self-test |   ok  block 24's lot numbers are 1 to 8, once each
   self-test |   ok  block 25 is cut into the 8 lots the register witnesses
   self-test |   ok  block 25's lot numbers are 1 to 8, once each
   self-test |   ok  block 48 is cut into the 8 lots the register witnesses
   self-test |   ok  block 48's lot numbers are 1 to 8, once each
   self-test |   ok  block 49 is cut into the 8 lots the register witnesses
   self-test |   ok  block 49's lot numbers are 1 to 8, once each
   self-test |   ok  block 72 is cut into the 4 lots the register witnesses
   self-test |   ok  block 72's lot numbers are 1 to 4, once each
   self-test |   ok  block 80 is cut into the 4 lots the register witnesses
   self-test |   ok  block 80's lot numbers are 1 to 4, once each
   self-test |   ok  block 81 is cut into the 8 lots the register witnesses
   self-test |   ok  block 81's lot numbers are 1 to 8, once each
   self-test |   ok  block 94 is cut into the 8 lots the register witnesses
   self-test |   ok  block 94's lot numbers are 1 to 8, once each
   self-test |   ok  block 95 is cut into the 8 lots the register witnesses
   self-test |   ok  block 95's lot numbers are 1 to 8, once each
   self-test |   ok  block 118 is cut into the 8 lots the register witnesses
   self-test |   ok  block 118's lot numbers are 1 to 8, once each
   self-test |   ok  block 119 is cut into the 8 lots the register witnesses
   self-test |   ok  block 119's lot numbers are 1 to 8, once each
   self-test |   ok  nine blocks are cut into eight lots and two into four
   self-test |   ok  the two four-lot blocks are neighbours at the South Branch end of the tier
   self-test |   ok  the one block with wet ground is one of the two four-lot blocks
   self-test |   ok  block 1's committed boundary is an axis-aligned rectangle
   self-test |   ok  block 24's committed boundary is an axis-aligned rectangle
   self-test |   ok  block 25's committed boundary is an axis-aligned rectangle
   self-test |   ok  block 48's committed boundary is an axis-aligned rectangle
   self-test |   ok  block 49's committed boundary is an axis-aligned rectangle
   self-test |   ok  block 72's committed boundary is an axis-aligned rectangle
   self-test |   ok  block 80's committed boundary is an axis-aligned rectangle
   self-test |   ok  block 81's committed boundary is an axis-aligned rectangle
   self-test |   ok  block 94's committed boundary is an axis-aligned rectangle
   self-test |   ok  block 95's committed boundary is an axis-aligned rectangle
   self-test |   ok  block 118's committed boundary is an axis-aligned rectangle
   self-test |   ok  block 119's committed boundary is an axis-aligned rectangle
   self-test |   ok  block 142's committed boundary is an axis-aligned rectangle
   self-test |   ok  every block boundary is the committed grid's own, vertex for vertex
   self-test |   ok  block 24's lots and alley account for its ground
   self-test |   ok  every lot of block 24 lies inside the block
   self-test |   ok  block 25's lots and alley account for its ground
   self-test |   ok  every lot of block 25 lies inside the block
   self-test |   ok  block 48's lots and alley account for its ground
   self-test |   ok  every lot of block 48 lies inside the block
   self-test |   ok  block 49's lots and alley account for its ground
   self-test |   ok  every lot of block 49 lies inside the block
   self-test |   ok  block 72's lots and alley account for its ground
   self-test |   ok  every lot of block 72 lies inside the block
   self-test |   ok  block 80's lots and alley account for its ground
   self-test |   ok  every lot of block 80 lies inside the block
   self-test |   ok  block 81's lots and alley account for its ground
   self-test |   ok  every lot of block 81 lies inside the block
   self-test |   ok  block 94's lots and alley account for its ground
   self-test |   ok  every lot of block 94 lies inside the block
   self-test |   ok  block 95's lots and alley account for its ground
   self-test |   ok  every lot of block 95 lies inside the block
   self-test |   ok  block 118's lots and alley account for its ground
   self-test |   ok  every lot of block 118 lies inside the block
   self-test |   ok  block 119's lots and alley account for its ground
   self-test |   ok  every lot of block 119 lies inside the block
   self-test |   ok  block 24's north row descends west to east and ends at lot 1
   self-test |   ok  block 25's north row descends west to east and ends at lot 1
   self-test |   ok  block 48's north row descends west to east and ends at lot 1
   self-test |   ok  block 49's north row descends west to east and ends at lot 1
   self-test |   ok  block 72's north row descends west to east and ends at lot 1
   self-test |   ok  block 80's north row descends west to east and ends at lot 1
   self-test |   ok  block 81's north row descends west to east and ends at lot 1
   self-test |   ok  block 94's north row descends west to east and ends at lot 1
   self-test |   ok  block 95's north row descends west to east and ends at lot 1
   self-test |   ok  block 118's north row descends west to east and ends at lot 1
   self-test |   ok  block 119's north row descends west to east and ends at lot 1
   self-test |   ok  every lot on the tier is between a third and three quarters of an acre
   self-test |   ok  the register's whole-block acreage does not measure this grid
   self-test | all assertions hold

[1m== Market still stands one module west of Franklin, and the sheets still bracket it[0m [2m(self-test: the assertions below are meant to fire)[0m
   self-test | measure_market_line.py --self-test
   self-test | 
   self-test |   ok    the line this replaced had its north vertex ON the modern junction it was fitted to, to the centimetre — it was one control point and a bearing
   self-test |   ok    the Wright traverse crosses five block boundary lines east of the river
   self-test |   ok    ...spaced within 3 m of the plat's 80 ft step, every gap, so they are one uniform ladder and none of them is an 18 ft alley
   self-test |   ok    ...and five of those steps read the module to within 2 m
   self-test |   ok    the Thompson North Division tier reads the module to within 3 m
   self-test |   ok    the two sheets BRACKET the module — one under it, one over
   self-test |   ok    the pitch this re-fit replaced lay outside that bracket at every northing of the run
   self-test |   ok    the re-fit is Franklin stepped exactly one module west, to the centimetre
   self-test |   ok    it keeps Market's committed northing extent — this moves the line across, not along
   self-test |   ok    it moves the line west, between 2 and 4 m, at both ends
   self-test |   ok    the plat's North Division residual falls by more than a third
   self-test |   ok    ...and market is still the worst of the six, which the record says
   self-test |   ok    the committed line no longer reproduces lake_market: it stood on it, and now stands 3.3 m west of it
   self-test |   ok    data/streets/1835.json carries the re-fitted market, to the centimetre
   self-test |   ok    market_north is committed and collinear with the re-fitted parent, within 0.02 m
   self-test |   ok    market_north cites T-0827 for the line it now stands on
   self-test |   ok    market says in its note that it is no longer fitted to N Wacker Drive
   self-test | 
   self-test | self-test OK — every assertion holds

[1m== no principal frontage is more uniform than the record it reconstructs[0m
no principal frontage is more uniform than its own record (3 principal street(s) measured)

[1m== …and its own assertion still fires when broken[0m [2m(self-test: the assertions below are meant to fire)[0m
   self-test |   the assertion, broken in memory against the committed corridors
   self-test | 
   self-test |   ok    both synthetic buildings land on a principal street line — 2 of 2
   self-test |   ok    an all-frame invented row beside a documented LOG building is caught — South Water Street: the documented record puts 1 log building(s) on this street's line and the 1 invented one(s) standing there are all frame or plank. A reconstruction may not be more uniform than the record it reconstructs — the 1834 view of this frontage draws it as log AND frame, shoulder to shoulder
   self-test |   ok    …and the same row with one log unit in it passes — clean
   self-test |   ok    a street whose own record carries no log building asserts nothing — clean
   self-test |   ok    an ordinary street is out of scope — the rule is about the business front — clean
   self-test |   ok    the epoch's committed water planform is read and is not empty — 5 ring(s)
   self-test |   ok    Kinzie Street's east terminus stands in the harbour cut — the submerged stretch clause has something to refuse — terminus (1100.0, 251.8)
   self-test |   ok    …and its west end does not, so the clause refuses a STRETCH and not the street — west end (-320.0, 263.1)
   self-test |   ok    fort_dearborn_out_building_a is off the far bank's street and onto its own — lake at 312.17 m
   self-test |   ok    fort_dearborn_out_building_b is off the far bank's street and onto its own — lake at 322.71 m
   self-test |   ok    fort_dearborn_out_building_a fronts no street: its nearest corridor is beyond the reach — None at 312.17 m, reach 75.58 m
   self-test |   ok    fort_dearborn_blockhouse fronts no street: its nearest corridor is beyond the reach — None at 359.15 m, reach 75.58 m
   self-test |   ok    the outermost building inside the band keeps its street — miller_tannery on the Market corridor — market_north at 60.79 m
   self-test |   ok    FRONTAGE_REACH_M is the midpoint of the band the tree measures today — 66.06-85.10 m, midpoint 75.58 m vs committed 75.58 m
   self-test |   ok    the census reports a building that fronts no street instead of leaving it out — 35 row(s) with street None
   self-test |   ok    every lot of the School Section tier's joined blocks fronts the street its cut names — Monroe included — 40 of 40
   self-test |   ok    a straight line from the reservation to a north-bank street crosses committed water — (1121.2, 196.7) to (-320.0, 263.1)
   self-test | 
   self-test | SELF-TEST PASS

[1m== no block parcel stands a non-dwelling where the documented record puts none[0m
  29 block-parcel non-dwelling roof(s): every one on a frontage class the documented record carries, every commercial one on the street line

[1m== …and its own assertions still fire when broken[0m [2m(self-test: the assertions below are meant to fire)[0m
   self-test |   both assertions, broken in memory against the committed reading
   self-test | 
   self-test |   ok    the committed town passes both assertions — clean
   self-test |   ok    no documented store or warehouse stands on a light street, which is what the first assertion rests on — C 0, F 0, I 3, T 0, W 1
   self-test |   ok    a block-parcel store put on a light street is caught — recon_1835_blk_synthetic_c1_01 (C1) fronts washington, a light street, and no documented C building in this town stands on one — it would be the first
   self-test |   ok    …and one left at a dwelling's typology setback is caught — recon_1835_blk_synthetic_c1_01 (C1) stands 5.0 m back, off the street line (2.71 m). A commercial roof stands on it
   self-test |   ok    …and the same store on the better face, on the line, passes — clean
   self-test | 
   self-test | SELF-TEST PASS

[1m== the placement policy still re-derives, and nothing re-typed its constants[0m
  14 clauses over 6 shared constants; 81 of 100 documented roofs conform, 19 recorded as outliers with their reason

[1m== …and its five assertions still fire when broken[0m [2m(self-test: the assertions below are meant to fire)[0m
   self-test |   the five assertions, broken in memory against the committed policy
   self-test | 
   self-test |   ok    the committed policy passes all five — clean
   self-test |   ok    a clause citing a record this tree does not hold is caught — commercial_front cites `no_such_store_on_south_water`, which is not a committed record
   self-test |   ok    an inferred clause that states no reasoning is caught — bank_landing is tier `inferred` and states no reasoning
   self-test |   ok    an unexplained outlier is caught — agency_striker_log_house (D1) stands against every clause of its letter and nothing here says why: moved onto a light street, in memory
   self-test |   ok    …and a reason left behind by an outlier that went away is caught — OUTLIER_REASONS explains `a_store_that_was_never_here`, which is no longer an outlier — delete the reason or find out what moved
   self-test |   ok    a family letter left without a clause is caught — family C4 has no clause: the seating tickets would place it on instinct
   self-test |   ok    a module carrying its own copy of a shared constant is caught — tools/placement_policy_1835.py no longer defines STREET_LINE_M, which `street_line_m` is declared to feed
   self-test | 
   self-test | SELF-TEST PASS

[1m== the lot ledger and the platted seats still re-derive[0m
OK: 432 committed lots and 215 platted seats re-derive, and the 1207 the plat cannot hold are owed in writing

[1m== …and the deal's six refusals still fire when broken[0m [2m(self-test: the assertions below are meant to fire)[0m
   self-test | 
   self-test | [1m== the guards, fired on the real data[0m
   self-test |    a seat on a lot the ledger does not draw            refused
   self-test |    one standing roof adopted by two households         refused
   self-test |    a household seated in another division              refused
   self-test |    a slot on the last open lot of an open block         refused
   self-test |    an adopted roof drawn off the order book too        refused
   self-test |    a row in scope left unanswered                      refused
   self-test |    an owed row with no reason written                  refused
   self-test |    a household under a roof the business deal holds    refused
   self-test |    the business deal's cost moved with nobody ruling   refused
   self-test | 
   self-test | SELF-TEST PASS

[1m== the platted deal's roofs still name the keepers it seated there[0m
OK: 97 roof(s) across south_water, randolph, lake, washington, west, indiana_north, school_section_tier name the keeper the platted deal seated there, 117 refused in writing and 0 owed to nobody

[1m== …and the keeper ledger's assertions still fire when broken[0m [2m(self-test: the assertions below are meant to fire)[0m
   self-test |    OK: all 13 of the check's assertions fire when broken, and stay quiet when they should

[1m== the off-plat ledger and its seats still re-derive[0m
OK: 137 off-plat parcels and 99 off-plat seats re-derive, and the 1108 this ground cannot hold are owed in writing

[1m== …and the off-plat deal's seven refusals still fire when broken[0m [2m(self-test: the assertions below are meant to fire)[0m
   self-test | 
   self-test | [1m== the guards, fired on the real data[0m
   self-test |    a seat on a parcel the ledger does not draw         refused
   self-test |    one standing roof adopted by two households         refused
   self-test |    a household seated in another division              refused
   self-test |    a roof the plat's own deal already adopted          refused
   self-test |    a slot drawn on ground the schedule does not open   refused
   self-test |    a row in scope left unanswered                      refused
   self-test |    an owed row with no reason written                  refused
   self-test |    a farmhouse dealt to a household of another clause  refused
   self-test | 
   self-test | SELF-TEST PASS

[1m== the West farm ground still re-derives from the seats, the tracts and the programme[0m
ok   45 West farm households are dealt and no source places one of them: 2 are seated in a standing farmstead and 43 are owed. The West ground outside the 1833 corporation limits and off every subdivided tract is 177.7 ha — 10.98 forties — so at one farm to the smallest holding either source names, the modelled ground holds at most 10 farmstead(s), and 35 of the 45 must be stated as farming beyond it. 14 roof(s) already stand on that ground, 7 of them D1 cabins and 2 A2 barns — 2 cabin-and-barn pair(s), 2 of them seated by a farm household under the farmstead rule. The programme carries 0 D1+A2 farmstead(s) as it stands: the West has 0 D1 and 0 A2 left to build, its 0 remaining dwellings are T-2150's and its 0 barns T-2169's. 1 register row(s) of farm size reach the West ground outside the limits.

[1m== …and its sums and ceilings still refuse when broken[0m [2m(self-test: the assertions below are meant to fire)[0m
   self-test | ok   an owed household dropped from the rungs: the owed households do not add up to their rungs
   self-test | ok   a tract's area inflated: the tracts carry 1003732700.0 m² of West ground but the grid read 3732700.0
   self-test | ok   the farm ground inflated: the farm ground is not the unsubdivided ground outside the limits
   self-test | ok   the ground ceiling raised: the ground ceiling is not the whole forties of the farm ground
   self-test | ok   the programme ceiling raised: the programme ceiling exceeds the West's remaining D1 or A2
   self-test | ok   no West ground: no West ground was read — the branches or the box moved

[1m== no anonymous roof claims to be a public building, and the civic target is the ledger[0m
   no anonymous roof carries I1 or I3, and I2 holds at 0 (none). The town's public buildings are named records, and the I3 target is the 3 of them that had a roof on the scene date.

[1m== …and its own assertions still fire when broken[0m [2m(self-test: the assertions below are meant to fire)[0m
   self-test |    ok    the committed dataset passes, so a break below is this test's own doing
   self-test |    ok    the six-roof target this ticket corrected is caught
   self-test |    ok    a target BELOW the ledger is caught too — it is not a ceiling
   self-test |    ok    the court-house standing again on 1 July is caught
   self-test |    ok    a civic roof quietly losing its roof is caught
   self-test |    ok    a roof on the roofless estray pen is caught
   self-test |    ok    dropping the land-office kind guard is caught
   self-test |    ok    an exclusion re-dated back into the scene is caught
   self-test |    ok    the old south 10 / north 1 apportionment is caught
   self-test |    ok    a row total that no longer equals I1+I2+I3 is caught
   self-test | SELF-TEST PASS

[1m== the group rows add up by division too, and every division over one declares it[0m

   the matrix adds up by group and by division; 40 of the 40 (group, division) cells hold roofs they have room for, and the 0 that do not are declared, at 0 roof(s) between them.

[1m== …and its own assertions still fire when broken[0m [2m(self-test: the assertions below are meant to fire)[0m
   self-test |    ok    the committed dataset passes, so a break below is this test's own doing
   self-test |    ok    a row whose divisions no longer sum to its own total is caught
   self-test |    ok    ...and so is a division column that no longer equals its own target
   self-test |    ok    the north half of the apportionment T-0032 corrected is caught
   self-test |    ok    a new, undeclared division breach fails
   self-test |    ok    a declared breach that GROWS fails — the ratchet only falls
   self-test |    ok    a declaration that outlives its breach fails
   self-test |    ok    ...and so does one left at a figure the breach has fallen below
   self-test |    ok    T-0283's repair holds: the North's freight row is not over and carries no declaration
   self-test | SELF-TEST PASS

[1m== the anonymous massings that claim a sampled band have one[0m
   parcel                                       roofs  plans  twins  eaves out  claims sampling
   canal_approach_trade_1835                        4      4      0          0  NO
   north_freight_bank_1835                          1      1      0          0  NO
   phase1_south_mixed_blocks                       48     48      0          0  yes
   phase2_north_division_initial                   97     97      0          0  yes
   phase2_west_wolf_point_approaches               55     38     17          0  NO
   phase3_platted_block_indiana_north_cass          4      4      0          0  yes
   phase3_platted_block_indiana_north_cass_boarding_house     3      3      0          0  yes
   phase3_platted_block_indiana_north_cass_second_deal     4      4      0          0  yes
   phase3_platted_block_indiana_north_wolcott       4      4      0          0  yes
   phase3_platted_block_indiana_north_wolcott_second_deal     4      4      0          0  yes
   phase3_platted_block_indiana_north_wolcott_yard_deal     1      1      0          0  yes
   phase3_platted_block_lake_clark                  4      4      0          0  yes
   phase3_platted_block_lake_clinton                3      3      0          0  yes
   phase3_platted_block_lake_franklin               3      3      0          0  yes
   phase3_platted_block_lake_market                 7      7      0          0  yes
   phase3_platted_block_randolph_clark              8      8      0          0  yes
   phase3_platted_block_randolph_clark_side_street_shops     2      2      0          0  yes
   phase3_platted_block_randolph_clinton            7      7      0          0  yes
   phase3_platted_block_randolph_clinton_second_deal     4      4      0          0  yes
   phase3_platted_block_randolph_dearborn           9      9      0          0  yes
   phase3_platted_block_randolph_dearborn_second_deal     4      4      0          0  yes
   phase3_platted_block_randolph_dearborn_side_street_shop     1      1      0          0  yes
   phase3_platted_block_randolph_dearborn_third_deal     4      4      0          0  yes
   phase3_platted_block_randolph_franklin           8      8      0          0  yes
   phase3_platted_block_randolph_market             8      8      0          0  yes
   phase3_platted_block_randolph_market_second_deal     4      4      0          0  yes
   phase3_platted_block_randolph_wells             10     10      0          0  yes
   phase3_platted_block_school_section_tier_118     7      7      0          0  yes
   phase3_platted_block_school_section_tier_119     7      7      0          0  yes
   phase3_platted_block_school_section_tier_81      6      6      0          0  yes
   phase3_platted_block_school_section_tier_81_lot_1     1      1      0          0  yes
   phase3_platted_block_school_section_tier_94      7      7      0          0  yes
   phase3_platted_block_school_section_tier_95      6      6      0          0  yes
   phase3_platted_block_school_section_tier_95_lot_1     1      1      0          0  yes
   phase3_platted_block_south_water_clark           5      5      0          0  yes
   phase3_platted_block_south_water_clark_second_deal     2      2      0          0  yes
   phase3_platted_block_south_water_dearborn        6      6      0          0  yes
   phase3_platted_block_south_water_dearborn_second_deal     3      3      0          0  yes
   phase3_platted_block_south_water_dearborn_warehouse_deal     1      1      0          0  yes
   phase3_platted_block_south_water_dearborn_yard_deal     1      1      0          0  yes
   phase3_platted_block_south_water_franklin        7      7      0          0  yes
   phase3_platted_block_south_water_franklin_second_deal     4      4      0          0  yes
   phase3_platted_block_south_water_franklin_third_deal     2      2      0          0  yes
   phase3_platted_block_south_water_lasalle         7      7      0          0  yes
   phase3_platted_block_south_water_lasalle_second_deal     8      8      0          0  yes
   phase3_platted_block_south_water_wells           8      8      0          0  yes
   phase3_platted_block_south_water_wells_second_yard_deal     1      1      0          0  yes
   phase3_platted_block_south_water_wells_yard_deal     1      1      0          0  yes
   phase3_platted_block_washington_clark            4      4      0          0  yes
   phase3_platted_block_washington_clark_fifth_deal     3      3      0          0  yes
   phase3_platted_block_washington_clark_fourth_deal     3      3      0          0  yes
   phase3_platted_block_washington_clark_second_deal     1      1      0          0  yes
   phase3_platted_block_washington_clark_third_deal     5      5      0          0  yes
   phase3_platted_block_washington_clinton         13     13      0          0  yes
   phase3_platted_block_washington_clinton_yard_deal     4      4      0          0  yes
   phase3_platted_block_washington_clinton_yard_deal_2     3      3      0          0  yes
   phase3_platted_block_washington_dearborn_boarding_house     3      3      0          0  yes
   phase3_platted_block_washington_dearborn_second_deal     6      6      0          0  yes
   phase3_platted_block_washington_dearborn_side_street_shop     1      1      0          0  yes
   phase3_platted_block_washington_franklin        13     13      0          0  yes
   phase3_platted_block_washington_lasalle_first_deal    11     11      0          0  yes
   phase3_platted_block_washington_market_boarding_houses     6      6      0          0  yes
   phase3_platted_block_washington_market_second_deal    10     10      0          0  yes
   phase3_platted_block_washington_wells           11     11      0          0  yes
   phase3_platted_block_west_lake_canal             3      3      0          0  yes
   phase3_platted_block_west_randolph_canal         4      4      0          0  yes
   phase3_platted_block_west_randolph_des_plaines     4      4      0          0  yes
   phase3_platted_block_west_washington_canal       6      6      0          0  yes
   west_freight_bank_1835                           1      1      0          0  NO
   west_freight_forks_1835                          1      1      0          0  NO

   518 anonymous roof(s). Every footprint that claims to be sampled inside its family band is, and is unique within its family and parcel. NOT ASSERTED and owed: 0 stamped massing(s) and 0 eave(s) outside the band their own note cites.

[1m== no reconstructed value is newly outside the band its own note cites[0m
   549 reconstructed records 549 inferred_anonymous
   2526 value(s) tested against a machine-readable band, 3 outside it

   near = within one unit of the band's OWN edge: 1 ft for a footprint or an
   eave, one 1:12 step for a pitch, half a level for storeys. Near is not a
   pass — a note that cites a band it sits outside is wrong either way.

   field       tested  outside  of which near the edge
   footprint      549        2                       0
   eave           549        0                       0
   pitch          463        0                       0
   levels         416        1                       0
   roof_type      549        0                       0

   inferred_anonymous   footprint    2
   inferred_anonymous   levels       1

   2 of 549 records carry at least one

   the second fault (K33): the same sentence on values the crosswalk does
   not speak to at all. Repaired 2026-08-15 and now ASSERTED, on every field
   that cites a band rather than only the prose ones — the instrument is a
   keyword, so a silence it reports is a floor and not an estimate.
   field            citing the band  of which the family says nothing
   bays                         169                                 0
   chimneys                     132                                 0
   construction                 253                                 0
   plan                         130                                 0
   cladding                      43                                 0
   gable_front                   43                                 0
   goods_door                    24                                 0
   goods_door_side               24                                 0
   shopfront                     34                                 0
   board_gap_m                   44                                 0
   door                         127                                 0
   door_side                    127                                 0
   goods_door_bays                6                                 0
   paint                         32                                 0
   hoist_door                     5                                 0
   door_bays                      1                                 0

   every band citation in the dataset points at something the family authors.

   ratchet holds: 3 offender(s), exactly the committed census. This is not a pass mark — read it. K25(b) is the repair, and it needs a bake.

[1m== no reconstructed roof's ridge is newly outside its family band[0m
   549 reconstructed roof(s) modelled against a family ridge band; 0 outside it

[1m== every family's footprint, eave, pitch and ridge bands are satisfiable at once[0m
   31 family/roof-form combination(s) swept across the whole authored footprint band; 0 family(ies) with no reachable form
   6 family(ies) author no pitch band, so the ridge follows the generator's own type default and the specification claims nothing testable: A3, A4, A5, I3, W4, W5
   NOTE C1 as a shed: 231 of 441 footprints cannot reach ridge 15-20 ft, so the family's other roof form is the only one its own bands describe (first at 14.0x25.0 ft)
   NOTE F1 as a shed: 420 of 441 footprints cannot reach ridge 18-24 ft, so the family's other roof form is the only one its own bands describe (first at 18.0x32.9 ft)

   the shed offer — 9 family(ies) whose roof line names a SHED, against what this town deals them:
     family  dealt   unreachable as a shed   why not a shed
     A3      shed       0 of 441  ridge   8-10 ft   -
     A4      shed       0 of 441  ridge   9-13 ft   -
     A5      shed       0 of 441  ridge  10-15 ft   -
     C1      gable    231 of 441  ridge  15-20 ft   its own ridge band cannot carry one
     D2      shed       0 of 441  ridge  12-16 ft   -
     F1      gable    420 of 441  ridge  18-24 ft   its own ridge band cannot carry one
     F4      gable      0 of 441  ridge  17-24 ft   buildable; this town builds the gable (open-sided, so it falls across the short span)
     W4      gable      0 of 441  ridge  16-27 ft   buildable; this town builds the gable
     W5      gable    105 of 441  ridge  20-29 ft   its own ridge band cannot carry one
     the refusal is recorded on every committed record of C1, F1, W5

[1m== …and its own assertions still fire when broken[0m [2m(self-test: the assertions below are meant to fire)[0m
   self-test |   fires  a family dealt a shed its own ridge band cannot carry
   self-test |   fires  the open-sided table drifting from the crosswalk entry
   self-test |   fires  a refused family's record that does not carry the refusal
   self-test |   fires  a parcel that grows its own copy of the shed set
   self-test |   fires  a second parcel opting a second family out of the rule
   self-test |   ok     the retyped-set scan sees the literal it is looking for
   self-test |   ok     ...and does not see the shared call that replaced it
   self-test |   ok     no parcel contains the literal today
   self-test |   ok     the open-side scan reads F4's entry as open
   self-test |   ok     ...and W5's 'open work bay' as not an open side
   self-test |   ok     a refused family's note is generated, not typed: the sentence carries its own measured count
   self-test |   ok     a family whose shed IS reachable gets no refusal sentence
   self-test | 
   self-test | SELF-TEST PASS

[1m== the store families' crosswalk variants are the ones the archetype draws[0m
  ok   eleven committed C2 records state a story-and-a-half
  ok   ...and every one of them RESOLVES at 1.5, not at 1
  ok   ...and none of them cuts its shopfront through the attic floor
  ok   the 1.5-storey eave floor still carries a shop opening
  ok   ...and one centimetre under it does not
  ok   a record with no shopfront is not held to the shopfront's floor
  ok   C1, C2 and C3 front their gables, as their entries say
  ok   C4 does NOT — its entry offers a side gable or a hip
  ok   the question is not asked of a family it is not about
  ok   the committed C4 record no longer fronts its gable
  ok   builds: a hip over a two-storey store (C4's own levels)
  ok   refused: a hip over one storey
  ok   refused: a hip over a store-residence
  ok   no STORE record carries a hoist door — C3's note forbids inferring one from height
  ok   builds: a hoist door on a two-storey gable with a goods door
  ok   refused: a hoist door over one storey
  ok   refused: a hoist door with no goods door
  ok   refused: a hoist door under a hip, which has no gable to hang it in
  ok   refused: a hoist door whose loading side is an eaves wall — the beam has no gable
  ok   builds: ...and the same record with the goods door moved to the gable it has
  ok   every committed F2 record could carry the hoist its entry offers
  ok   …and every one of them does carry it, which is what L280 records
  ok   knee_wall_m and hoist_door are declared consumed

store variants OK — 11 C2 records at 1.5 storeys, 3 C4 record off its front gable, hip buildable and unbuilt, hoist unbuilt on every store and built on both F2 warehouses

[1m== …and its own assertions still fire when broken[0m [2m(self-test: the assertions below are meant to fire)[0m
   self-test | SELF-TEST: the storey count is truncated again; the C2 checks must fire.
   self-test |   ok   eleven committed C2 records state a story-and-a-half
   self-test |   FAIL ...and every one of them RESOLVES at 1.5, not at 1 — recon_1835_blk_lake_clark_c2_02=1, recon_1835_blk_lake_franklin_c2_01=1, recon_1835_blk_lake_market_c2_01=1, recon_1835_blk_randolph_clark_c2_01=1, recon_1835_blk_south_water_clark_c2_06=1, recon_1835_blk_south_water_dearborn_c2_07=1, recon_1835_blk_south_water_franklin_c2_08=1, recon_1835_blk_south_water_franklin_c2_09=1, recon_1835_blk_south_water_franklin_c2_10=1, recon_1835_blk_south_water_lasalle_c2_11=1, recon_1835_blk_south_water_wells_c2_01=1
   self-test |   FAIL ...and none of them cuts its shopfront through the attic floor — [('recon_1835_blk_lake_clark_c2_02', 3.05, 3.0), ('recon_1835_blk_lake_franklin_c2_01', 2.998, 2.588), ('recon_1835_blk_lake_market_c2_01', 3.05, 2.774), ('recon_1835_blk_randolph_clark_c2_01', 3.05, 2.739), ('recon_1835_blk_south_water_clark_c2_06', 3.05, 2.731), ('recon_1835_blk_south_water_dearborn_c2_07', 3.05, 2.773), ('recon_1835_blk_south_water_franklin_c2_08', 3.05, 2.923), ('recon_1835_blk_south_water_franklin_c2_09', 3.031, 2.621), ('recon_1835_blk_south_water_franklin_c2_10', 3.05, 2.927), ('recon_1835_blk_south_water_lasalle_c2_11', 3.05, 2.679), ('recon_1835_blk_south_water_wells_c2_01', 3.05, 2.99)]
   self-test |   ok   the 1.5-storey eave floor still carries a shop opening
   self-test |   ok   ...and one centimetre under it does not
   self-test |   ok   a record with no shopfront is not held to the shopfront's floor
   self-test |   ok   C1, C2 and C3 front their gables, as their entries say
   self-test |   ok   C4 does NOT — its entry offers a side gable or a hip
   self-test |   ok   the question is not asked of a family it is not about
   self-test |   ok   the committed C4 record no longer fronts its gable
   self-test |   ok   builds: a hip over a two-storey store (C4's own levels)
   self-test |   ok   refused: a hip over one storey
   self-test |   ok   refused: a hip over a store-residence
   self-test |   ok   no STORE record carries a hoist door — C3's note forbids inferring one from height
   self-test |   ok   builds: a hoist door on a two-storey gable with a goods door
   self-test |   ok   refused: a hoist door over one storey
   self-test |   ok   refused: a hoist door with no goods door
   self-test |   ok   refused: a hoist door under a hip, which has no gable to hang it in
   self-test |   ok   refused: a hoist door whose loading side is an eaves wall — the beam has no gable
   self-test |   ok   builds: ...and the same record with the goods door moved to the gable it has
   self-test |   ok   every committed F2 record could carry the hoist its entry offers
   self-test |   ok   …and every one of them does carry it, which is what L280 records
   self-test |   ok   knee_wall_m and hoist_door are declared consumed
   self-test | 
   self-test | 2 check(s) FAILED
   self-test | self-test OK — the assertions fire when 1.5 storeys is read as 1.

[1m== H1's centre hall is the crosswalk entry's, and H2's hip and Greek doorway are refused[0m
  OK  : exactly one family's entry names a centre hall — H1
  OK  : exactly one family's entry states a bare bay count, and it is the same one — H1
  OK  : the bare-bay pattern declines a range — D7 is "3/5 bays" and D1 is "2/3 bays"
  OK  : a family whose entry says nothing keeps the parcel's own default
  OK  : frame_dwelling can build the plan the entry requires
  OK  : every committed H1 record stands behind a centre hall — 15 roofs
  OK  : …and at the bay count its own entry states — 5 bays
  OK  : generate_block_infill.py asks house_front for the plan and the bay count
  OK  : generate_inferred_infill.py asks house_front for the plan and the bay count
  OK  : generate_north_infill.py asks house_front for the plan and the bay count
  OK  : generate_west_infill.py asks house_front for the plan and the bay count
  OK  : generate_inferred_households.py asks house_front for the plan and the bay count
  OK  : H2's own roof line offers a hip — side gable or hip, 6:12-9:12
  OK  : …and the archetype refuses it rather than carrying it — ROOF_TYPES is gable, shed
  OK  : the Greek doorway's refusal stands on a committed exclusion, not on a comment — Built 1836, and well outside the platted town in any case.
  OK  : …and that exclusion's earliest scene is after this one
  OK  : the refusal is on the record a visitor opens, not only in Python
  OK  : every H roof of the platted blocks carries its mapping note — 19 roofs

house front OK — 15 H1 roofs behind a centre hall at 5 bays, H2's hip and Greek doorway refused and recorded, 5 parcels asking one rule

[1m== …and its own assertions still fire when broken[0m [2m(self-test: the assertions below are meant to fire)[0m
   self-test | SELF-TEST: H1 is read as a three-bay hall-parlour cottage again; the committed-record checks must fire.
   self-test |   OK  : exactly one family's entry names a centre hall — H1
   self-test |   OK  : exactly one family's entry states a bare bay count, and it is the same one — H1
   self-test |   OK  : the bare-bay pattern declines a range — D7 is "3/5 bays" and D1 is "2/3 bays"
   self-test |   OK  : a family whose entry says nothing keeps the parcel's own default
   self-test |   OK  : frame_dwelling can build the plan the entry requires
   self-test |   FAIL: every committed H1 record stands behind a centre hall — recon_1835_blk_randolph_clark_h1_03, recon_1835_blk_randolph_dearborn_h1_14, recon_1835_blk_randolph_wells_h1_02, recon_1835_blk_school_section_tier_94_h1_06, recon_1835_blk_south_water_dearborn_h1_03, recon_1835_blk_washington_clinton_h1_05, recon_1835_blk_washington_franklin_h1_03, recon_1835_blk_washington_lasalle_h1_02, recon_1835_blk_washington_lasalle_h1_03, recon_1835_blk_washington_market_h1_07, recon_1835_blk_washington_wells_h1_02, recon_1835_blk_washington_wells_h1_03, recon_1835_north_h1_007, recon_1835_south_h1_029, recon_1835_west_006
   self-test |   FAIL: …and at the bay count its own entry states — recon_1835_blk_randolph_clark_h1_03, recon_1835_blk_randolph_dearborn_h1_14, recon_1835_blk_randolph_wells_h1_02, recon_1835_blk_school_section_tier_94_h1_06, recon_1835_blk_south_water_dearborn_h1_03, recon_1835_blk_washington_clinton_h1_05, recon_1835_blk_washington_franklin_h1_03, recon_1835_blk_washington_lasalle_h1_02, recon_1835_blk_washington_lasalle_h1_03, recon_1835_blk_washington_market_h1_07, recon_1835_blk_washington_wells_h1_02, recon_1835_blk_washington_wells_h1_03, recon_1835_north_h1_007, recon_1835_south_h1_029, recon_1835_west_006
   self-test |   OK  : generate_block_infill.py asks house_front for the plan and the bay count
   self-test |   OK  : generate_inferred_infill.py asks house_front for the plan and the bay count
   self-test |   OK  : generate_north_infill.py asks house_front for the plan and the bay count
   self-test |   OK  : generate_west_infill.py asks house_front for the plan and the bay count
   self-test |   OK  : generate_inferred_households.py asks house_front for the plan and the bay count
   self-test |   OK  : H2's own roof line offers a hip — side gable or hip, 6:12-9:12
   self-test |   OK  : …and the archetype refuses it rather than carrying it — ROOF_TYPES is gable, shed
   self-test |   OK  : the Greek doorway's refusal stands on a committed exclusion, not on a comment — Built 1836, and well outside the platted town in any case.
   self-test |   OK  : …and that exclusion's earliest scene is after this one
   self-test |   OK  : the refusal is on the record a visitor opens, not only in Python
   self-test |   OK  : every H roof of the platted blocks carries its mapping note — 19 roofs
   self-test | 
   self-test | 2 check(s) FAILED
   self-test | self-test OK — the assertions fire when H1 loses its centre hall.

[1m== every family every parcel may deal builds, and every band claim is named[0m
   400 synthetic deals per family, through each parcel's own sampling and form rules

   block — platted blocks
   family  archetype          refused  off band
   A1      outbuilding              0         0
   A2      outbuilding              0         0
   A3      outbuilding              0         0
   A4      outbuilding              0         0
   A5      outbuilding              0         0
   C1      frame_storefront         0         0
   C2      frame_storefront         0         0
   C3      frame_storefront         0         0
   D1      log_dwelling             0         0
   D2      outbuilding              0         0
   D3      frame_dwelling           0         0
   D4      frame_dwelling           0         0
   D5      frame_dwelling           0         0
   D6      frame_dwelling           0         0
   D7      frame_dwelling           0         0
   F1      outbuilding              0         0
   F2      frame_storefront         0         0
   F3      frame_storefront         0         0
   H1      frame_dwelling           0         0
   H2      frame_dwelling           0         0
   H3      frame_tavern             0         0
   W1      outbuilding              0         0
   W2      outbuilding              0         0
   W3      outbuilding              0         0
   W4      outbuilding              0         0

   west — West Division approaches
   family  archetype          refused  off band
   A1      outbuilding              0         0
   A2      outbuilding              0         0
   A3      outbuilding              0         0
   A4      outbuilding              0         0
   A5      outbuilding              0         0
   C1      frame_storefront         0         0
   C2      frame_storefront         0         0
   D1      log_dwelling             0         0
   D2      outbuilding              0         0
   D3      frame_dwelling           0         0
   D4      frame_dwelling           0         0
   D5      frame_dwelling           0         0
   D6      frame_dwelling           0         0
   D7      frame_dwelling           0         0
   F1      outbuilding              0         0
   H1      frame_dwelling           0         0
   H2      frame_tavern             0         0
   W1      outbuilding              0         0
   W2      outbuilding              0         0
   W3      outbuilding              0         0
   W4      outbuilding              0         0
   W5      outbuilding              0         0

   infill — South Division mixed blocks
   family  archetype          refused  off band
   A1      outbuilding              0         0
   A2      outbuilding              0         0
   A3      outbuilding              0         0
   A4      outbuilding              0         0
   A5      outbuilding              0         0
   C1      frame_storefront         0         0
   C2      frame_storefront         0         0
   C3      frame_storefront         0         0
   D1      log_dwelling             0         0
   D2      outbuilding              0         0
   D3      frame_dwelling           0         0
   D4      frame_dwelling           0         0
   D5      frame_dwelling           0         0
   D6      frame_dwelling           0         0
   D7      frame_dwelling           0         0
   F1      outbuilding              0         0
   F2      frame_storefront         0         0
   W1      outbuilding              0         0
   W2      outbuilding              0         0
   W3      outbuilding              0         0
   W4      outbuilding              0         0

   household — inferred households
   family  archetype          refused  off band
   A2      outbuilding              0         0
   A5      outbuilding              0         0
   C1      frame_storefront         0         0
   C2      frame_storefront         0         0
   C3      frame_storefront         0         0
   D1      log_dwelling             0         0
   D2      outbuilding              0         0
   D3      frame_dwelling           0         0
   D4      frame_dwelling           0         0
   D5      frame_dwelling           0         0
   H1      log_dwelling             0         0
   W1      outbuilding              0         0
   W3      outbuilding              0         0
   W4      outbuilding              0         0
   W5      outbuilding              0         0

   every family every parcel may deal builds at every size its own band allows.

[1m== the standing constraint reaches every record that claims it[0m
standing constraint: 14 structure(s), 8 household(s), 0 person(s) carry review_required; 13 link(s) reach a building that carries it too; a scene marked released is refused for every one of them, and every one of them says in its own words what it is held for

[1m== no unresolved source is newly built into the town[0m
rights derivation: 100 geometry-bearing attribute(s) on 22 record(s) are built from a source whose rights are unresolved, 48 of them with no other support (17 graded attested); the population is banked and may not grow

[1m== …and its own assertions still fire when broken[0m [2m(self-test: the assertions below are meant to fire)[0m
   self-test |   fires  1 an unresolved source declaring a deriving use
   self-test |   fires  2 a new geometry-bearing citation
   self-test |   fires  3 a banked entry that left the data
   self-test |   fires  4a a banked entry gaining an unresolved source
   self-test |   fires  4b corroboration lost
   self-test | SELF-TEST PASS

[1m== every flora and fauna figure is declared read or banked unread[0m
layer reads: 58 of 699 flora/fauna/residents figure(s) reach a vertex, 465 reach a visitor as text on a card, 174 reach nothing, 0 of those in data/fauna and 155 in data/residents (40 of them refused in writing); the unread population is banked and may not grow

[1m== …and its own assertions still fire when broken[0m [2m(self-test: the assertions below are meant to fire)[0m
   self-test |   fires  2 a read declaration the renderer no longer contains
   self-test |   fires  3 an unread figure the renderer reads
   self-test |   fires  4 a new figure nobody reads
   self-test |   fires  5 a banked figure that left the data
   self-test |   fires  6 a banked count that moved in a finished layer (flora/manifest:vocabulary.forms_unimplemented)
   self-test |   fires  3a the renderer opens a layer declared unread
   self-test |   fires  3a a layer with declared reads that nothing opens
   self-test |   quiet  6 a banked count that moved in a layer still being written (residents/household:arrival_year.replaceable_by.kind) — must not fire
   self-test |   ok     the comment stripper removes a line comment
   self-test |   ok     the comment stripper keeps a string that looks like one
   self-test |   ok     the comment stripper removes a block comment
   self-test |   ok     the renderer text no longer contains the comment that names an unread field
   self-test |   ok     the reverse scan sees a read it should see
   self-test |   ok     the reverse scan does not see a field nobody reads
   self-test |   ok     the parent-qualified form is used for an ambiguous leaf
   self-test |   ok     destination derivation does not claim an occupation provenance read
   self-test |   ok     occupation provenance remains detectable in both access forms
   self-test |   ok     the layer scan sees the layer the renderer does open
   self-test |   ok     every declared layer is a layer this file walks
   self-test |   ok     the layer scan does not see a layer a source does not open
   self-test | SELF-TEST PASS

[1m== every flora record reaches the reader its figures are read by[0m
flora reach: 283 of 2048 (record, figure) pair(s) K42 calls read reach nothing, 2 record(s) reach no reader at all and 1 recorded flower(s) draw no head; all three populations are banked and none may grow

[1m== …and its own assertions still fire when broken[0m [2m(self-test: the assertions below are meant to fire)[0m
   self-test |   fires  1 a published form with no archetype
   self-test |   fires  2 a role both readers claim
   self-test |   fires  2 a record whose role the manifest does not publish
   self-test |   fires  3 a new record that reaches no reader
   self-test |   fires  3 a banked unrouted record that has left the data
   self-test |   fires  3 a banked record whose reason moved
   self-test |   fires  4 a read that newly reaches only part of its records
   self-test |   fires  4 a banked partial read that has left the map
   self-test |   fires  4 a banked partial read whose counts moved
   self-test |   fires  5 a new recorded flower that draws no head
   self-test |   fires  5 a banked headless flower that has left the data
   self-test |   fires  the empty measurement, which must not pass
   self-test |   ok     the Set scanner finds a cohort that is there
   self-test |   ok     the Set scanner refuses a cohort that is not
   self-test |   ok     the array scanner finds the zone list
   self-test |   ok     the array scanner refuses a list that is not there
   self-test |   ok     the object scanner finds a dispatch table
   self-test |   ok     the object scanner refuses a table that is not there
   self-test |   ok     the role guard is read off the source
   self-test |   ok     the head archetype table is not empty
   self-test |   ok     both readers are scanned as drawing heads
   self-test |   ok     a reader with no head path at all scans False
   self-test |   ok     a head table with no emitter is refused
   self-test |   ok     an emitter with no head table is refused
   self-test |   ok     the woody head table is read off trees.js
   self-test |   ok     a routed record goes to the reader whose cohort holds it
   self-test |   ok     a woody record outside TIMBER_ZONES reaches nothing
   self-test |   ok     an unimplemented form reaches nothing
   self-test |   ok     a role in no cohort reaches nothing
   self-test |   ok     the two-scan figure reader sees the leaf both files read
   self-test |   ok     …and the renamed local only the declaration can prove
   self-test | SELF-TEST PASS

[1m== every routed woody record can be selected by something that places it[0m
planting reach: the woody planter sweeps the modelled field and reaches 99.5 % of the ground above its own dry floor (4.6 ha outside it, 274.0 ha swept and refused east of the documented limits); 0 routed woody species can be selected by no community mix; 3 of 29 mix weights sit outside every band their own community cites. All three are banked and none may worsen

[1m== …and its own assertions still fire when broken[0m [2m(self-test: the assertions below are meant to fire)[0m
   self-test | SELF-TEST — each case must FIRE
   self-test |   fires  1 a third addTree call site this gate cannot read
   self-test |   fires  2 the swept domain narrowed back to the old square
   self-test |   fires  2 the timber's east limit carried to the lake
   self-test |   fires  2 the planter reaching less ground than it did
   self-test |   fires  2 the field extended east under a fixed planter
   self-test |   fires  3 a species newly selectable by nothing
   self-test |   fires  3 a banked unselectable species that has been placed
   self-test |   fires  3b a placed species newly drawn with another's archetype
   self-test |   fires  3b a banked substitution that has been given its own archetype
   self-test |   fires  4 a zone newly routed to the timber reader
   self-test |   fires  4 a banked zone whose extent moved onto the planter
   self-test |   fires  5 a mix entry's weight edited and not re-banked — which is a stem count in the frame
   self-test |   fires  5 a species added to a mix and not banked
   self-test |   fires  5 a banked mix entry that has been removed
   self-test |   fires  5 a record's band edited under an unchanged weight
   self-test |   fires  5 a declared departure that used to sit inside its band
   self-test |   fires  5 K45(b)'s prescribed ['platanus_occidentalis', 1] — admissible under K46's rule, and half the sycamores
   self-test |   fires  K45(a) L113 backwards — the dune mix removed puts the poplars back in the unselectable bank
   self-test |   …and the bank it was written about is now empty: 0 routed, archetyped, unselectable species, with z08_lakeshore's own extent box the declared box overlaps the swept domain and its three poplars planted by `dune`
   self-test |   ok     the community scanner finds the five mixes
   self-test |   ok     …and reads the gallery's edge mix as well as its mix
   self-test |   ok     …and reads a multi-line mix to its END, not to its second entry
   self-test |   ok     the community scanner refuses a renderer with no COMMUNITIES
   self-test |   ok     the direct call site scan finds the point-bar thicket
   self-test |   ok     the call sites are counted, not assumed
   self-test |   ok     the planter's domain is derived from the field, not from a literal
   self-test |   ok     the bound scanner refuses a loop that no longer sweeps the field
   self-test |   ok     the bound scanner refuses a renderer with no planting steps
   self-test |   ok     the east limits are read off the street data, not off the renderer
   self-test |   ok     …and a communityAt that stopped applying them is refused
   self-test |   ok     …and a renderer that stopped reading the street records is refused
   self-test |   ok     flora.js's lattice is read as camera-centred
   self-test |   ok     …and a lattice that stopped following the camera is refused
   self-test |   ok     a species in a mix is selectable
   self-test |   ok     a species in no mix is not
   self-test |   ok     the weight scanner reads every mix entry in the file
   self-test |   ok     …and reads a multi-line mix to its last weight, not to its second
   self-test |   ok     …and each community's dossier still says which ZONE its weights came from
   self-test |   ok     …and refuses a community that no longer says
   self-test |   ok     …and each community's machine-readable `zones` agrees with that prose
   self-test |   ok     …and refuses a community whose zones and dossier disagree
   self-test |   ok     …and refuses a community that declares no zones at all
   self-test |   ok     the departures scanner reads the three this file declares
   self-test |   ok     TIMBER_ZONES is still a list a community's `zones` can name into
   self-test |   ok     the archetype table and its fallback are read off the renderer
   self-test |   ok     …and a fallback to an archetype that is not in the table is refused
   self-test |   ok     the per-zone archetypes are read off the renderer
   self-test |   ok     …and a renderer with no ARCHETYPE_BY_ZONE at all is refused
   self-test |   ok     …and the community that plants from a zone's own archetypes is read
   self-test |   ok     K46's rule is scanned out of the renderer, not assumed
   self-test |   ok     …and a renderer that went back to overriding the literal is refused
   self-test |   ok     …and one that stopped keeping the recorded band per zone is refused
   self-test |   ok     …and one that stopped testing the weight against that band is refused
   self-test |   ok     …and one that stopped reading `departures` is refused
   self-test |   ok     the census can say `undeclared-departure`
   self-test |   ok     …and `declared-departure` for the same weight once it is written down
   self-test |   ok     …and `stale-departure` for one declared and no longer outside
   self-test |   ok     …and `no-band-in-its-zones` when the cited zone records none
   self-test |   ok     …and every committed entry is one of the two verdicts that may stand
   self-test |   ok     the heightfield is the int16 grid this gate reads
   self-test | SELF-TEST PASS

[1m== no body of far timber stands in the river[0m
  far timber, sampled every 2 m against the committed heightfield
  body                      samples  in water  unmodelled  worst depth   wet run
  south_branch_belt            2308        57         552      1.511 m   113.7 m
  north_division_timber         459         0           0            —     0.0 m
  north_branch_belt            2513         8        2112      1.380 m    16.0 m
  main_stem_belt_east           136         0           0            —     0.0 m
  south_branch_grove           1345         0        1345            —     0.0 m
                                           65   (4009 samples lie outside the modelled field, where the mask cannot answer)
  PASS (ratchet) — 65 samples over water across 2 banked bodies, none new and none worse; the renderer clip keeps every one of them off the screen

[1m== …and its own assertions still fire when broken[0m [2m(self-test: the assertions below are meant to fire)[0m
   self-test |   fires: a polyline laid down the channel counts every sample wet
   self-test |   fires: the North Side timber's own ground censuses dry
   self-test |   fires: solveHorizon without the water clip
   self-test |   fires: FAR_TIMBER renamed out from under the gate
   self-test |   fires: trees.js and terrain.js carrying different waterlines
   self-test |   PASS (ratchet) — 65 samples over water across 2 banked bodies, none new and none worse; the renderer clip keeps every one of them off the screen
   self-test |   FAIL — the far-timber census disagrees with what is banked (ROADMAP R-BUG5)
   self-test |     south_branch_belt got WORSE: 58 samples over water against 57 banked
   self-test |   fires: a banked body whose fault grew
   self-test |   FAIL — the far-timber census disagrees with what is banked (ROADMAP R-BUG5)
   self-test |     unbanked is NEW: 9 of 9 samples over water, 9.0 m of 9.0 m, worst 1.000 m below the water surface
   self-test |   fires: a body standing in water that nobody banked
   self-test |   FAIL — the far-timber census disagrees with what is banked (ROADMAP R-BUG5)
   self-test |     south_branch_belt is banked at 57 samples over water and now has none — drop it from far_timber_baseline.json in the commit that repaired it (--update)
   self-test |   fires: a repair the baseline was not told about
   self-test |   self-test: every assertion fires when broken

[1m== the South Water timber belt re-derives from the street it is cut from[0m
  the South Water belt, derived from `south_water` offset 12.192 m south and clipped at `wells` (E +328.7)
  7 points, 264.4 m of belt
  PASS — FAR_TIMBER.main_stem_belt_east is the derived line

[1m== the fort's stockade is still pointed[0m
  ok    the pickets are pointed — 0.312 m of head, 8.4 % of a 3.7 m picket
  ok    768 posts carry one apex each (4608 verts, 6 per post)
  ok    the point is CUT FROM the picket, not stacked on it — mesh 3.7 m against the record's 3.7 m (reconstructed)

[1m== …and its own assertions still fire when broken[0m [2m(self-test: the assertions below are meant to fire)[0m
   self-test |   passes: the committed master, unmodified
   self-test |   fires: a stockade whose apexes sit at the shaft top
   self-test |   fires: a head worn down under the fraction that reads at the wall
   self-test |   fires: as many apex vertices as shoulders, which is a cap
   self-test |   fires: a picket that grew by its own point
   self-test |   self-test: every assertion fires when broken

[1m== the four crops are still the panels their citations name[0m

[1m== …and its own assertions still fire when broken[0m [2m(self-test: the assertions below are meant to fire)[0m
   self-test |   self-test: every assertion fires when broken, and row-shuffled noise reaches only 0.217 against the join's 0.861

[1m== Fort Dearborn's documented gates are shut[0m

[1m== …and its own assertions still fire when broken[0m [2m(self-test: the assertions below are meant to fire)[0m
   self-test |    ok    the committed mesh passes, so a break below is this test's own doing
   self-test |    ok    a gate with no leaves at all is caught
   self-test |    ok    the 0.90 m slot this file was written for is caught
   self-test |    ok    a 30 mm gap — three times the tolerance — is caught
   self-test |    ok    a leaf lying across the curtain is caught
   self-test |    ok    a gap inside the tolerance is NOT called a fault
   self-test | 
   self-test | SELF-TEST PASS

[1m== p4_0 raises no work at either angle of the fort it draws[0m

[1m== …and its own assertions still fire when broken[0m [2m(self-test: the assertions below are meant to fire)[0m
   self-test |    ok    the plate and the record agree today
   self-test |    ok    a highest point at the east angle is caught
   self-test |    ok    a highest point at the west angle is caught
   self-test |    ok    a work rising at the drawn angle is caught
   self-test |    ok    a corner work added at the north-east angle is caught
   self-test |    ok    a corner work raised above the curtain is caught
   self-test |    ok    the edge of the middle third is not a fault
   self-test | 
   self-test | SELF-TEST PASS

[1m== the ways the fort plates draw are still the ways the town was built to[0m

[1m== …and its own assertions still fire when broken[0m [2m(self-test: the assertions below are meant to fire)[0m
   self-test |    all 4 assertions fire when broken, and none fires on the committed tree

[1m== Braunhold's Sauganash still says what the research note says it says[0m

[1m== …and its own assertions still fire when broken[0m [2m(self-test: the assertions below are meant to fire)[0m
   self-test |    self-test: the four claims the research note rests on hold

[1m== the Chappel shore drawing still refuses to place its own station[0m

[1m== …and its own assertions still fire when broken[0m [2m(self-test: the assertions below are meant to fire)[0m
   self-test |    self-test: the ten claims docs/RESEARCH/chappel_shore_lighthouse.md rests on hold

[1m== both lines out of the Sauganash's drawn apex are still ridges, not rakes[0m
both apex lines horizontal: 1.35 deg and 0.11 deg

[1m== datum re-derivation[0m
re-derived origin drift vs datum.json: 0.01 m (tolerance 1.0 m); fit RMS 17.5 m (recorded 17.5 m)
OK: datum.json matches its ground control

[1m== the NA Wright registration's adjudication still matches its own measurement[0m
OK: data/traces/gcp/wright_1834_nara_hup_fit_adjudication.json matches its own measurement (4 models, 9 traces)

[1m== …and its own assertions still fire when broken[0m [2m(self-test: the assertions below are meant to fire)[0m
   self-test | OK: the adjudication's assertions fire when the record is wrong

[1m== liberties derived from docs/LIBERTIES.md[0m
OK: 435 liberties, data/liberties.json matches its markdown

[1m== …and its own assertions still fire when broken[0m [2m(self-test: the assertions below are meant to fire)[0m
   self-test | 
   self-test | [1m== …and its own assertions still fire when broken[0m
   self-test |   ok    a standing entry compiles standing
   self-test |   ok    a resolved entry that says what settled it compiles resolved
   self-test |   ok    …and is not blamed for anything
   self-test |   ok    an entry under Resolved saying nothing is NOT compiled resolved
   self-test |   ok    …and the gate names it
   self-test |   ok    a per-subject entry compiles per_subject
   self-test |   ok    …and is not blamed for anything
   self-test |   ok    a Resolved line outside the section does NOT exempt the entry
   self-test |   ok    …and the gate names that too
   self-test |   ok    the reader's order is standing, then per-subject, then resolved — and inside a group, the order the document was written in
   self-test |   ok    a number taken by two entries is reported
   self-test |   ok    …and the report names BOTH titles, so the newcomer can be told apart
   self-test |   ok    a lettered sub-entry is NOT a duplicate of its parent
   self-test |   ok    …and nothing is reported for the sub-entries
   self-test |   ok    a heading the grammar rejects is reported rather than swallowed (line 9)
   self-test |   ok    …and the entry it would have swallowed is named by line, not left to be searched for
   self-test |   ok    …and it is the ONLY entry parsed, which is why the silence mattered
   self-test |   ok    a scope whose count agrees with its enumeration compiles
   self-test |   ok    …and is not blamed for anything
   self-test |   ok    a count that has drifted from its enumeration is reported
   self-test |   ok    …and the report names BOTH numbers, so it can be repaired without re-deriving the population by hand
   self-test |   ok    …and the drifted entry still compiles the DECLARED count, so the next compile cannot absorb the drift into the derived file
   self-test |   ok    an enumeration nothing derives is reported rather than believed
   self-test |   ok    …and the report lists the enumerations that do exist
   self-test |   ok    a Scope field written as prose is reported, not parsed into a count
   self-test |   ok    a stage whose named entry carries its scope is clean
   self-test |   ok    a stage that mints people and names no liberty is refused
   self-test |   ok    a stage naming an entry that does not exist is refused
   self-test |   ok    a stage whose entry admits it in prose and carries no Scope is refused
   self-test |   ok    an entry claiming a stage the programme did not name it on is refused
   self-test |   ok    a stage that says it mints nothing and has written people is refused
   self-test |   ok    a stage that says it mints people and has written none is refused
   self-test |   ok    a stage exempt from a count and silent about why is refused
   self-test |   ok    an unknown `mints` word is refused rather than read as an exemption
   self-test |   ok    a programme with no stages refuses every binding at once
   self-test |   ok    a closing table that agrees with the layer is clean
   self-test |   ok    …and the tier tables under it are not read as stages
   self-test |   ok    a table row whose count has drifted from the layer is refused
   self-test |   ok    a thousands separator is required, so 1200 does not pass as 1,200
   self-test |   ok    a table crediting a stage to the wrong entry is refused
   self-test |   ok    a stage missing from the table is refused
   self-test |   ok    a table row naming no stage of the programme is refused
   self-test |   ok    a dossier with no closing section at all is refused
   self-test |   ok    the committed programme's 13 stages are each admitted to by an entry, and the 10 that mint people are counted (named_families, modelled_families, readmissions, trade_households, women_and_children, lodgers, garrison, underdocumented, transients, institutional_households)
   self-test |   ok    …and the dossier's closing tables print the same numbers
   self-test |   ok    the committed document misfiles nothing (17 settled, 418 still standing)
   self-test |   ok    the committed document carries no duplicate number, across 435 entries including 9 lettered sub-entries (L4a, L31a, L31b, L31c, L31d, L31e, L31g, L36a, L31f)
   self-test |   ok    …and every one of its 435 headings parses
   self-test |   ok    every scope in the committed document resolves and its count agrees (L218 reaches 23, L211 reaches 95, L214 reaches 773, L219 reaches 128, L220 reaches 509, L223 reaches 12, L232 reaches 24, L242 reaches 3, L244 reaches 801, L246 reaches 121, L247 reaches 556, L248 reaches 309, L249 reaches 307, L250 reaches 104, L251 reaches 125, L252 reaches 155, L254 reaches 53, L255 reaches 104, L257 reaches 53, L258 reaches 53, L259 reaches 53, L260 reaches 53, L262 reaches 53, L263 reaches 662, L264 reaches 5, L265 reaches 13, L266 reaches 93, L267 reaches 1, L269 reaches 104, L270 reaches 215, L271 reaches 99, L272 reaches 6, L276 reaches 97, L278 reaches 1, L280 reaches 6, L282 reaches 5, L360 reaches 53, L367 reaches 53)
   self-test | 
   self-test | SELF-TEST PASS

[1m== sidecars derived from data/[0m
scene 1812: 21 sidecar(s), 0 researched exclusion(s), 9 ground claim(s), 7 fauna source(s), 19 flora source(s), 10 clamped plant layer(s), 167 resident source(s), 0 people in the directory, 0 structure version(s), 677 excluded by date (agency_striker_log_house, bates_auction_room, beaubien_barn, beaubien_trading_post, blacksmith_shop_state_st, brickyard_north_side, brown_boarding_house, caldwell_agency_log_house, carpenter_south_water_store, chappel_infant_school, chicago_american_office, chicago_democrat_office, chicago_lighthouse_1832, chicago_lighthouse_keepers_quarters, clybourn_cabins, clybourn_slaughterhouse, cobweb_castle, cook_county_courthouse_1835, council_house, dearborn_street_drawbridge, dole_warehouse_south, elston_ash_house, elston_soap_candle_manufactory, emigrant_camp_shore, estray_pen, exchange_coffee_house, exchange_coffee_house_stable, first_presbyterian_church, fort_dearborn_artillery_house, fort_dearborn_barracks, fort_dearborn_big_barn, fort_dearborn_blockhouse, fort_dearborn_commandants_quarters, fort_dearborn_flagstaff, fort_dearborn_garrison_garden, fort_dearborn_guard_house, fort_dearborn_magazine, fort_dearborn_officers_quarters, fort_dearborn_out_building_a, fort_dearborn_out_building_b, fort_dearborn_palisade, fort_dearborn_parade, fort_dearborn_root_house, fort_dearborn_root_house_b, fort_dearborn_shop, fort_dearborn_store_house, fort_dearborn_sutlers_store, fort_dearborn_us_factors_house, fort_dearborn_wash_house, frederick_thomas_shop, glessner_house, goss_cobb_saddlery, green_tree_tavern, h_jones_store, harmon_log_cabin, harmon_loomis_store, heacock_house_monroe, hogan_store, inf_artisan_dwelling_west_a, inf_artisan_dwelling_west_b, inf_bakery_lake, inf_barber_shop, inf_blacksmith_shop_west, inf_boatman_cabin_north, inf_brickmaker_dwelling_north, inf_butcher_market, inf_carpenter_dwelling_north, inf_cooperage_south, inf_cooperage_south_branch, inf_grocery_west, inf_gunsmith_shop, inf_harness_shop, inf_labourer_shanty_north_a, inf_labourer_shanty_north_b, inf_labourer_shanty_west_a, inf_labourer_shanty_west_b, inf_laundry_north, inf_mason_dwelling_north, inf_packer_dwelling, inf_sawpit_shed, inf_sawyer_dwelling_a, inf_sawyer_dwelling_b, inf_shoemaker_shop, inf_tailor_shop, inf_teamster_dwelling_south, inf_teamster_dwelling_west, inf_teamster_stable_west, inf_wheelwright_shop_west, james_kinzie_house, jb_beaubien_homestead, jh_kinzie_forwarding_store, john_holbrook_store, kelsey_boarding_house, kimberly_residence, kinzie_hunter_warehouse, lake_house_construction, land_sale_camp_shore, landing_camp_west, lasalle_lake_house, lasalle_slough_crossing, log_jail, madore_beaubien_house, mansion_house, mansion_house_stable, mason_blacksmith_shop, mckee_log_house, miller_house, miller_tannery, miller_tanyard_bark_shed, miller_tanyard_drying_shed, new_york_house, new_york_house_stable, newberry_dole_packing_house_south_branch, newberry_dole_salt_house_south_branch, newberry_dole_slaughterhouse_south_branch, newberry_dole_stock_shed_south_branch, newberry_dole_warehouse, north_bank_shed_dearborn_e1, north_bank_shed_dearborn_e2, north_bank_shed_dearborn_e3, north_bank_shed_dearborn_w, north_branch_bridge, north_pier, north_side_school_1833, north_water_slough_crossing, old_bank_building, peck_store, philo_carpenter_log_shop, physicians_office, pierce_blacksmith_shop, pruyne_kimball_drugstore, recon_1835_bank_freight_f3_001, recon_1835_blk_indiana_north_cass_a1_08, recon_1835_blk_indiana_north_cass_a1_10, recon_1835_blk_indiana_north_cass_a3_03, recon_1835_blk_indiana_north_cass_a3_11, recon_1835_blk_indiana_north_cass_a4_04, recon_1835_blk_indiana_north_cass_a4_07, recon_1835_blk_indiana_north_cass_d3_01, recon_1835_blk_indiana_north_cass_d3_02, recon_1835_blk_indiana_north_cass_d4_05, recon_1835_blk_indiana_north_cass_d4_06, recon_1835_blk_indiana_north_cass_h3_09, recon_1835_blk_indiana_north_wolcott_a1_09, recon_1835_blk_indiana_north_wolcott_a3_04, recon_1835_blk_indiana_north_wolcott_a3_08, recon_1835_blk_indiana_north_wolcott_a4_03, recon_1835_blk_indiana_north_wolcott_a4_07, recon_1835_blk_indiana_north_wolcott_d3_01, recon_1835_blk_indiana_north_wolcott_d3_02, recon_1835_blk_indiana_north_wolcott_d3_05, recon_1835_blk_indiana_north_wolcott_d3_06, recon_1835_blk_lake_clark_a3_04, recon_1835_blk_lake_clark_c1_01, recon_1835_blk_lake_clark_c2_02, recon_1835_blk_lake_clark_c3_03, recon_1835_blk_lake_clinton_a1_03, recon_1835_blk_lake_clinton_d3_02, recon_1835_blk_lake_clinton_d4_01, recon_1835_blk_lake_franklin_a1_03, recon_1835_blk_lake_franklin_c2_01, recon_1835_blk_lake_franklin_d1_02, recon_1835_blk_lake_market_a1_06, recon_1835_blk_lake_market_a3_07, recon_1835_blk_lake_market_c2_01, recon_1835_blk_lake_market_d1_05, recon_1835_blk_lake_market_d2_04, recon_1835_blk_lake_market_d3_03, recon_1835_blk_lake_market_d4_02, recon_1835_blk_randolph_clark_a3_08, recon_1835_blk_randolph_clark_a4_07, recon_1835_blk_randolph_clark_c2_01, recon_1835_blk_randolph_clark_d1_06, recon_1835_blk_randolph_clark_d2_05, recon_1835_blk_randolph_clark_d6_04, recon_1835_blk_randolph_clark_h1_03, recon_1835_blk_randolph_clark_h2_02, recon_1835_blk_randolph_clark_w1_10, recon_1835_blk_randolph_clark_w2_09, recon_1835_blk_randolph_clinton_a1_06, recon_1835_blk_randolph_clinton_a2_05, recon_1835_blk_randolph_clinton_a3_07, recon_1835_blk_randolph_clinton_a3_10, recon_1835_blk_randolph_clinton_a4_11, recon_1835_blk_randolph_clinton_d1_03, recon_1835_blk_randolph_clinton_d3_04, recon_1835_blk_randolph_clinton_d4_02, recon_1835_blk_randolph_clinton_d4_09, recon_1835_blk_randolph_clinton_d5_01, recon_1835_blk_randolph_clinton_d7_08, recon_1835_blk_randolph_dearborn_a1_07, recon_1835_blk_randolph_dearborn_a2_08, recon_1835_blk_randolph_dearborn_a2_17, recon_1835_blk_randolph_dearborn_a3_09, recon_1835_blk_randolph_dearborn_a4_06, recon_1835_blk_randolph_dearborn_a4_13, recon_1835_blk_randolph_dearborn_d1_04, recon_1835_blk_randolph_dearborn_d1_12, recon_1835_blk_randolph_dearborn_d1_16, recon_1835_blk_randolph_dearborn_d2_05, recon_1835_blk_randolph_dearborn_d3_01, recon_1835_blk_randolph_dearborn_d3_11, recon_1835_blk_randolph_dearborn_d3_15, recon_1835_blk_randolph_dearborn_d4_03, recon_1835_blk_randolph_dearborn_d5_02, recon_1835_blk_randolph_dearborn_d6_10, recon_1835_blk_randolph_dearborn_h1_14, recon_1835_blk_randolph_dearborn_w2_18, recon_1835_blk_randolph_franklin_a1_07, recon_1835_blk_randolph_franklin_a3_08, recon_1835_blk_randolph_franklin_d1_06, recon_1835_blk_randolph_franklin_d2_05, recon_1835_blk_randolph_franklin_d3_04, recon_1835_blk_randolph_franklin_d4_03, recon_1835_blk_randolph_franklin_d5_02, recon_1835_blk_randolph_franklin_d6_01, recon_1835_blk_randolph_market_a2_08, recon_1835_blk_randolph_market_d1_10, recon_1835_blk_randolph_market_d2_05, recon_1835_blk_randolph_market_d2_06, recon_1835_blk_randolph_market_d2_09, recon_1835_blk_randolph_market_d3_04, recon_1835_blk_randolph_market_d4_03, recon_1835_blk_randolph_market_d4_07, recon_1835_blk_randolph_market_d4_12, recon_1835_blk_randolph_market_d5_01, recon_1835_blk_randolph_market_d5_11, recon_1835_blk_randolph_market_d6_02, recon_1835_blk_randolph_wells_a1_08, recon_1835_blk_randolph_wells_a3_09, recon_1835_blk_randolph_wells_a4_10, recon_1835_blk_randolph_wells_d1_06, recon_1835_blk_randolph_wells_d2_07, recon_1835_blk_randolph_wells_d3_05, recon_1835_blk_randolph_wells_d4_04, recon_1835_blk_randolph_wells_d5_03, recon_1835_blk_randolph_wells_h1_02, recon_1835_blk_randolph_wells_h2_01, recon_1835_blk_school_section_tier_118_d2_01, recon_1835_blk_school_section_tier_118_d3_05, recon_1835_blk_school_section_tier_118_d4_03, recon_1835_blk_school_section_tier_118_d4_04, recon_1835_blk_school_section_tier_118_d5_02, recon_1835_blk_school_section_tier_118_d5_07, recon_1835_blk_school_section_tier_118_d6_06, recon_1835_blk_school_section_tier_119_d3_05, recon_1835_blk_school_section_tier_119_d4_03, recon_1835_blk_school_section_tier_119_d4_04, recon_1835_blk_school_section_tier_119_d5_02, recon_1835_blk_school_section_tier_119_d5_06, recon_1835_blk_school_section_tier_119_d6_01, recon_1835_blk_school_section_tier_119_d7_07, recon_1835_blk_school_section_tier_81_d2_05, recon_1835_blk_school_section_tier_81_d4_03, recon_1835_blk_school_section_tier_81_d4_04, recon_1835_blk_school_section_tier_81_d5_01, recon_1835_blk_school_section_tier_81_d5_02, recon_1835_blk_school_section_tier_81_d5_07, recon_1835_blk_school_section_tier_81_d6_06, recon_1835_blk_school_section_tier_94_d3_05, recon_1835_blk_school_section_tier_94_d4_04, recon_1835_blk_school_section_tier_94_d5_01, recon_1835_blk_school_section_tier_94_d5_02, recon_1835_blk_school_section_tier_94_d5_03, recon_1835_blk_school_section_tier_94_d7_07, recon_1835_blk_school_section_tier_94_h1_06, recon_1835_blk_school_section_tier_95_d2_05, recon_1835_blk_school_section_tier_95_d4_03, recon_1835_blk_school_section_tier_95_d4_04, recon_1835_blk_school_section_tier_95_d5_01, recon_1835_blk_school_section_tier_95_d5_02, recon_1835_blk_school_section_tier_95_d6_06, recon_1835_blk_school_section_tier_95_d6_07, recon_1835_blk_south_water_clark_a3_05, recon_1835_blk_south_water_clark_a3_07, recon_1835_blk_south_water_clark_c2_06, recon_1835_blk_south_water_clark_d1_04, recon_1835_blk_south_water_clark_d3_03, recon_1835_blk_south_water_clark_d4_02, recon_1835_blk_south_water_clark_f2_01, recon_1835_blk_south_water_dearborn_a1_09, recon_1835_blk_south_water_dearborn_a3_06, recon_1835_blk_south_water_dearborn_a5_10, recon_1835_blk_south_water_dearborn_c1_08, recon_1835_blk_south_water_dearborn_c2_07, recon_1835_blk_south_water_dearborn_c3_01, recon_1835_blk_south_water_dearborn_c3_02, recon_1835_blk_south_water_dearborn_d1_05, recon_1835_blk_south_water_dearborn_d2_04, recon_1835_blk_south_water_dearborn_f2_11, recon_1835_blk_south_water_dearborn_h1_03, recon_1835_blk_south_water_franklin_a1_06, recon_1835_blk_south_water_franklin_a3_07, recon_1835_blk_south_water_franklin_a3_11, recon_1835_blk_south_water_franklin_c2_08, recon_1835_blk_south_water_franklin_c2_09, recon_1835_blk_south_water_franklin_c2_10, recon_1835_blk_south_water_franklin_c4_01, recon_1835_blk_south_water_franklin_d1_04, recon_1835_blk_south_water_franklin_d2_05, recon_1835_blk_south_water_franklin_d3_03, recon_1835_blk_south_water_franklin_d3_13, recon_1835_blk_south_water_franklin_d4_02, recon_1835_blk_south_water_franklin_d4_12, recon_1835_blk_south_water_lasalle_a1_14, recon_1835_blk_south_water_lasalle_a2_15, recon_1835_blk_south_water_lasalle_a3_07, recon_1835_blk_south_water_lasalle_c1_08, recon_1835_blk_south_water_lasalle_c2_11, recon_1835_blk_south_water_lasalle_c3_12, recon_1835_blk_south_water_lasalle_c3_13, recon_1835_blk_south_water_lasalle_d1_04, recon_1835_blk_south_water_lasalle_d2_05, recon_1835_blk_south_water_lasalle_d2_09, recon_1835_blk_south_water_lasalle_d3_03, recon_1835_blk_south_water_lasalle_d3_06, recon_1835_blk_south_water_lasalle_d4_02, recon_1835_blk_south_water_lasalle_d5_01, recon_1835_blk_south_water_lasalle_f2_10, recon_1835_blk_south_water_wells_a2_09, recon_1835_blk_south_water_wells_a2_10, recon_1835_blk_south_water_wells_a3_08, recon_1835_blk_south_water_wells_c2_01, recon_1835_blk_south_water_wells_c3_02, recon_1835_blk_south_water_wells_d1_05, recon_1835_blk_south_water_wells_d1_07, recon_1835_blk_south_water_wells_d2_06, recon_1835_blk_south_water_wells_d3_04, recon_1835_blk_south_water_wells_d4_03, recon_1835_blk_washington_clark_a1_07, recon_1835_blk_washington_clark_a1_09, recon_1835_blk_washington_clark_a1_12, recon_1835_blk_washington_clark_a3_03, recon_1835_blk_washington_clark_a3_08, recon_1835_blk_washington_clark_a3_10, recon_1835_blk_washington_clark_a3_13, recon_1835_blk_washington_clark_a4_04, recon_1835_blk_washington_clark_a5_16, recon_1835_blk_washington_clark_d3_15, recon_1835_blk_washington_clark_d4_02, recon_1835_blk_washington_clark_d4_14, recon_1835_blk_washington_clark_d5_01, recon_1835_blk_washington_clark_h3_05, recon_1835_blk_washington_clark_h3_06, recon_1835_blk_washington_clark_h3_11, recon_1835_blk_washington_clinton_a1_06, recon_1835_blk_washington_clinton_a2_08, recon_1835_blk_washington_clinton_a2_10, recon_1835_blk_washington_clinton_a2_12, recon_1835_blk_washington_clinton_a2_15, recon_1835_blk_washington_clinton_a2_19, recon_1835_blk_washington_clinton_a3_16, recon_1835_blk_washington_clinton_a4_09, recon_1835_blk_washington_clinton_a4_11, recon_1835_blk_washington_clinton_a4_14, recon_1835_blk_washington_clinton_a4_20, recon_1835_blk_washington_clinton_a5_07, recon_1835_blk_washington_clinton_a5_13, recon_1835_blk_washington_clinton_a5_17, recon_1835_blk_washington_clinton_a5_18, recon_1835_blk_washington_clinton_d4_04, recon_1835_blk_washington_clinton_d5_03, recon_1835_blk_washington_clinton_h1_05, recon_1835_blk_washington_clinton_h2_01, recon_1835_blk_washington_clinton_h3_02, recon_1835_blk_washington_dearborn_a1_02, recon_1835_blk_washington_dearborn_a3_03, recon_1835_blk_washington_dearborn_d3_07, recon_1835_blk_washington_dearborn_d3_08, recon_1835_blk_washington_dearborn_d4_09, recon_1835_blk_washington_dearborn_d7_04, recon_1835_blk_washington_dearborn_d7_06, recon_1835_blk_washington_dearborn_h2_05, recon_1835_blk_washington_dearborn_h3_01, recon_1835_blk_washington_dearborn_w2_10, recon_1835_blk_washington_franklin_a1_10, recon_1835_blk_washington_franklin_a2_09, recon_1835_blk_washington_franklin_a3_13, recon_1835_blk_washington_franklin_a4_11, recon_1835_blk_washington_franklin_a4_12, recon_1835_blk_washington_franklin_a5_08, recon_1835_blk_washington_franklin_d3_05, recon_1835_blk_washington_franklin_d3_06, recon_1835_blk_washington_franklin_d3_07, recon_1835_blk_washington_franklin_d7_01, recon_1835_blk_washington_franklin_d7_04, recon_1835_blk_washington_franklin_h1_03, recon_1835_blk_washington_franklin_h2_02, recon_1835_blk_washington_lasalle_a1_08, recon_1835_blk_washington_lasalle_a3_09, recon_1835_blk_washington_lasalle_a3_10, recon_1835_blk_washington_lasalle_a4_11, recon_1835_blk_washington_lasalle_d3_06, recon_1835_blk_washington_lasalle_d3_07, recon_1835_blk_washington_lasalle_d7_04, recon_1835_blk_washington_lasalle_d7_05, recon_1835_blk_washington_lasalle_h1_02, recon_1835_blk_washington_lasalle_h1_03, recon_1835_blk_washington_lasalle_h2_01, recon_1835_blk_washington_market_a1_02, recon_1835_blk_washington_market_a1_05, recon_1835_blk_washington_market_a2_13, recon_1835_blk_washington_market_a3_03, recon_1835_blk_washington_market_a3_06, recon_1835_blk_washington_market_a3_15, recon_1835_blk_washington_market_a4_12, recon_1835_blk_washington_market_a4_16, recon_1835_blk_washington_market_a5_14, recon_1835_blk_washington_market_d3_10, recon_1835_blk_washington_market_d4_08, recon_1835_blk_washington_market_d4_11, recon_1835_blk_washington_market_d7_09, recon_1835_blk_washington_market_h1_07, recon_1835_blk_washington_market_h3_01, recon_1835_blk_washington_market_h3_04, recon_1835_blk_washington_wells_a1_11, recon_1835_blk_washington_wells_a3_08, recon_1835_blk_washington_wells_a3_09, recon_1835_blk_washington_wells_a4_10, recon_1835_blk_washington_wells_d3_05, recon_1835_blk_washington_wells_d3_06, recon_1835_blk_washington_wells_d7_01, recon_1835_blk_washington_wells_d7_04, recon_1835_blk_washington_wells_h1_02, recon_1835_blk_washington_wells_h1_03, recon_1835_blk_washington_wells_h2_07, recon_1835_blk_west_lake_canal_d2_03, recon_1835_blk_west_lake_canal_d4_02, recon_1835_blk_west_lake_canal_d5_01, recon_1835_blk_west_randolph_canal_d4_02, recon_1835_blk_west_randolph_canal_d5_01, recon_1835_blk_west_randolph_canal_d5_03, recon_1835_blk_west_randolph_canal_d6_04, recon_1835_blk_west_randolph_des_plaines_d4_02, recon_1835_blk_west_randolph_des_plaines_d5_04, recon_1835_blk_west_randolph_des_plaines_d6_03, recon_1835_blk_west_randolph_des_plaines_w2_01, recon_1835_blk_west_washington_canal_d2_06, recon_1835_blk_west_washington_canal_d3_04, recon_1835_blk_west_washington_canal_d4_03, recon_1835_blk_west_washington_canal_d5_02, recon_1835_blk_west_washington_canal_d6_01, recon_1835_blk_west_washington_canal_d7_05, recon_1835_branch_freight_f2_001, recon_1835_canal_trade_c3_001, recon_1835_canal_trade_c4_002, recon_1835_canal_trade_w1_003, recon_1835_canal_trade_w2_004, recon_1835_forks_freight_f2_001, recon_1835_north_a1_008, recon_1835_north_a1_032, recon_1835_north_a1_036, recon_1835_north_a1_047, recon_1835_north_a1_050, recon_1835_north_a2_033, recon_1835_north_a2_048, recon_1835_north_a2_059, recon_1835_north_a2_094, recon_1835_north_a2_095, recon_1835_north_a2_096, recon_1835_north_a2_097, recon_1835_north_a2_098, recon_1835_north_a3_009, recon_1835_north_a3_034, recon_1835_north_a3_051, recon_1835_north_a4_010, recon_1835_north_a4_035, recon_1835_north_a4_052, recon_1835_north_a5_011, recon_1835_north_a5_049, recon_1835_north_c3_064, recon_1835_north_c3_066, recon_1835_north_c4_067, recon_1835_north_d1_001, recon_1835_north_d1_013, recon_1835_north_d1_023, recon_1835_north_d1_053, recon_1835_north_d1_054, recon_1835_north_d1_060, recon_1835_north_d2_003, recon_1835_north_d2_014, recon_1835_north_d2_029, recon_1835_north_d2_046, recon_1835_north_d2_077, recon_1835_north_d2_085, recon_1835_north_d2_091, recon_1835_north_d3_002, recon_1835_north_d3_006, recon_1835_north_d3_016, recon_1835_north_d3_020, recon_1835_north_d3_024, recon_1835_north_d3_038, recon_1835_north_d3_042, recon_1835_north_d3_055, recon_1835_north_d3_073, recon_1835_north_d3_081, recon_1835_north_d3_089, recon_1835_north_d4_004, recon_1835_north_d4_005, recon_1835_north_d4_012, recon_1835_north_d4_015, recon_1835_north_d4_017, recon_1835_north_d4_018, recon_1835_north_d4_025, recon_1835_north_d4_039, recon_1835_north_d4_043, recon_1835_north_d4_056, recon_1835_north_d4_069, recon_1835_north_d4_072, recon_1835_north_d4_075, recon_1835_north_d4_079, recon_1835_north_d4_083, recon_1835_north_d4_087, recon_1835_north_d4_090, recon_1835_north_d5_019, recon_1835_north_d5_026, recon_1835_north_d5_037, recon_1835_north_d5_041, recon_1835_north_d5_057, recon_1835_north_d5_068, recon_1835_north_d5_071, recon_1835_north_d5_074, recon_1835_north_d5_078, recon_1835_north_d5_082, recon_1835_north_d5_086, recon_1835_north_d5_092, recon_1835_north_d6_021, recon_1835_north_d6_027, recon_1835_north_d6_044, recon_1835_north_d6_058, recon_1835_north_d6_070, recon_1835_north_d6_080, recon_1835_north_d6_084, recon_1835_north_d6_093, recon_1835_north_d7_031, recon_1835_north_d7_076, recon_1835_north_d7_088, recon_1835_north_h1_007, recon_1835_north_h2_022, recon_1835_north_h2_028, recon_1835_north_h2_030, recon_1835_north_h2_045, recon_1835_north_t1_061, recon_1835_north_w2_065, recon_1835_north_w3_062, recon_1835_north_w5_040, recon_1835_south_a1_046, recon_1835_south_a2_037, recon_1835_south_a2_047, recon_1835_south_a3_041, recon_1835_south_a3_043, recon_1835_south_a3_045, recon_1835_south_a4_042, recon_1835_south_a4_048, recon_1835_south_a5_044, recon_1835_south_c3_015, recon_1835_south_c3_040, recon_1835_south_d1_003, recon_1835_south_d1_010, recon_1835_south_d1_018, recon_1835_south_d1_021, recon_1835_south_d1_032, recon_1835_south_d1_033, recon_1835_south_d2_005, recon_1835_south_d2_024, recon_1835_south_d3_001, recon_1835_south_d3_008, recon_1835_south_d3_013, recon_1835_south_d3_017, recon_1835_south_d3_022, recon_1835_south_d3_027, recon_1835_south_d4_002, recon_1835_south_d4_006, recon_1835_south_d4_009, recon_1835_south_d4_014, recon_1835_south_d4_019, recon_1835_south_d4_025, recon_1835_south_d4_026, recon_1835_south_d4_030, recon_1835_south_d5_004, recon_1835_south_d5_007, recon_1835_south_d5_011, recon_1835_south_d5_016, recon_1835_south_d5_023, recon_1835_south_d5_028, recon_1835_south_d5_034, recon_1835_south_d6_012, recon_1835_south_d6_020, recon_1835_south_d6_031, recon_1835_south_d6_036, recon_1835_south_d7_035, recon_1835_south_f1_038, recon_1835_south_h1_029, recon_1835_south_h2_039, recon_1835_west_001, recon_1835_west_002, recon_1835_west_003, recon_1835_west_004, recon_1835_west_005, recon_1835_west_006, recon_1835_west_007, recon_1835_west_008, recon_1835_west_009, recon_1835_west_010, recon_1835_west_011, recon_1835_west_012, recon_1835_west_013, recon_1835_west_014, recon_1835_west_015, recon_1835_west_016, recon_1835_west_017, recon_1835_west_018, recon_1835_west_019, recon_1835_west_020, recon_1835_west_021, recon_1835_west_022, recon_1835_west_023, recon_1835_west_024, recon_1835_west_025, recon_1835_west_026, recon_1835_west_027, recon_1835_west_028, recon_1835_west_029, recon_1835_west_030, recon_1835_west_031, recon_1835_west_032, recon_1835_west_033, recon_1835_west_034, recon_1835_west_035, recon_1835_west_036, recon_1835_west_037, recon_1835_west_038, recon_1835_west_039, recon_1835_west_040, recon_1835_west_041, recon_1835_west_042, recon_1835_west_043, recon_1835_west_044, recon_1835_west_045, recon_1835_west_046, recon_1835_west_047, recon_1835_west_048, recon_1835_west_049, recon_1835_west_050, recon_1835_west_051, recon_1835_west_052, recon_1835_west_053, recon_1835_west_054, recon_1835_west_055, robert_kinzie_store, robinson_caldwell_cabins, sauganash_hotel, sauganash_hotel_stable, slough_log_bridge, south_bank_shed_dearborn_e2, south_branch_raft_bridge, south_pier, st_marys_church, steamboat_hotel, steamboat_hotel_stable, temple_building, temple_lake_st_building, thomas_church_store, tremont_house_1, tremont_house_1_stable, wabansia_doctors_barn, wabansia_doctors_house, walker_meeting_house, watkins_school_house, west_approach_wagon_camp, western_hotel, western_hotel_stable, wolf_point_tavern, wolf_point_tavern_stable, wolf_point_trading_camp, wright_building_to_let_a, wright_building_to_let_b)
scene 1835: 675 sidecar(s), 25 researched exclusion(s), 41 ground claim(s), 7 fauna source(s), 19 flora source(s), 10 clamped plant layer(s), 167 resident source(s), 3922 people in the directory, 1 structure version(s), 23 excluded by date (cook_county_courthouse_1835, first_fort_dearborn_blockhouse_nw, first_fort_dearborn_blockhouse_se, first_fort_dearborn_commanding_officers_barracks, first_fort_dearborn_flagstaff, first_fort_dearborn_magazine, first_fort_dearborn_north_range, first_fort_dearborn_officers_barracks, first_fort_dearborn_parade, first_fort_dearborn_pickets_inner, first_fort_dearborn_pickets_outer, first_fort_dearborn_small_house_ne, first_fort_dearborn_small_house_sw, first_fort_dearborn_soldiers_barracks_se, first_fort_dearborn_soldiers_barracks_sw, first_fort_outer_agents_house, first_fort_outer_factory, first_fort_outer_officers_garden, first_fort_outer_stable_middle, first_fort_outer_stable_north, first_fort_outer_stable_south, first_fort_outer_sutlers_garden, glessner_house)
scene 1904: 1 sidecar(s), 0 researched exclusion(s), 21 ground claim(s), 7 fauna source(s), 19 flora source(s), 10 clamped plant layer(s), 167 resident source(s), 0 people in the directory, 3 structure version(s), 697 excluded by date (agency_striker_log_house, bates_auction_room, beaubien_barn, beaubien_trading_post, blacksmith_shop_state_st, brickyard_north_side, brown_boarding_house, caldwell_agency_log_house, carpenter_south_water_store, chappel_infant_school, chicago_american_office, chicago_democrat_office, chicago_lighthouse_1832, chicago_lighthouse_keepers_quarters, clybourn_cabins, clybourn_slaughterhouse, cobweb_castle, cook_county_courthouse_1835, council_house, dearborn_street_drawbridge, dole_warehouse_south, elston_ash_house, elston_soap_candle_manufactory, emigrant_camp_shore, estray_pen, exchange_coffee_house, exchange_coffee_house_stable, first_fort_dearborn_blockhouse_nw, first_fort_dearborn_blockhouse_se, first_fort_dearborn_commanding_officers_barracks, first_fort_dearborn_flagstaff, first_fort_dearborn_magazine, first_fort_dearborn_north_range, first_fort_dearborn_officers_barracks, first_fort_dearborn_parade, first_fort_dearborn_pickets_inner, first_fort_dearborn_pickets_outer, first_fort_dearborn_small_house_ne, first_fort_dearborn_small_house_sw, first_fort_dearborn_soldiers_barracks_se, first_fort_dearborn_soldiers_barracks_sw, first_fort_outer_agents_house, first_fort_outer_factory, first_fort_outer_officers_garden, first_fort_outer_stable_middle, first_fort_outer_stable_north, first_fort_outer_stable_south, first_fort_outer_sutlers_garden, first_presbyterian_church, fort_dearborn_artillery_house, fort_dearborn_barracks, fort_dearborn_big_barn, fort_dearborn_blockhouse, fort_dearborn_commandants_quarters, fort_dearborn_flagstaff, fort_dearborn_garrison_garden, fort_dearborn_guard_house, fort_dearborn_magazine, fort_dearborn_officers_quarters, fort_dearborn_out_building_a, fort_dearborn_out_building_b, fort_dearborn_palisade, fort_dearborn_parade, fort_dearborn_root_house, fort_dearborn_root_house_b, fort_dearborn_shop, fort_dearborn_store_house, fort_dearborn_sutlers_store, fort_dearborn_us_factors_house, fort_dearborn_wash_house, frederick_thomas_shop, goss_cobb_saddlery, green_tree_tavern, h_jones_store, harmon_log_cabin, harmon_loomis_store, heacock_house_monroe, hogan_store, inf_artisan_dwelling_west_a, inf_artisan_dwelling_west_b, inf_bakery_lake, inf_barber_shop, inf_blacksmith_shop_west, inf_boatman_cabin_north, inf_brickmaker_dwelling_north, inf_butcher_market, inf_carpenter_dwelling_north, inf_cooperage_south, inf_cooperage_south_branch, inf_grocery_west, inf_gunsmith_shop, inf_harness_shop, inf_labourer_shanty_north_a, inf_labourer_shanty_north_b, inf_labourer_shanty_west_a, inf_labourer_shanty_west_b, inf_laundry_north, inf_mason_dwelling_north, inf_packer_dwelling, inf_sawpit_shed, inf_sawyer_dwelling_a, inf_sawyer_dwelling_b, inf_shoemaker_shop, inf_tailor_shop, inf_teamster_dwelling_south, inf_teamster_dwelling_west, inf_teamster_stable_west, inf_wheelwright_shop_west, james_kinzie_house, jb_beaubien_homestead, jh_kinzie_forwarding_store, john_holbrook_store, kelsey_boarding_house, kimberly_residence, kinzie_hunter_warehouse, lake_house_construction, land_sale_camp_shore, landing_camp_west, lasalle_lake_house, lasalle_slough_crossing, log_jail, madore_beaubien_house, mansion_house, mansion_house_stable, mason_blacksmith_shop, mckee_log_house, miller_house, miller_tannery, miller_tanyard_bark_shed, miller_tanyard_drying_shed, new_york_house, new_york_house_stable, newberry_dole_packing_house_south_branch, newberry_dole_salt_house_south_branch, newberry_dole_slaughterhouse_south_branch, newberry_dole_stock_shed_south_branch, newberry_dole_warehouse, north_bank_shed_dearborn_e1, north_bank_shed_dearborn_e2, north_bank_shed_dearborn_e3, north_bank_shed_dearborn_w, north_branch_bridge, north_pier, north_side_school_1833, north_water_slough_crossing, old_bank_building, peck_store, philo_carpenter_log_shop, physicians_office, pierce_blacksmith_shop, pruyne_kimball_drugstore, recon_1835_bank_freight_f3_001, recon_1835_blk_indiana_north_cass_a1_08, recon_1835_blk_indiana_north_cass_a1_10, recon_1835_blk_indiana_north_cass_a3_03, recon_1835_blk_indiana_north_cass_a3_11, recon_1835_blk_indiana_north_cass_a4_04, recon_1835_blk_indiana_north_cass_a4_07, recon_1835_blk_indiana_north_cass_d3_01, recon_1835_blk_indiana_north_cass_d3_02, recon_1835_blk_indiana_north_cass_d4_05, recon_1835_blk_indiana_north_cass_d4_06, recon_1835_blk_indiana_north_cass_h3_09, recon_1835_blk_indiana_north_wolcott_a1_09, recon_1835_blk_indiana_north_wolcott_a3_04, recon_1835_blk_indiana_north_wolcott_a3_08, recon_1835_blk_indiana_north_wolcott_a4_03, recon_1835_blk_indiana_north_wolcott_a4_07, recon_1835_blk_indiana_north_wolcott_d3_01, recon_1835_blk_indiana_north_wolcott_d3_02, recon_1835_blk_indiana_north_wolcott_d3_05, recon_1835_blk_indiana_north_wolcott_d3_06, recon_1835_blk_lake_clark_a3_04, recon_1835_blk_lake_clark_c1_01, recon_1835_blk_lake_clark_c2_02, recon_1835_blk_lake_clark_c3_03, recon_1835_blk_lake_clinton_a1_03, recon_1835_blk_lake_clinton_d3_02, recon_1835_blk_lake_clinton_d4_01, recon_1835_blk_lake_franklin_a1_03, recon_1835_blk_lake_franklin_c2_01, recon_1835_blk_lake_franklin_d1_02, recon_1835_blk_lake_market_a1_06, recon_1835_blk_lake_market_a3_07, recon_1835_blk_lake_market_c2_01, recon_1835_blk_lake_market_d1_05, recon_1835_blk_lake_market_d2_04, recon_1835_blk_lake_market_d3_03, recon_1835_blk_lake_market_d4_02, recon_1835_blk_randolph_clark_a3_08, recon_1835_blk_randolph_clark_a4_07, recon_1835_blk_randolph_clark_c2_01, recon_1835_blk_randolph_clark_d1_06, recon_1835_blk_randolph_clark_d2_05, recon_1835_blk_randolph_clark_d6_04, recon_1835_blk_randolph_clark_h1_03, recon_1835_blk_randolph_clark_h2_02, recon_1835_blk_randolph_clark_w1_10, recon_1835_blk_randolph_clark_w2_09, recon_1835_blk_randolph_clinton_a1_06, recon_1835_blk_randolph_clinton_a2_05, recon_1835_blk_randolph_clinton_a3_07, recon_1835_blk_randolph_clinton_a3_10, recon_1835_blk_randolph_clinton_a4_11, recon_1835_blk_randolph_clinton_d1_03, recon_1835_blk_randolph_clinton_d3_04, recon_1835_blk_randolph_clinton_d4_02, recon_1835_blk_randolph_clinton_d4_09, recon_1835_blk_randolph_clinton_d5_01, recon_1835_blk_randolph_clinton_d7_08, recon_1835_blk_randolph_dearborn_a1_07, recon_1835_blk_randolph_dearborn_a2_08, recon_1835_blk_randolph_dearborn_a2_17, recon_1835_blk_randolph_dearborn_a3_09, recon_1835_blk_randolph_dearborn_a4_06, recon_1835_blk_randolph_dearborn_a4_13, recon_1835_blk_randolph_dearborn_d1_04, recon_1835_blk_randolph_dearborn_d1_12, recon_1835_blk_randolph_dearborn_d1_16, recon_1835_blk_randolph_dearborn_d2_05, recon_1835_blk_randolph_dearborn_d3_01, recon_1835_blk_randolph_dearborn_d3_11, recon_1835_blk_randolph_dearborn_d3_15, recon_1835_blk_randolph_dearborn_d4_03, recon_1835_blk_randolph_dearborn_d5_02, recon_1835_blk_randolph_dearborn_d6_10, recon_1835_blk_randolph_dearborn_h1_14, recon_1835_blk_randolph_dearborn_w2_18, recon_1835_blk_randolph_franklin_a1_07, recon_1835_blk_randolph_franklin_a3_08, recon_1835_blk_randolph_franklin_d1_06, recon_1835_blk_randolph_franklin_d2_05, recon_1835_blk_randolph_franklin_d3_04, recon_1835_blk_randolph_franklin_d4_03, recon_1835_blk_randolph_franklin_d5_02, recon_1835_blk_randolph_franklin_d6_01, recon_1835_blk_randolph_market_a2_08, recon_1835_blk_randolph_market_d1_10, recon_1835_blk_randolph_market_d2_05, recon_1835_blk_randolph_market_d2_06, recon_1835_blk_randolph_market_d2_09, recon_1835_blk_randolph_market_d3_04, recon_1835_blk_randolph_market_d4_03, recon_1835_blk_randolph_market_d4_07, recon_1835_blk_randolph_market_d4_12, recon_1835_blk_randolph_market_d5_01, recon_1835_blk_randolph_market_d5_11, recon_1835_blk_randolph_market_d6_02, recon_1835_blk_randolph_wells_a1_08, recon_1835_blk_randolph_wells_a3_09, recon_1835_blk_randolph_wells_a4_10, recon_1835_blk_randolph_wells_d1_06, recon_1835_blk_randolph_wells_d2_07, recon_1835_blk_randolph_wells_d3_05, recon_1835_blk_randolph_wells_d4_04, recon_1835_blk_randolph_wells_d5_03, recon_1835_blk_randolph_wells_h1_02, recon_1835_blk_randolph_wells_h2_01, recon_1835_blk_school_section_tier_118_d2_01, recon_1835_blk_school_section_tier_118_d3_05, recon_1835_blk_school_section_tier_118_d4_03, recon_1835_blk_school_section_tier_118_d4_04, recon_1835_blk_school_section_tier_118_d5_02, recon_1835_blk_school_section_tier_118_d5_07, recon_1835_blk_school_section_tier_118_d6_06, recon_1835_blk_school_section_tier_119_d3_05, recon_1835_blk_school_section_tier_119_d4_03, recon_1835_blk_school_section_tier_119_d4_04, recon_1835_blk_school_section_tier_119_d5_02, recon_1835_blk_school_section_tier_119_d5_06, recon_1835_blk_school_section_tier_119_d6_01, recon_1835_blk_school_section_tier_119_d7_07, recon_1835_blk_school_section_tier_81_d2_05, recon_1835_blk_school_section_tier_81_d4_03, recon_1835_blk_school_section_tier_81_d4_04, recon_1835_blk_school_section_tier_81_d5_01, recon_1835_blk_school_section_tier_81_d5_02, recon_1835_blk_school_section_tier_81_d5_07, recon_1835_blk_school_section_tier_81_d6_06, recon_1835_blk_school_section_tier_94_d3_05, recon_1835_blk_school_section_tier_94_d4_04, recon_1835_blk_school_section_tier_94_d5_01, recon_1835_blk_school_section_tier_94_d5_02, recon_1835_blk_school_section_tier_94_d5_03, recon_1835_blk_school_section_tier_94_d7_07, recon_1835_blk_school_section_tier_94_h1_06, recon_1835_blk_school_section_tier_95_d2_05, recon_1835_blk_school_section_tier_95_d4_03, recon_1835_blk_school_section_tier_95_d4_04, recon_1835_blk_school_section_tier_95_d5_01, recon_1835_blk_school_section_tier_95_d5_02, recon_1835_blk_school_section_tier_95_d6_06, recon_1835_blk_school_section_tier_95_d6_07, recon_1835_blk_south_water_clark_a3_05, recon_1835_blk_south_water_clark_a3_07, recon_1835_blk_south_water_clark_c2_06, recon_1835_blk_south_water_clark_d1_04, recon_1835_blk_south_water_clark_d3_03, recon_1835_blk_south_water_clark_d4_02, recon_1835_blk_south_water_clark_f2_01, recon_1835_blk_south_water_dearborn_a1_09, recon_1835_blk_south_water_dearborn_a3_06, recon_1835_blk_south_water_dearborn_a5_10, recon_1835_blk_south_water_dearborn_c1_08, recon_1835_blk_south_water_dearborn_c2_07, recon_1835_blk_south_water_dearborn_c3_01, recon_1835_blk_south_water_dearborn_c3_02, recon_1835_blk_south_water_dearborn_d1_05, recon_1835_blk_south_water_dearborn_d2_04, recon_1835_blk_south_water_dearborn_f2_11, recon_1835_blk_south_water_dearborn_h1_03, recon_1835_blk_south_water_franklin_a1_06, recon_1835_blk_south_water_franklin_a3_07, recon_1835_blk_south_water_franklin_a3_11, recon_1835_blk_south_water_franklin_c2_08, recon_1835_blk_south_water_franklin_c2_09, recon_1835_blk_south_water_franklin_c2_10, recon_1835_blk_south_water_franklin_c4_01, recon_1835_blk_south_water_franklin_d1_04, recon_1835_blk_south_water_franklin_d2_05, recon_1835_blk_south_water_franklin_d3_03, recon_1835_blk_south_water_franklin_d3_13, recon_1835_blk_south_water_franklin_d4_02, recon_1835_blk_south_water_franklin_d4_12, recon_1835_blk_south_water_lasalle_a1_14, recon_1835_blk_south_water_lasalle_a2_15, recon_1835_blk_south_water_lasalle_a3_07, recon_1835_blk_south_water_lasalle_c1_08, recon_1835_blk_south_water_lasalle_c2_11, recon_1835_blk_south_water_lasalle_c3_12, recon_1835_blk_south_water_lasalle_c3_13, recon_1835_blk_south_water_lasalle_d1_04, recon_1835_blk_south_water_lasalle_d2_05, recon_1835_blk_south_water_lasalle_d2_09, recon_1835_blk_south_water_lasalle_d3_03, recon_1835_blk_south_water_lasalle_d3_06, recon_1835_blk_south_water_lasalle_d4_02, recon_1835_blk_south_water_lasalle_d5_01, recon_1835_blk_south_water_lasalle_f2_10, recon_1835_blk_south_water_wells_a2_09, recon_1835_blk_south_water_wells_a2_10, recon_1835_blk_south_water_wells_a3_08, recon_1835_blk_south_water_wells_c2_01, recon_1835_blk_south_water_wells_c3_02, recon_1835_blk_south_water_wells_d1_05, recon_1835_blk_south_water_wells_d1_07, recon_1835_blk_south_water_wells_d2_06, recon_1835_blk_south_water_wells_d3_04, recon_1835_blk_south_water_wells_d4_03, recon_1835_blk_washington_clark_a1_07, recon_1835_blk_washington_clark_a1_09, recon_1835_blk_washington_clark_a1_12, recon_1835_blk_washington_clark_a3_03, recon_1835_blk_washington_clark_a3_08, recon_1835_blk_washington_clark_a3_10, recon_1835_blk_washington_clark_a3_13, recon_1835_blk_washington_clark_a4_04, recon_1835_blk_washington_clark_a5_16, recon_1835_blk_washington_clark_d3_15, recon_1835_blk_washington_clark_d4_02, recon_1835_blk_washington_clark_d4_14, recon_1835_blk_washington_clark_d5_01, recon_1835_blk_washington_clark_h3_05, recon_1835_blk_washington_clark_h3_06, recon_1835_blk_washington_clark_h3_11, recon_1835_blk_washington_clinton_a1_06, recon_1835_blk_washington_clinton_a2_08, recon_1835_blk_washington_clinton_a2_10, recon_1835_blk_washington_clinton_a2_12, recon_1835_blk_washington_clinton_a2_15, recon_1835_blk_washington_clinton_a2_19, recon_1835_blk_washington_clinton_a3_16, recon_1835_blk_washington_clinton_a4_09, recon_1835_blk_washington_clinton_a4_11, recon_1835_blk_washington_clinton_a4_14, recon_1835_blk_washington_clinton_a4_20, recon_1835_blk_washington_clinton_a5_07, recon_1835_blk_washington_clinton_a5_13, recon_1835_blk_washington_clinton_a5_17, recon_1835_blk_washington_clinton_a5_18, recon_1835_blk_washington_clinton_d4_04, recon_1835_blk_washington_clinton_d5_03, recon_1835_blk_washington_clinton_h1_05, recon_1835_blk_washington_clinton_h2_01, recon_1835_blk_washington_clinton_h3_02, recon_1835_blk_washington_dearborn_a1_02, recon_1835_blk_washington_dearborn_a3_03, recon_1835_blk_washington_dearborn_d3_07, recon_1835_blk_washington_dearborn_d3_08, recon_1835_blk_washington_dearborn_d4_09, recon_1835_blk_washington_dearborn_d7_04, recon_1835_blk_washington_dearborn_d7_06, recon_1835_blk_washington_dearborn_h2_05, recon_1835_blk_washington_dearborn_h3_01, recon_1835_blk_washington_dearborn_w2_10, recon_1835_blk_washington_franklin_a1_10, recon_1835_blk_washington_franklin_a2_09, recon_1835_blk_washington_franklin_a3_13, recon_1835_blk_washington_franklin_a4_11, recon_1835_blk_washington_franklin_a4_12, recon_1835_blk_washington_franklin_a5_08, recon_1835_blk_washington_franklin_d3_05, recon_1835_blk_washington_franklin_d3_06, recon_1835_blk_washington_franklin_d3_07, recon_1835_blk_washington_franklin_d7_01, recon_1835_blk_washington_franklin_d7_04, recon_1835_blk_washington_franklin_h1_03, recon_1835_blk_washington_franklin_h2_02, recon_1835_blk_washington_lasalle_a1_08, recon_1835_blk_washington_lasalle_a3_09, recon_1835_blk_washington_lasalle_a3_10, recon_1835_blk_washington_lasalle_a4_11, recon_1835_blk_washington_lasalle_d3_06, recon_1835_blk_washington_lasalle_d3_07, recon_1835_blk_washington_lasalle_d7_04, recon_1835_blk_washington_lasalle_d7_05, recon_1835_blk_washington_lasalle_h1_02, recon_1835_blk_washington_lasalle_h1_03, recon_1835_blk_washington_lasalle_h2_01, recon_1835_blk_washington_market_a1_02, recon_1835_blk_washington_market_a1_05, recon_1835_blk_washington_market_a2_13, recon_1835_blk_washington_market_a3_03, recon_1835_blk_washington_market_a3_06, recon_1835_blk_washington_market_a3_15, recon_1835_blk_washington_market_a4_12, recon_1835_blk_washington_market_a4_16, recon_1835_blk_washington_market_a5_14, recon_1835_blk_washington_market_d3_10, recon_1835_blk_washington_market_d4_08, recon_1835_blk_washington_market_d4_11, recon_1835_blk_washington_market_d7_09, recon_1835_blk_washington_market_h1_07, recon_1835_blk_washington_market_h3_01, recon_1835_blk_washington_market_h3_04, recon_1835_blk_washington_wells_a1_11, recon_1835_blk_washington_wells_a3_08, recon_1835_blk_washington_wells_a3_09, recon_1835_blk_washington_wells_a4_10, recon_1835_blk_washington_wells_d3_05, recon_1835_blk_washington_wells_d3_06, recon_1835_blk_washington_wells_d7_01, recon_1835_blk_washington_wells_d7_04, recon_1835_blk_washington_wells_h1_02, recon_1835_blk_washington_wells_h1_03, recon_1835_blk_washington_wells_h2_07, recon_1835_blk_west_lake_canal_d2_03, recon_1835_blk_west_lake_canal_d4_02, recon_1835_blk_west_lake_canal_d5_01, recon_1835_blk_west_randolph_canal_d4_02, recon_1835_blk_west_randolph_canal_d5_01, recon_1835_blk_west_randolph_canal_d5_03, recon_1835_blk_west_randolph_canal_d6_04, recon_1835_blk_west_randolph_des_plaines_d4_02, recon_1835_blk_west_randolph_des_plaines_d5_04, recon_1835_blk_west_randolph_des_plaines_d6_03, recon_1835_blk_west_randolph_des_plaines_w2_01, recon_1835_blk_west_washington_canal_d2_06, recon_1835_blk_west_washington_canal_d3_04, recon_1835_blk_west_washington_canal_d4_03, recon_1835_blk_west_washington_canal_d5_02, recon_1835_blk_west_washington_canal_d6_01, recon_1835_blk_west_washington_canal_d7_05, recon_1835_branch_freight_f2_001, recon_1835_canal_trade_c3_001, recon_1835_canal_trade_c4_002, recon_1835_canal_trade_w1_003, recon_1835_canal_trade_w2_004, recon_1835_forks_freight_f2_001, recon_1835_north_a1_008, recon_1835_north_a1_032, recon_1835_north_a1_036, recon_1835_north_a1_047, recon_1835_north_a1_050, recon_1835_north_a2_033, recon_1835_north_a2_048, recon_1835_north_a2_059, recon_1835_north_a2_094, recon_1835_north_a2_095, recon_1835_north_a2_096, recon_1835_north_a2_097, recon_1835_north_a2_098, recon_1835_north_a3_009, recon_1835_north_a3_034, recon_1835_north_a3_051, recon_1835_north_a4_010, recon_1835_north_a4_035, recon_1835_north_a4_052, recon_1835_north_a5_011, recon_1835_north_a5_049, recon_1835_north_c3_064, recon_1835_north_c3_066, recon_1835_north_c4_067, recon_1835_north_d1_001, recon_1835_north_d1_013, recon_1835_north_d1_023, recon_1835_north_d1_053, recon_1835_north_d1_054, recon_1835_north_d1_060, recon_1835_north_d2_003, recon_1835_north_d2_014, recon_1835_north_d2_029, recon_1835_north_d2_046, recon_1835_north_d2_077, recon_1835_north_d2_085, recon_1835_north_d2_091, recon_1835_north_d3_002, recon_1835_north_d3_006, recon_1835_north_d3_016, recon_1835_north_d3_020, recon_1835_north_d3_024, recon_1835_north_d3_038, recon_1835_north_d3_042, recon_1835_north_d3_055, recon_1835_north_d3_073, recon_1835_north_d3_081, recon_1835_north_d3_089, recon_1835_north_d4_004, recon_1835_north_d4_005, recon_1835_north_d4_012, recon_1835_north_d4_015, recon_1835_north_d4_017, recon_1835_north_d4_018, recon_1835_north_d4_025, recon_1835_north_d4_039, recon_1835_north_d4_043, recon_1835_north_d4_056, recon_1835_north_d4_069, recon_1835_north_d4_072, recon_1835_north_d4_075, recon_1835_north_d4_079, recon_1835_north_d4_083, recon_1835_north_d4_087, recon_1835_north_d4_090, recon_1835_north_d5_019, recon_1835_north_d5_026, recon_1835_north_d5_037, recon_1835_north_d5_041, recon_1835_north_d5_057, recon_1835_north_d5_068, recon_1835_north_d5_071, recon_1835_north_d5_074, recon_1835_north_d5_078, recon_1835_north_d5_082, recon_1835_north_d5_086, recon_1835_north_d5_092, recon_1835_north_d6_021, recon_1835_north_d6_027, recon_1835_north_d6_044, recon_1835_north_d6_058, recon_1835_north_d6_070, recon_1835_north_d6_080, recon_1835_north_d6_084, recon_1835_north_d6_093, recon_1835_north_d7_031, recon_1835_north_d7_076, recon_1835_north_d7_088, recon_1835_north_h1_007, recon_1835_north_h2_022, recon_1835_north_h2_028, recon_1835_north_h2_030, recon_1835_north_h2_045, recon_1835_north_t1_061, recon_1835_north_w2_065, recon_1835_north_w3_062, recon_1835_north_w5_040, recon_1835_south_a1_046, recon_1835_south_a2_037, recon_1835_south_a2_047, recon_1835_south_a3_041, recon_1835_south_a3_043, recon_1835_south_a3_045, recon_1835_south_a4_042, recon_1835_south_a4_048, recon_1835_south_a5_044, recon_1835_south_c3_015, recon_1835_south_c3_040, recon_1835_south_d1_003, recon_1835_south_d1_010, recon_1835_south_d1_018, recon_1835_south_d1_021, recon_1835_south_d1_032, recon_1835_south_d1_033, recon_1835_south_d2_005, recon_1835_south_d2_024, recon_1835_south_d3_001, recon_1835_south_d3_008, recon_1835_south_d3_013, recon_1835_south_d3_017, recon_1835_south_d3_022, recon_1835_south_d3_027, recon_1835_south_d4_002, recon_1835_south_d4_006, recon_1835_south_d4_009, recon_1835_south_d4_014, recon_1835_south_d4_019, recon_1835_south_d4_025, recon_1835_south_d4_026, recon_1835_south_d4_030, recon_1835_south_d5_004, recon_1835_south_d5_007, recon_1835_south_d5_011, recon_1835_south_d5_016, recon_1835_south_d5_023, recon_1835_south_d5_028, recon_1835_south_d5_034, recon_1835_south_d6_012, recon_1835_south_d6_020, recon_1835_south_d6_031, recon_1835_south_d6_036, recon_1835_south_d7_035, recon_1835_south_f1_038, recon_1835_south_h1_029, recon_1835_south_h2_039, recon_1835_west_001, recon_1835_west_002, recon_1835_west_003, recon_1835_west_004, recon_1835_west_005, recon_1835_west_006, recon_1835_west_007, recon_1835_west_008, recon_1835_west_009, recon_1835_west_010, recon_1835_west_011, recon_1835_west_012, recon_1835_west_013, recon_1835_west_014, recon_1835_west_015, recon_1835_west_016, recon_1835_west_017, recon_1835_west_018, recon_1835_west_019, recon_1835_west_020, recon_1835_west_021, recon_1835_west_022, recon_1835_west_023, recon_1835_west_024, recon_1835_west_025, recon_1835_west_026, recon_1835_west_027, recon_1835_west_028, recon_1835_west_029, recon_1835_west_030, recon_1835_west_031, recon_1835_west_032, recon_1835_west_033, recon_1835_west_034, recon_1835_west_035, recon_1835_west_036, recon_1835_west_037, recon_1835_west_038, recon_1835_west_039, recon_1835_west_040, recon_1835_west_041, recon_1835_west_042, recon_1835_west_043, recon_1835_west_044, recon_1835_west_045, recon_1835_west_046, recon_1835_west_047, recon_1835_west_048, recon_1835_west_049, recon_1835_west_050, recon_1835_west_051, recon_1835_west_052, recon_1835_west_053, recon_1835_west_054, recon_1835_west_055, robert_kinzie_store, robinson_caldwell_cabins, sauganash_hotel, sauganash_hotel_stable, slough_log_bridge, south_bank_shed_dearborn_e2, south_branch_raft_bridge, south_pier, st_marys_church, steamboat_hotel, steamboat_hotel_stable, temple_building, temple_lake_st_building, thomas_church_store, tremont_house_1, tremont_house_1_stable, wabansia_doctors_barn, wabansia_doctors_house, walker_meeting_house, watkins_school_house, west_approach_wagon_camp, western_hotel, western_hotel_stable, wolf_point_tavern, wolf_point_tavern_stable, wolf_point_trading_camp, wright_building_to_let_a, wright_building_to_let_b)
OK: every committed sidecar is what the dataset compiles to

[1m== Jaunt schema, destinations and reachable state graph (T-1253)[0m
JAUNTS PASS — 0 jaunts; 48 catalog bytes
JAUNTS PASS — 26 jaunts; 22365 catalog bytes
JAUNTS PASS — 1 jaunts; 640 catalog bytes

[1m== Jaunt refusal and data-only expansion fixtures (T-1253)[0m
...........................
----------------------------------------------------------------------
Ran 27 tests in 1.623s

OK

[1m== Jaunt library shape: roster, featured six, families, ranks, subjects (T-2039)[0m
JAUNT LIBRARY 1835 — 26 jaunts; 281 paths walked; 6 featured
  quiet, no resource declared (6): a-decent-coat, across-wolf-point, an-evening-stroll, from-prairie-to-town, over-the-draw, sunday-circuit
  no resource shown (18), hidden preferences allowed
  Provisions        5  a-decent-coat, household-provisions, outfit-for-the-west, shopping-south-water, soap-and-candles
  Livelihood        6  boots-and-leather, fort-dearborn-errand, freight-for-the-store, materials-for-a-roof, mend-the-harness, work-on-waterfront
  Wayfinding        5  across-wolf-point, along-the-harbor, from-prairie-to-town, new-in-chicago, over-the-draw
  News & Knowledge  5  gossip-or-notice, inspect-a-lot, letter-home, news-before-breakfast, schoolday-errand
  Neighbors         5  an-evening-stroll, bed-for-the-night, calling-on-neighbors, sunday-circuit, taverns-of-chicago
  ranks by distinct completions: New Arrival 0, Finding Your Feet 5, Knows the Town 10, Seasoned Chicagoan 15
  commerce                a-decent-coat, freight-for-the-store, shopping-south-water
  travel                  across-wolf-point, from-prairie-to-town, new-in-chicago
  taverns                 taverns-of-chicago
  lodging                 bed-for-the-night
  employment              work-on-waterfront
  land                    inspect-a-lot
  newspapers              gossip-or-notice, news-before-breakfast
  mail                    letter-home
  river transportation    across-wolf-point, along-the-harbor, freight-for-the-store
  Fort Dearborn           fort-dearborn-errand
  household provisioning  household-provisions, soap-and-candles
  trades                  boots-and-leather, materials-for-a-roof, mend-the-harness, soap-and-candles
  repairs                 mend-the-harness
  migration               from-prairie-to-town, outfit-for-the-west
  social life             an-evening-stroll, calling-on-neighbors, gossip-or-notice, sunday-circuit
JAUNT AUDIT PASS — the 25 named premises and 1 more named in the brief, six featured, every shape bound met

[1m== …and each of its assertions still fires when the library is broken[0m [2m(self-test: the assertions below are meant to fire)[0m
   self-test | self-test | fires: roster:
   self-test | self-test | fires: roster:
   self-test | self-test | fires: roster:
   self-test | self-test | fires: not available
   self-test | self-test | fires: duplicate title
   self-test | self-test | fires: is not featured
   self-test | self-test | fires: outside 4-8
   self-test | self-test | fires: walk failed
   self-test | self-test | fires: endings never reached
   self-test | self-test | fires: no path awards
   self-test | self-test | fires: quiet:
   self-test | self-test | fires: family Neighbors
   self-test | self-test | fires: subject mail
   self-test | JAUNT AUDIT SELF-TEST PASS

[1m== Jaunt content refusals across the library (T-2040)[0m
jaunt                          scene terms exempt quotes  sources by rights_status  findings
a-decent-coat                  1835      5      5      0  check_required 1, public_domain 5 0
across-wolf-point              1835      2      2      0  check_required 4, no_known_restrictions 2, public_domain 4 0
along-the-harbor               1835      0      0      0  check_required 2, no_known_restrictions 3, public_domain 2 0
an-evening-stroll              1835      4      4      0  check_required 1, no_known_restrictions 1, public_domain 5 0
bed-for-the-night              1835      2      2      0  check_required 2, public_domain 4 0
boots-and-leather              1835      0      0      0  check_required 3, public_domain 4 0
calling-on-neighbors           1835      3      3      0  check_required 1, public_domain 3 0
fort-dearborn-errand           1835      0      0      0  public_domain 5          0
freight-for-the-store          1835      0      0      0  check_required 1, public_domain 4 0
from-prairie-to-town           1835      3      3      0  check_required 2, no_known_restrictions 3, public_domain 7 0
gossip-or-notice               1835      0      0      1  check_required 3, public_domain 4 0
household-provisions           1835      0      0      0  public_domain 4          0
inspect-a-lot                  1835      0      0      0  check_required 1, no_known_restrictions 2, public_domain 3 0
letter-home                    1835      0      0      0  public_domain 4          0
materials-for-a-roof           1835      0      0      0  check_required 1, public_domain 2 0
mend-the-harness               1835      0      0      0  check_required 3, public_domain 3 0
new-in-chicago                 1835      2      2      0  public_domain 4          0
news-before-breakfast          1835      2      1      0  check_required 2, public_domain 5 0
outfit-for-the-west            1835      0      0      1  check_required 1, public_domain 4 0
over-the-draw                  1835      0      0      0  check_required 2, no_known_restrictions 2, public_domain 1 0
prairie-avenue-orientation     1904      0      0      0  check_required 1, no_known_restrictions 1 0
schoolday-errand               1835      0      0      0  check_required 1, public_domain 4 0
shopping-south-water           1835      0      0      0  check_required 1, public_domain 3 0
soap-and-candles               1835      0      0      0  check_required 2, public_domain 3 0
sunday-circuit                 1835      6      6      0  check_required 4, no_known_restrictions 2, public_domain 6 0
taverns-of-chicago             1835      3      3      0  check_required 5, public_domain 2 0
work-on-waterfront             1835      0      0      0  check_required 1, public_domain 4 0
Native/Métis records a jaunt may not visit: 91 people, 2 places, 1 business(es)
JAUNT REFUSALS PASS — 27 jaunts, 0 finding(s)

[1m== …and each refusal still fires when broken (T-2040)[0m [2m(self-test: the assertions below are meant to fire)[0m
   self-test | self-test PASS — I-destination: fired ['I-destination']
   self-test | self-test PASS — I-invented-voice: fired ['I-invented-voice']
   self-test | self-test PASS — I-unbacked: fired ['I-unbacked']
   self-test | self-test PASS — I-encounter: fired ['I-encounter']
   self-test | self-test PASS — I-reconstructed: fired ['I-reconstructed']
   self-test | self-test PASS — Q-quotation: fired ['Q-quotation']
   self-test | self-test PASS — Q-speech: fired ['Q-speech']
   self-test | self-test PASS — F-asset: fired ['F-asset']
   self-test | self-test PASS — R-rights: fired ['R-rights']
   self-test | self-test PASS — a name exemption lapses when the jaunt drops its record: fired ['I-invented-voice']
   self-test | self-test PASS — F-schema: an opened stop object is refused
   self-test | self-test PASS — the committed library is clean

[1m== Source-use backlinks match authored claims (T-1248)[0m
SOURCE USE PASS — 330 sources; 127238 index bytes; all source IDs resolve

[1m== Source-use fixtures preserve joins, counts and public boundaries (T-1248)[0m
...........
----------------------------------------------------------------------
Ran 11 tests in 0.032s

OK

[1m== source browser counts and filters[0m
PASS Sources view: 330 sources, every confidence count independently checked, mixed-tier deduplication, filters, sort, issue grouping
PASS Sources per scene: 1812 and 1904 list exactly the sources their own records cite (32 in 1904)

[1m== shared destinations and safe stand-offs (T-1277)[0m
PASS shared destinations: fallback/authored search, unknown addresses, real-router safe ground, one inventory

[1m== every dossier link a card offers resolves[0m
   base: https://github.com/kevinrhaas/chicago/blob/main/chicago/4d/
   603 card(s) link a dossier, all resolving; 94 link none
   no dossier written for 94 record(s):
     1812/first_fort_dearborn_blockhouse_nw
     1812/first_fort_dearborn_blockhouse_se
     1812/first_fort_dearborn_commanding_officers_barracks
     1812/first_fort_dearborn_flagstaff
     1812/first_fort_dearborn_magazine
     1812/first_fort_dearborn_north_range
     1812/first_fort_dearborn_officers_barracks
     1812/first_fort_dearborn_parade
     1812/first_fort_dearborn_pickets_inner
     1812/first_fort_dearborn_pickets_outer
     1812/first_fort_dearborn_small_house_ne
     1812/first_fort_dearborn_small_house_sw
     1812/first_fort_dearborn_soldiers_barracks_se
     1812/first_fort_dearborn_soldiers_barracks_sw
     1812/first_fort_outer_agents_house
     1812/first_fort_outer_factory
     1812/first_fort_outer_officers_garden
     1812/first_fort_outer_stable_middle
     1812/first_fort_outer_stable_north
     1812/first_fort_outer_stable_south
     1812/first_fort_outer_sutlers_garden
     1835/agency_striker_log_house
     1835/beaubien_barn
     1835/beaubien_trading_post
     1835/brickyard_north_side
     1835/brown_boarding_house
     1835/caldwell_agency_log_house
     1835/chappel_infant_school
     1835/chicago_lighthouse_keepers_quarters
     1835/clybourn_cabins
     1835/clybourn_slaughterhouse
     1835/elston_ash_house
     1835/elston_soap_candle_manufactory
     1835/emigrant_camp_shore
     1835/estray_pen
     1835/exchange_coffee_house_stable
     1835/first_presbyterian_church
     1835/fort_dearborn_big_barn
     1835/fort_dearborn_flagstaff
     1835/fort_dearborn_out_building_a
     1835/fort_dearborn_out_building_b
     1835/fort_dearborn_root_house_b
     1835/fort_dearborn_shop
     1835/fort_dearborn_us_factors_house
     1835/fort_dearborn_wash_house
     1835/goss_cobb_saddlery
     1835/harmon_log_cabin
     1835/heacock_house_monroe
     1835/james_kinzie_house
     1835/john_holbrook_store
     1835/kelsey_boarding_house
     1835/kimberly_residence
     1835/kinzie_hunter_warehouse
     1835/land_sale_camp_shore
     1835/landing_camp_west
     1835/lasalle_lake_house
     1835/lasalle_slough_crossing
     1835/log_jail
     1835/mansion_house_stable
     1835/mason_blacksmith_shop
     1835/mckee_log_house
     1835/miller_tanyard_bark_shed
     1835/miller_tanyard_drying_shed
     1835/new_york_house_stable
     1835/newberry_dole_packing_house_south_branch
     1835/newberry_dole_salt_house_south_branch
     1835/newberry_dole_slaughterhouse_south_branch
     1835/newberry_dole_stock_shed_south_branch
     1835/newberry_dole_warehouse
     1835/north_bank_shed_dearborn_e1
     1835/north_bank_shed_dearborn_e2
     1835/north_bank_shed_dearborn_e3
     1835/north_bank_shed_dearborn_w
     1835/north_water_slough_crossing
     1835/pierce_blacksmith_shop
     1835/robert_kinzie_store
     1835/sauganash_hotel_stable
     1835/slough_log_bridge
     1835/south_bank_shed_dearborn_e2
     1835/st_marys_church
     1835/steamboat_hotel_stable
     1835/temple_building
     1835/temple_lake_st_building
     1835/tremont_house_1_stable
     1835/wabansia_doctors_barn
     1835/wabansia_doctors_house
     1835/watkins_school_house
     1835/west_approach_wagon_camp
     1835/western_hotel_stable
     1835/wolf_point_tavern_stable
     1835/wolf_point_trading_camp
     1835/wright_building_to_let_a
     1835/wright_building_to_let_b
     1904/glessner_house

[1m== renderer modules parse[0m
   102 module(s) parsed

[1m== the ground averages the colour each flora zone records[0m
tile mean linear luminance 0.135033  (sRGB 102.8 as a grey)
2 substrate zone(s) painted by the ground mesh

  z08_lakeshore      dry  recorded 186,181,166   drawn 186.0,181.0,166.0   Δ -0.00, -0.00, -0.00
  z08_lakeshore      wet  recorded 146,142,131   drawn 146.0,142.0,131.0   Δ +0.00, -0.00, -0.00
  z09_sand_prairie   dry  recorded 124,124, 94   drawn 124.0,124.0, 94.0   Δ -0.00, -0.00, -0.00
  z09_sand_prairie   wet  recorded 100,100, 80   drawn 100.0,100.0, 80.0   Δ -0.00, -0.00, -0.00

worst departure 0.00 sRGB units (tolerance 1.0)

[1m== the ground mesh still meets the heightfield the walker samples[0m
   terrain fit — e1834_harbor_cut, against the heightfield the walker samples

   mesh      vertices   compared   lattice     mean        rms         max |Δ|
   master      586918     586137   float          -0.0 mm     1.4 mm      2.6 mm
   shipped     586918     586137   156.3 mm       -2.3 mm    45.7 mm     80.2 mm

   master within 30.0 mm: yes (2.6 mm); shipped derivative 80.2 mm off on a quantised lattice, conformed at load — see R-BUG3c
   shipped POSITION: 16-bit POSITION, which is what tools/web_derivatives.sh asks for (16) (lattice 156.3 mm)

[1m== the 1904 ground mesh meets its heightfield too (T-1738)[0m
   terrain fit — e1871_postfire, against the heightfield the walker samples

   mesh      vertices   compared   lattice     mean        rms         max |Δ|
   master       49321      48805   float          -0.0 mm     1.4 mm      2.5 mm
   shipped      49321      48805   156.3 mm        2.2 mm    45.6 mm     80.2 mm

   master within 30.0 mm: yes (2.5 mm); shipped derivative 80.2 mm off on a quantised lattice, conformed at load — see R-BUG3c
   shipped POSITION: 16-bit POSITION, which is what tools/web_derivatives.sh asks for (16) (lattice 156.3 mm)

[1m== the 1812 ground mesh meets its heightfield (T-2003)[0m
   terrain fit — e1830_natural, against the heightfield the walker samples

   mesh      vertices   compared   lattice     mean        rms         max |Δ|
   master      577436     576627   float          -0.0 mm     1.4 mm      2.5 mm
   shipped     577436     576627   156.3 mm       -1.5 mm    44.6 mm     80.1 mm

   master within 30.0 mm: yes (2.5 mm); shipped derivative 80.1 mm off on a quantised lattice, conformed at load — see R-BUG3c
   shipped POSITION: 16-bit POSITION, which is what tools/web_derivatives.sh asks for (16) (lattice 156.3 mm)

[1m== the shipped ground stands where the master does, and inside the road lift[0m
   the shipped ground's vertices stand 0.0 mm from the master's in plan (lattice 156.3 mm)
   the drawn surface is within 22.0 mm of the field at all 1,896,147 sample points: yes (worst 6.2 mm at E -542.5 N 1112.5)

[1m== the shipped 1904 ground stands where its master does (T-1738)[0m
   the shipped ground's vertices stand 0.0 mm from the master's in plan (lattice 156.3 mm)
   the drawn surface is within 22.0 mm of the field at all 101,441 sample points: yes (worst 6.0 mm at E 1117.5 N -3645.0)

[1m== the shipped 1812 ground stands where its master does (T-2003)[0m
   the shipped ground's vertices stand 0.0 mm from the master's in plan (lattice 156.3 mm)
   the drawn surface is within 22.0 mm of the field at all 1,896,147 sample points: yes (worst 9.9 mm at E 1685.0 N 1112.5)

[1m== the town off the modelled ground is still the town the reading measured[0m
north-of-box reading holds: 0 m of drawn street off the modelled ground, 9120 m of one-way edge

[1m== the west wall the held slots need is still the wall the reading derives[0m
west-wall reading holds: wall derived at E -705, 35 slots held, 0 columns to add

[1m== …and its own assertions still fire when the wall or a street moves[0m [2m(self-test: the assertions below are meant to fire)[0m
   self-test |    ok   a rotated footprint reaches further west than half its width — E -108.62
   self-test |    ok   …and the centre would have reported it 8.62 m further east
   self-test |    ok   the derived wall lands on the lattice west of the clearance — E -705
   self-test |    ok   …and clears the clearance rather than landing just inside it — 33.46 m >= 32.7 m
   self-test |    ok   a clearance that lands exactly on a lattice column does not add a spare one — E -702.5
   self-test |    ok   the round -700 does NOT clear the worst residual — short by 4.24 m
   self-test |    ok   a placement moved 50 m west moves the derived wall west with it — E -755
   self-test |    ok   …and the gate refuses the committed reading against it
   self-test |    ok   a DRAWN street carried past the derived wall lands in the drawn population
   self-test |    ok   …and not in the platted-only one
   self-test |    ok   …and the gate refuses the committed reading against it
   self-test |    ok   the committed reading re-derives
   self-test | SELF-TEST PASS

[1m== every viewpoint the app offers stands on modelled, dry, unbuilt ground[0m
anchor ground, scene 1812 on e1830_natural: 4 anchors, all inside the box, dry and out of a wall; the committed reading re-derives.
anchor ground, scene 1835 on e1834_harbor_cut: 18 anchors, all inside the box, dry and out of a wall; the committed reading re-derives.
anchor ground, scene 1904 on e1871_postfire: 1 anchors, all inside the box, dry and out of a wall; the committed reading re-derives.

[1m== …and the anchor-ground rules still hold on synthetic ground[0m [2m(self-test: the assertions below are meant to fire)[0m
   self-test | measure_anchors self-test: all rules hold

[1m== the ground's culling grid is still derived from its box[0m
the committed ground-tiling reading still answers for the committed rule

[1m== …and its own assertions still fire when broken[0m [2m(self-test: the assertions below are meant to fire)[0m
   self-test | the ground-tiling rule's own assertions hold

[1m== the shrub keeps its recorded width and its shell is not see-through[0m
shipped: 64 sprays @ plate 1.000 — cover 51.3% (worst bearing 47.3%), stem cover 54.2%, reach 0.997 of the recorded half-width, plate 34.6 cm (3.5× a leaf), 136 triangles
GATE: PASS

[1m== changelog contract[0m
changelog contract OK — 1553 entries (1553 in the literal), latest v1558; held to origin/dev at 22685d120: 1552 shipped entries

[1m== …and a shipped release note cannot leave or change its number[0m [2m(self-test: the assertions below are meant to fire)[0m
   self-test |    ok    the T-1380 incident: dropped, and its number given to the next release: 1 refusal(s), want 1
   self-test |    ok    dropped, number not re-used: 1 refusal(s), want 1
   self-test |    ok    re-stamped and renumbered (c602f4988: a lap reset a shipped entry and the stamper re-numbered it): 1 refusal(s), want 1
   self-test |    ok    renumbered (c602f4988: two shipped entries each moved up one): 2 refusal(s), want 2
   self-test |    ok    a branch entry on top, base kept verbatim: 0 refusal(s), want 0
   self-test |    ok    an unstamped branch entry on top: 0 refusal(s), want 0
   self-test |    ok    a shipped title corrected in place: 0 refusal(s), want 0
   self-test |    ok    a retired copy removed: 0 refusal(s), want 0
   self-test |    ok    an unstamped base entry is not held: 0 refusal(s), want 0
   self-test |    ok    check-changelog.mjs holds the tree to its base
   self-test | changelog-history self-test OK

[1m== ticket queue (faults in the tickets repo are reported, not charged to this diff)[0m
  WARN: 9 queue fault(s) this pull request cannot fix — they are the
  state of kevinrhaas/chicago-tickets, a different repository, which no code diff
  carries (T-1593). Reported, not charged to this branch:
    - T-1767-arrive-in-the-selected-year-with-matching-welcom.md: epic "ARRIVAL" is not one of RENDERING/TOWN/GROUND/FLORA/PIPELINE/META/PAPERS/SOUTH_TIME
      ↳ filed 2026-09-29 by owner · chicago-tickets 49ee5e1 T-2068: finding — first bake packed and verified; publication waits on dev's smoke
    - T-1791-build-mark-beaubien-first-historical-portable-human.md: effort L is in the queue — MORE THAN ONE RUN — must be split before it can be claimed. Run `node tools/ticket.mjs split T-1791 "first piece" "second piece"`; the children keep its place in the order.
      ↳ filed 2026-09-30 by owner · chicago-tickets 49ee5e1 T-2068: finding — first bake packed and verified; publication waits on dev's smoke
    - T-1830-rebuild-the-glessner-west-wing-roof-and-recessed.md: epic "PRAIRIE1904" is not one of RENDERING/TOWN/GROUND/FLORA/PIPELINE/META/PAPERS/SOUTH_TIME
      ↳ filed 2026-10-01 by owner · chicago-tickets 49ee5e1 T-2068: finding — first bake packed and verified; publication waits on dev's smoke
    - T-1833-correct-glessner-west-wing-rear-ridge-south-gabl.md: epic "PRAIRIE1904" is not one of RENDERING/TOWN/GROUND/FLORA/PIPELINE/META/PAPERS/SOUTH_TIME
      ↳ filed 2026-10-01 by owner · chicago-tickets 49ee5e1 T-2068: finding — first bake packed and verified; publication waits on dev's smoke
    - T-2171-1812-remove-the-unsupported-lake-facing-notch-at.md: epic "TERRAIN" is not one of RENDERING/TOWN/GROUND/FLORA/PIPELINE/META/PAPERS/SOUTH_TIME
      ↳ filed 2026-10-08 by owner · chicago-tickets 49ee5e1 T-2068: finding — first bake packed and verified; publication waits on dev's smoke
    - open ticket T-0475 is missing from QUEUE.md — append it, do not reorder
      ↳ filed 2026-09-01 by owner · chicago-tickets 49ee5e1 T-2068: finding — first bake packed and verified; publication waits on dev's smoke
    - open ticket T-0476 is missing from QUEUE.md — append it, do not reorder
      ↳ filed 2026-09-01 by owner · chicago-tickets 49ee5e1 T-2068: finding — first bake packed and verified; publication waits on dev's smoke
    - open ticket T-0477 is missing from QUEUE.md — append it, do not reorder
      ↳ filed 2026-09-01 by owner · chicago-tickets 49ee5e1 T-2068: finding — first bake packed and verified; publication waits on dev's smoke
    - open ticket T-1171 is missing from QUEUE.md — append it, do not reorder
      ↳ filed 2026-09-16 by owner · chicago-tickets 49ee5e1 T-2068: finding — first bake packed and verified; publication waits on dev's smoke
  Whoever runs the command above clears it for EVERY open pull request at once:
  `bash tools/tickets.sh` for a clone, then run it there. If it is the owner's to
  answer, `node tools/ticket.mjs ask T-NNNN --question "…"` puts it on his board.
ticket queue OK — 2101 tickets, 152 in the queue, 29 waiting on the owner — and 9 inherited fault(s) reported above as WARN, none of them this branch's

[1m== a filing fault is refused at the prompt, and a queue fault no diff carries is not charged to it[0m

  a run filing a ticket it has sized as more than one run
  ok    1. `new --effort L` is REFUSED
  ok       …and says to file the pieces, naming the anchor it was given
  ok    2. …and names `split` for an L that is already in the queue
  ok    3. …nothing is written and no id is minted — the refusal is before the file
  ok    4. `--anyway` cannot take it — that override is the BUDGET's, and this is not a budget
  ok    5. an effort the gate cannot read is refused at the prompt too
  ok       …and a ticket sized for one run still files, carrying the effort it was given

  the queue as it stood at 23:07Z on 2026-09-25, with T-1585 filed as an L
  ok    6. `check` run bare still FAILS on it — the rule keeps its teeth
  ok    7. …naming the offending ticket and what it is
  ok    8. …and the one command that cuts it
  ok    9. THE FIX: `--inherited-warn` PASSES — no code change in this diff can clear it
  ok    10. …and reports it as a WARN, saying whose it is not
  ok    11. …naming the filing that caused it, off the ticket and the tickets repo's history
  ok    12. …and still the command that clears it, for every open PR at once

  the three things `--inherited-warn` must NOT let through
  ok    13. a fault in THIS repository's own files still fails — it is in the diff
  ok    14. a tickets clone THIS RUN has dirtied still fails — this run put it there
  ok    15. in embedded mode the tickets ARE in the diff, so the flag is strict

  an unsplit L cannot be filed, and a queue fault no code diff carries is reported rather than charged to it


[1m== …and the tripwire scanner behind `done` still fires, and still ignores prose[0m [2m(self-test: the assertions below are meant to fire)[0m
   self-test |   self-test | ok    a trace recording {T-0001: open} is caught
   self-test |   self-test | ok    the same trace recording `done` does not fire when closing to done
   self-test |   self-test | ok    a ruling with disposition unresolved naming the ticket is caught
   self-test |   self-test | ok    the same ruling settled (disposition refused) is not caught
   self-test |   self-test | ok    a ticket merely NAMED in prose is ignored
   self-test |   self-test | ok    the TICKET = provenance constant shape is ignored
   self-test |   self-test | ok    a value that is not a ticket state is ignored
   self-test |   self-test | 7 assertion(s) fired

[1m== …and the split walk all three of them read still holds, on all four shapes[0m [2m(self-test: the assertions below are meant to fire)[0m
   self-test |   holds: a leaf closing strands its split grandparent
   self-test |   holds: a direct piece closing while a grandchild lives strands nobody
   self-test |   holds: a single-leaf chain strands its parent
   self-test |   holds: a split with a live descendant two levels down is not refused
   self-test |   holds: a blocked leaf is live for the order book and not for the ledger
   self-test |   holds: a parent cycle terminates
   self-test |   holds: the walk descends `split_live` exactly as it descends `split`
   self-test |   holds: a branch name is read for the tickets it carries, and only those
   self-test |   holds: the ledger and the order book read this module's constants
   self-test | ticket liveness self-test: all cases hold

[1m== closing this branch's tickets strands nobody above them[0m
  note: closing T-2199 strands nothing
closing T-2199 strands no committed work pointer

[1m== the shipped derivative still describes the master's building[0m
shipped derivatives: 702 pair(s) carry the master's triangles, node identity and contract attributes; worst bounding-box disagreement 2.71 of 4 rungs; 0 asset(s) lose their material identity to the publish path (banked, K36(b)); 4 master passthrough(s), all of them decided (K38); and every one of them records the master it was made from, which is still the master in the tree (K39)

[1m== …and its own assertions still fire when broken[0m [2m(self-test: the assertions below are meant to fire)[0m
   self-test | self-test: each assertion, broken deliberately
   self-test |   caught  a derivative with no master — assets/web/ghost__phase.glb has no master in assets/gltf — the site ships geometry the dataset n
   self-test |   caught  a master with no derivative — assets/gltf/orphan__phase.glb has no derivative in assets/web — the site cannot ship a building 
   self-test |   caught  the shipped file was simplified — agency_striker_log_house__log_1830.glb: the master has 290 triangles and the shipped file has 27
   self-test |   caught  the shipped file lost its structure_id — agency_striker_log_house__log_1830.glb: node names, node extras or mesh names differ between the
   self-test |   caught  the shipped file lost _CONFIDENCE — agency_striker_log_house__log_1830.glb: the shipped file lost _CONFIDENCE, which docs/GLB-CONTRA
   self-test |   caught  the building collapsed to a two-metre box — agency_striker_log_house__log_1830.glb: the shipped bounding box is 0.2 mm from the master's, 80
   self-test |   caught  compression made the shipped file bigger than its master — agency_striker_log_house__log_1830.glb: the shipped derivative is 29,309 bytes and the master it
   self-test |   held  the epoch exclusion: terrain__e1830_natural.glb grown past its master fires nothing (R-W6 owns that file's bit depth)
   self-test |   caught  a new asset loses its material names — agency_striker_log_house__log_1830.glb: the shipped file's materials do not resolve to the maste
   self-test |   skipped  a banked asset was repaired and not banked — nothing in this tree to mutate
   self-test |   caught  a master was copied over its compressed derivative — agency_striker_log_house__log_1830.glb: assets/web/agency_striker_log_house__log_1830.glb is byt
   self-test |   caught  a decided passthrough was regenerated and not banked — first_fort_dearborn_parade__first_fort_1803.glb: banked in web_derivative_baseline.json as a dec
   self-test |   caught  the master was rebuilt after the derivative was made — agency_striker_log_house__log_1830.glb: the shipped derivative was made from a master with sha25
   self-test |   caught  a derivative nothing recorded a master for — agency_striker_log_house__log_1830.glb: nothing records which master assets/web/agency_striker_l
   self-test | SELF-TEST PASS

[1m== a shipped occlusion texture carries occlusion, and the manifest agrees[0m
AO EXPORT PASS

[1m== …and its own assertions still fire when broken[0m [2m(self-test: the assertions below are meant to fire)[0m
   self-test | 
   self-test |   -- the reader itself
   self-test |   ok    PNG filter type 0 round-trips exactly
   self-test |   ok    PNG filter type 1 round-trips exactly
   self-test |   ok    PNG filter type 2 round-trips exactly
   self-test |   ok    PNG filter type 3 round-trips exactly
   self-test |   ok    PNG filter type 4 round-trips exactly
   self-test |   ok    a known gradient reads back exactly — mean 0.029412 over 96 texels
   self-test | 
   self-test |   -- the build-time guard (assert_ao_survived_export), each arm broken
   self-test |   ok    the shipped bug: a uniformly BLACK occlusion texture
   self-test |           black.glb: the exported occlusion texture is UNIFORMLY 0.0000 over 64 texels (FULLY OCCLUDED under glTF — every asset built this way renders with its 
   self-test |   ok    a uniformly WHITE one — a bake that did not arrive either
   self-test |           white.glb: the exported occlusion texture is UNIFORMLY 1.0000 over 64 texels (unoccluded), while the bake read mean 0.2158. The bake is fine and the e
   self-test |   ok    AO baked but the exporter declared no occlusionTexture
   self-test |           none.glb: ambient occlusion was baked (mean 0.2158) but the exported file declares NO occlusionTexture on any of its materials — the exporter dropped 
   self-test |   ok    real variation, but 30 % off the bake — the sRGB-curve failure
   self-test |           good.glb: the exported occlusion mean is 0.0294 but the bake read 0.0382 — 23.1 % apart, over a 2 % tolerance. Occlusion is non-colour data in glTF, s
   self-test |   ok    real variation agreeing with the bake — must PASS
   self-test | 
   self-test |   -- the manifest cross-check (--gate), each arm broken
   self-test |   ok    manifest says baked_ao: true, the file carries none -> refused
   self-test |   ok    manifest says baked_ao: false, the file carries one -> refused
   self-test |   ok    a black occlusion texture, consistently recorded as true -> refused
   self-test |   ok    a white occlusion texture, consistently recorded as true -> refused
   self-test |   ok    manifest says true and the file carries real occlusion -> clean
   self-test |   ok    manifest says false and the file carries none — today's town -> clean
   self-test | 
   self-test | AO EXPORT SELF-TEST PASS

[1m== deferred household notes: the card's fields stay, the reasoning leaves (T-2151)[0m [2m(self-test: the assertions below are meant to fire)[0m
   self-test | self-test | ok: notes leave the boot record, the card's fields stay, the households file is the source

[1m== the shipped sidecars carry their households, notes beside them (T-2151)[0m
deferred household notes: 343 record(s) ship slim, and their households ship whole beside them

[1m== publish.sh produces a mirror that matches its source[0m
published mirror: 1392 file(s) byte-identical to source, 2830 transformed under 10 declared rule(s), 0 unmapped
  5x transformed — the front doors — /4d/ and /4d/<year>/ on chicago.polecat.live. tools/write_entry_pages.mjs copies the temporal observatory to the root and writes year doors as the stamped renderer plus a base into walk/, so the address bar keeps the short path and every relative URL resolves from walk/
      e.g. 1812/index.html
      gate: write_entry_pages.mjs --self-test (check.sh) asserts the <base> is the first child of <head>, exact root-template copying, working year doors and the honest 1812 status; the deploy URL smoke (.github/chicago-4d-url-check.json) requests /4d/, /4d/1835/ and /4d/dev/1835/ live.
  1x transformed — publish.sh writes it each run from the same BUILD_VERSION and BUILD_CT as the visible stamp
      e.g. build.json
      gate: tools/test_dev_preview.mjs reads it. Until 2026-08-15 it was written ONCE by hand and never again — this gate found it two days stale, claiming a version the mirror beside it did not have. That is the exact fault class this file exists for, found on its first run.
  707x transformed — gltf-transform meshopt derivative built by bake.sh from assets/gltf masters
      e.g. data/gltf/agency_striker_log_house__log_1830.glb
      gate: R-BUG3c-b: check.sh asserts the committed master against the heightfield and REPORTS the derivative's FIT; the renderer conforms the ground to the field at load, so the drawn surface is the sampler by construction. Its POSITION BIT DEPTH is asserted rather than reported (T-0012): tools/measure_terrain_fit.mjs --gate recovers the depth from the shipped rungs and fails if it is coarser than tools/web_derivatives.sh asks for, because the derivative gate next door compares triangles, node identity, materials and a bounding box within four rungs and a bit-depth change moves none of them. This is the entry that cost three parcels — read #145 before adding another.
  1403x transformed — publish.sh writes the residents layer minified — the same JSON value on one line
      e.g. data/residents/attested_trade_houses.json
      gate: tools/check_published_residents.mjs asserts the SHIPPED file parses to a value deep-equal to its source, file for file, with none missing and none extra. The transform exists because the layer is 1,380 hand-annotated household records whose notes run to paragraphs: at indent=1 it was 8.8 MB of the 32 MB budget, the tree measured 31.999 MB on 2026-09-05, and the next resident pass could not land. Whitespace is the one thing in it a visitor never reads — the renderer fetches these with response.json().
  24x transformed — tools/pack_letter_list.py packs the letter-list cohort into a roster of the strings it repeats and a shard per initial, and takes those households' own files out (T-0438)
      e.g. data/residents/letter_list/a.json
      gate: tools/check_published_residents.mjs unpacks every shipped record with the renderer's own unpackRecord and asserts it deep-equal to its source, the cohort exactly the index's letter_list_only households and none shipped twice; pack_letter_list.py --self-test (check.sh) proves the round trip and refuses a record the packing would make ambiguous. The cohort had reached 9.30 MiB as one file per name, most of it the same paragraphs.
  343x transformed — the same tool ships every sidecar that seats a household with its households SLIM — no `why`, `research_note` or person `note` — because those paragraphs were 0.87 MB of a first visit that was 0.65 MB over its 13 MB budget, and only an open card reads them (T-2151)
      e.g. data/sidecars/1835/agency_striker_log_house.json
      gate: defer_household_notes.mjs --check (check.sh) asserts each shipped record deep-equals its source with exactly those fields taken out, and that every source household carries the `why` whose absence is how the card knows to fetch the rest.
  343x transformed — tools/defer_household_notes.mjs (run by publish.sh) writes each seated record's households, whole, beside it for the card to fetch when it opens (T-2151)
      e.g. data/sidecars/1835/households/agency_striker_log_house.json
      gate: defer_household_notes.mjs --check (check.sh) asserts each is its source record's `residents`, value for value, with none missing and none extra.
  2x transformed — tools/serve_from_root.py (T-1828) names the asset directories it removed from the mirror because the site root ships them byte for byte, and the viewer reads those from /<app>/ instead
      e.g. prairie-1904/viewer/root-served.js
      gate: serve_from_root.py --self-test (check.sh) proves a directory leaves only when every file in it is identical at the root; tools/check_published.mjs still compares every file that does ship
  1x transformed — publish.sh stamps the build commit and its Central-time date into the gate overlay
      e.g. walk/index.html
      gate: tools/test_dev_preview.mjs asserts the stamp on the PUBLISHED form
  1x transformed — a nine-line re-export of js/changelog.js, written by tools/stamp-changelog.mjs (which owns the shim text) and installed by publish.sh's `--write-mirrors` call
      e.g. walk/js/changelog.js
      gate: T-0722. Both published paths carried the changelog verbatim until 2026-09-05, so the site shipped the same 1.31 MB twice — 4.1 % of its 32 MB budget on a byte-for-byte copy, growing at double the rate of the record, which is what put dev at 31.999 MB with no room for any PR to add a changelog entry. The shipped form is gated three ways: tools/validate.py refuses any two published files over 64 KB with identical bytes (so the duplicate cannot return the way it arrived); tools/test_changelog_mirror.mjs asserts the shim is what lands here and that it names the file it re-exports; and the smoke's What's-new leg loads the tab out of the published tree, which is the shim resolving or not.

[1m== front doors: /4d/ and /4d/<year>/ carry a <base> into walk/[0m [2m(self-test: the assertions below are meant to fire)[0m
   self-test | write_entry_pages: self-test ok (doors: 1812, 1835, 1880, 1904)

[1m== reference browsers: only what the root already ships is served from it[0m [2m(self-test: the assertions below are meant to fire)[0m
   self-test |   ok    the two identical directories' bytes, and the always-root one's, are counted as saved
   self-test |   ok    an identical directory leaves the mirror
   self-test |   ok    a directory the root lacks stays
   self-test |   ok    an ALWAYS_ROOT directory leaves even when the root lacks it
   self-test |   ok    a directory with one differing file stays whole
   self-test |   ok    the viewer is told what moved and where
   self-test |   ok    a viewer with nothing moved stays package-relative

[1m== letter-list roster: the cohort packs and reads back exactly (T-0438)[0m [2m(self-test: the assertions below are meant to fire)[0m
   self-test | self-test | ok   every cohort record reads back deep-equal
   self-test | self-test | ok   a string repeated across records is held once
   self-test | self-test | ok   a short repeated string is written where it stands
   self-test | self-test | ok   a string seen once stays in its record
   self-test | self-test | ok   shards by initial, and the odd initial goes to '_'
   self-test | self-test | ok   the packed form does not depend on the order records arrive in
   self-test | self-test | ok   a record holding a bare {"$s": …} object is refused
   self-test | self-test | ok   an object with $s beside other keys is not a reference
   self-test | self-test | ok   the cohort's per-record files leave the mirror
   self-test | self-test | ok   a household outside the cohort is left where it is
   self-test | self-test | ok   what landed reads back as the two cohort records
   self-test | self-test | ok   the report counts the records it packed
   self-test | self-test | 0 failure(s)

[1m== the published residents layer carries its source's value[0m
published residents OK — 1403 file(s) carry their source's value exactly, 1403 of them shipped on one line; 773 letter-list record(s) read back exactly from the roster (T-0438)

[1m== closing a ticket leaves the mirror fresh, and a stale one still fails[0m
ticket mirror — sandbox at /tmp/c4d-ticket-mirror-afK8wq
  ok    an unbuilt tree generates tickets.json
  ok    …and BOARD.md
  ok    …and the published mirror, though nothing rewrote the source before it — mirror matches source
  ok    a freshly published sandbox passes the mirror gate
  ok    the sandbox queue offers a ticket to close — T-2182
  ok    closing a ticket leaves the published mirror fresh — no remembered publish.sh needed
  ok    …and the mirror really is the closed board, not the old one — 1801224 bytes
  ok    the closed ticket carries the instant it finished, not only the day — 2026-10-09T03:15:39.627Z
  ok    and the board lists it first under Finished, newest first — leads with T-2182
  ok    a hand-staled mirror still fails the gate — and it names tickets.json
  ok    a no-op regeneration does NOT launder that stale mirror — still red
  ok    and republishing clears it again
  ok    `check` on a current board does not call it stale
  ok    …and writes nothing
  ok    `check` on a stale tickets.json fails and names it — named
  ok    …and writes NOTHING — not the source, not the board, not the mirror — repairing is `board`'s job, not the gate's
  ok    and `board` is what clears it
  ok    moving publish.sh's copy is refused by `ticket.mjs check` — and it names the reconciliation
ticket mirror OK

[1m== stamping the changelog leaves both mirrors fresh, and a stale one still fails[0m
changelog mirror — sandbox at /tmp/c4d-changelog-mirror-46hmxM
  ok    a freshly published sandbox passes the mirror gate
  ok    stamping after publish.sh leaves both published mirrors fresh — no remembered publish.sh needed
  ok    …and the stamper said which paths it carried —    changelog.js mirrored to site/4d/js/changelog.js (T-0155)
  ok    …and the contract mirror really is the stamped file, not the unstamped one — 370 bytes, v2 stamped
  ok    the walk copy is the shim, not a second copy of the changelog — 894 bytes against the changelog's 370
  ok    …and it re-exports the fleet path, with the names What's-new imports — export { CHANGELOG, LATEST_VERSION } from '../../js/changelog.js';
  ok    a hand-staled mirror still fails the gate — and it names changelog.js
  ok    a no-op re-stamp does NOT launder that stale mirror — still red
  ok    and republishing clears it again
  ok    the stamper does not create a mirror directory that publish.sh has not made — walk/ stayed absent
  ok    …while the mirror that DOES exist was still carried
  ok    stamp-changelog.mjs still declares PUBLISH_PINS
  ok    …and it names every published copy and the call that writes the shim — cp -f renderers/web/js/changelog.js "$SITE/js/changelog.js" | cp -a renderers/web "$SITE/walk" | node tools/stamp-changelog.mjs --write-mirrors
  ok    publish.sh still contains "cp -f renderers/web/js/changelog.js \"$SITE/js/changelog.js\"" — pinned
  ok    publish.sh still contains "cp -a renderers/web \"$SITE/walk\"" — pinned
  ok    publish.sh still contains "node tools/stamp-changelog.mjs --write-mirrors" — pinned
changelog mirror OK

[1m== the bake's content test refuses the stamp and nothing else[0m [2m(self-test: the assertions below are meant to fire)[0m
   self-test |   ok    a clean tree has no content
   self-test |   ok    a stamp-only bake has no content
   self-test |   ok    a data byte IS content, stamp or no stamp
   self-test |   ok    a NEW published file is content
   self-test |   ok    a committed BINARY file that changed is content, not a crash
   self-test |   ok    …and restoring its bytes makes it clean again
   self-test |   ok    the gate page changed AWAY from its stamp is content
   self-test |   ok    build.json growing a real field is content
   self-test |   ok    a DELETED data file is content
   self-test |   ok    publish.sh still writes the stamp into build.json
   self-test |   ok    publish.sh still stamps the gate page's placeholder
   self-test | SELF-TEST PASS — the bake's content test refuses the stamp and nothing else (11 cases)

[1m== the bake builds the ref it was given, and the nightly still builds dev[0m [2m(self-test: the assertions below are meant to fire)[0m
   self-test |   ok    a dispatch against a branch bakes THAT BRANCH
   self-test |   ok    a push to a branch bakes that branch, not dev
   self-test |   ok    the nightly bakes dev
   self-test |   ok    a run whose ref is main bakes dev — nothing may PR into main
   self-test |   ok    a push to dev bakes dev
   self-test |   ok    with no dev ref, the nightly bakes what it was given
   self-test |   ok    with no dev ref, a dispatch bakes its own branch
   self-test |   ok    a bare branch name is a branch name
   self-test |   ok    refs/heads/ is stripped
   self-test |   ok    the tiers are read from .github/pipeline.json
   self-test |   ok    a base whose PR has merged is dead
   self-test |   ok    …and so is one whose only PR was closed unmerged
   self-test |   ok    …and one with several, all finished
   self-test |   ok    a base with an open PR is live
   self-test |   ok    …even when an earlier PR from it was closed
   self-test |   ok    a branch that has NOT opened its PR yet is live — the T-0454 dispatch
   self-test |   ok    dev is live and has no PR of its own — the nightly must never be skipped
   self-test |   ok    main is a tier too, so the rule never calls the production tier dead
   self-test |   ok    the states are read case-insensitively, as the API spells them
   self-test |   ok    a push to a branch whose PR has merged does not start a bake
   self-test |   ok    …nor does a dispatch against one
   self-test |   ok    …and the decline names the ref it declined and says it is not a failure
   self-test |   ok    a branch with an open PR still bakes
   self-test |   ok    a branch with no PR yet still bakes — the T-0454 dispatch
   self-test |   ok    an unanswerable PR question bakes rather than declines
   self-test |   ok    the nightly always starts, whatever a PR question would have said
   self-test |   ok    …a push to dev always starts
   self-test |   ok    …a dispatch on main bakes dev and starts
   self-test |   ok    …and none of those three asked GitHub anything
   self-test |   ok    the workflow no longer hard-checks-out dev
   self-test |   ok    the workflow asks this script which ref to bake
   self-test |   ok    the PR base follows the ref that was baked, not a literal dev
   self-test |   ok    …and the base comes from the bake job's own output
   self-test |   ok    the workflow asks whether the baked ref is still live
   self-test |   ok    …and open-pr refuses to open a PR into a base that is not
   self-test |   ok    …and it asks AGAIN at the moment the PR is opened, not only at job start
   self-test |   ok    the warranted job asks whether the bake should start at all
   self-test |   ok    …and a decline turns the job's bake output off
   self-test |   ok    …and a crashed or garbled answer bakes rather than declines
   self-test |   ok    …and the bake arms auto-merge on the PR it opens
   self-test |   ok    a push bake is gated on the branch's own diff, not just the push's
   self-test |   ok    …and it asks with the three-dot form, which is what the branch OWNS
   self-test |   ok    …and it is a separate job, so the Blender runner is never claimed to skip
   self-test |   ok    …and an unanswerable diff bakes rather than skips
   self-test | SELF-TEST PASS — the bake builds the ref it was given, the nightly still builds dev, and the workflow still asks (44 cases)

[1m== the bake is skipped only when the freshness register says nothing staled[0m [2m(self-test: the assertions below are meant to fire)[0m
   self-test |   ok    a generators diff that staled nothing does not bake
   self-test |   ok    …and it says so with the register's own count
   self-test |   ok    a generators diff that staled a mesh bakes
   self-test |   ok    …and it names what went stale rather than only the path
   self-test |   ok    a register that cannot be asked bakes
   self-test |   ok    …and says which question it could not put
   self-test |   ok    an empty diff bakes rather than skips
   self-test |   ok    a whitespace-only diff is an empty one
   self-test |   ok    a path set this rule does not know about bakes
   self-test |   ok    …even when a generators path is in the same diff
   self-test |   ok    a change to bake.sh bakes however fresh the tree is
   self-test |   ok    …and the reason says a hash cannot see it
   self-test |   ok    the how-it-runs set is checked before the register is even asked
   self-test |   ok    every how-it-runs entry states why the register cannot speak for it
   self-test |   ok    a workflow change outside the gate job bakes
   self-test |   ok    …and says it is what the bake DOES that moved
   self-test |   ok    a workflow change confined to the gate job does not bake
   self-test |   ok    …and says editing the gate is not a reason to run what it guards
   self-test |   ok    a workflow that cannot be compared with its base bakes
   self-test |   ok    the gate-job carve-out never speaks for the generators beside it
   self-test |   ok    …and a fresh tree beside it still skips, on the register's word
   self-test |   ok    the gate job is locatable in the workflow as it stands
   self-test |   ok    …and carving it out leaves the rest of the workflow behind
   self-test |   ok    …and takes the gate's own body with it
   self-test |   ok    …and a workflow with no such job is refused rather than compared
   self-test |   ok    freshness asks tools/validate.py's own stale check
   self-test |   ok    the warranted job asks this script
   self-test |   ok    …with --decide, so it gets a verdict and not the usage
   self-test |   ok    …and the path filter is still the first screen it applies
   self-test |   ok    …and a diff that cannot be taken still bakes without asking
   self-test |   ok    …and the skip is still reported as a skip
   self-test | SELF-TEST PASS — a generators diff that staled nothing does not bake, one that staled a mesh does, every unanswerable case bakes, and the workflow still asks (31 cases)

[1m== restamp moves the queue line it was handed, not the other one[0m
ticket restamp — the duplicate-id repair moves the line it was handed

  dev’s line ranked FIRST (the ordering that failed on 2026-08-27)
  ok    the younger file is renumbered — T-0213
  ok    the queue still holds one line per ticket — 3 line(s): T-0211 — The other nine group rows are cross-checked against nothing | T-0212 — A third ticket the owner ranked between them | T-0213 — Desktop smoke stage 8 (What’s-new) is red on dev
  ok    this run's line took the new id, in its own rank — line 3 reads "T-0213 — Desktop smoke stage 8 (What’s-new) is red on dev"
  ok    the OTHER T-0211 line is untouched — id and title both — line 1 reads "T-0211 — The other nine group rows are cross-checked against nothing"
  ok    the unrelated ticket keeps its rank — line 2
  ok    the file was renamed with it — T-0211-the-other-nine-group-rows.md, T-0212-a-third-ticket.md, T-0213-desktop-smoke-stage-8-what-s-new-is-red-on-dev.md
  ok    and `check` is green afterwards, with nothing repaired by hand — ticket queue OK — 3 tickets, 3 in the queue, 0 waiting on the owner

  this run’s line ranked FIRST (the ordering that passed by luck)
  ok    the younger file is renumbered — T-0213
  ok    the queue still holds one line per ticket — 3 line(s): T-0213 — Desktop smoke stage 8 (What’s-new) is red on dev | T-0212 — A third ticket the owner ranked between them | T-0211 — The other nine group rows are cross-checked against nothing
  ok    this run's line took the new id, in its own rank — line 1 reads "T-0213 — Desktop smoke stage 8 (What’s-new) is red on dev"
  ok    the OTHER T-0211 line is untouched — id and title both — line 3 reads "T-0211 — The other nine group rows are cross-checked against nothing"
  ok    the unrelated ticket keeps its rank — line 2
  ok    the file was renamed with it — T-0211-the-other-nine-group-rows.md, T-0212-a-third-ticket.md, T-0213-desktop-smoke-stage-8-what-s-new-is-red-on-dev.md
  ok    and `check` is green afterwards, with nothing repaired by hand — ticket queue OK — 3 tickets, 3 in the queue, 0 waiting on the owner

  the conditions that used to survive a wrong-line restamp
  ok    a queue line whose id is not in the ledger is refused — and it names T-0999
  ok    a queue line labelled with ANOTHER ticket’s title is refused — and it quotes the line it should read
  ok    and the correctly-labelled queue is green — ticket queue OK — 2 tickets, 2 in the queue, 0 waiting on the owner

ticket restamp OK

[1m== new --after places directly under the named ticket and moves nothing else[0m

  the anchor is the middle line
  ok    a ticket is created — T-0004 created → tickets/T-0004-a-finding-filed-beside-the-work.md (placed directly under T-0002, inside its band)
  ok    the message says where it went, and that it was placed — T-0004 created → tickets/T-0004-a-finding-filed-beside-the-work.md (placed directly under T-0002, inside its band)
  ok    the new line sits DIRECTLY UNDER the anchor, wherever the anchor is — anchor row 3, new row 4
  ok    every pre-existing line is byte-identical and in its original order
  ok    the anchor id did not leak into the title — A finding filed beside the work
  ok    and `check` is green afterwards, with nothing repaired by hand — ticket queue OK — 4 tickets, 4 in the queue, 0 waiting on the owner

  the same call with the lines reordered — the anchor is now the LAST line
  ok    a ticket is created — T-0004 created → tickets/T-0004-a-finding-filed-beside-the-work.md (placed directly under T-0002, inside its band)
  ok    the message says where it went, and that it was placed — T-0004 created → tickets/T-0004-a-finding-filed-beside-the-work.md (placed directly under T-0002, inside its band)
  ok    the new line sits DIRECTLY UNDER the anchor, wherever the anchor is — anchor row 4, new row 5
  ok    every pre-existing line is byte-identical and in its original order
  ok    the anchor id did not leak into the title — A finding filed beside the work
  ok    and `check` is green afterwards, with nothing repaired by hand — ticket queue OK — 4 tickets, 4 in the queue, 0 waiting on the owner

  the anchor is not in the queue
  ok    the line is appended at the bottom rather than dropped
  ok    and the tool SAYS the anchor was not found — a fallback is never mistaken for a choice — T-0004 created → tickets/T-0004-a-finding-whose-anchor-has-closed.md (T-0099 is not in QUEUE (closed, blocked, or mistyped) — appended to the bottom instead; move it or pick a live anchor)

  the anchor given as a bare number
  ok    `--after 2` reads as T-0002 and places under it — T-0004 created → tickets/T-0004-a-finding-filed-by-number.md (placed directly under T-0002, inside its band)

  no --after at all — the owner's own filing
  ok    appends to the bottom as before
  ok    and the message tells a run what it should have passed — T-0004 created → tickets/T-0004-an-owner-filing.md (appended to QUEUE bottom — the owner orders it; a run should pass --after T-NNNN)

  a loop follow-up --after a 5C build ticket
  ok    it lands at the FOOT of band 9, not under the build — T-0004 T-0006
  ok    and not under the anchor
  ok    the message says so, names the anchor it declined and the way past it — T-0006 created → tickets/T-0006-a-tooling-fault-found-mid-build.md (a follow-up that is not the owner's goes to the FOOT OF BAND 9 (owner, 2026-09-27) — --after T-0002 sits above band 9; if dev's gate is red on this, or the build in hand cannot finish without it, re-file with --blocks "<why>")
  ok    every pre-existing line is byte-identical and in its original order
  ok    and `check` is green afterwards — ticket queue OK — 6 tickets, 6 in the queue, 0 waiting on the owner

  a steward filing with no --by and no --after
  ok    the default filer is not the owner, so it goes to band 9 too — T-0004 T-0006
  ok    every pre-existing line is byte-identical and in its original order
  ok    and `check` is green afterwards — ticket queue OK — 6 tickets, 6 in the queue, 0 waiting on the owner

  the same follow-up with --blocks and its reason
  ok    --blocks honours the anchor: it sits directly under T-0002 — T-0006 created → tickets/T-0006-a-fault-the-build-cannot-finish-without.md (placed directly under T-0002, inside its band)
  ok    the reason is written into the ticket
  ok    and the reason did not leak into the title
  ok    every pre-existing line is byte-identical and in its original order
  ok    and `check` is green afterwards — ticket queue OK — 6 tickets, 6 in the queue, 0 waiting on the owner

  an owner filing --after a 5C build ticket
  ok    the owner's placement is never redirected
  ok    every pre-existing line is byte-identical and in its original order
  ok    and `check` is green afterwards — ticket queue OK — 6 tickets, 6 in the queue, 0 waiting on the owner

  a loop follow-up --after a band-10 ticket
  ok    an anchor BELOW band 9 is honoured as before
  ok    every pre-existing line is byte-identical and in its original order
  ok    and `check` is green afterwards — ticket queue OK — 6 tickets, 6 in the queue, 0 waiting on the owner

  --blocks with no reason
  ok    an empty --blocks is refused, and says what to write — `--blocks` was written with no reason after it.

ticket --after self-test: all pass

[1m== a claim is a lock on the remote, and two runs cannot hold one ticket[0m
claim lock
  ok    the first run claims — T-0001 claimed
  ok    the second run is REFUSED — exit 1
  ok    and is told who holds it, not just that something does
  ok    and is pointed at the next workable ticket
  ok    identical claims in one second: exactly one wins — exits 0/1
  ok    and the loser is refused, not told it won
  ok    no reachable remote ⇒ the claim still succeeds — exit 0
  ok    and says so rather than pretending it locked — T-0001 claimed
  ok    a claim older than a run is stolen — exit 0
  ok    and the steal is reported, never silent
  ok    a claim younger than a run is NOT stolen — exit 1
  ok    --force takes it anyway
  ok    the first stealer wins
  ok    a stealer holding the OLD sha is rejected by the server — ! [rejected]        d0348a7d26f1b0b3f0d47adeb16d6c92090e7945 -> claim/t-0001 (stale info)
  ok    and the marker still belongs to the winner
  ok    the marker exists while the work is in flight
  ok    `done` KEEPS it, because the PR it names has not merged yet
  ok    so a second run in the merge window is REFUSED — the T-1333 case — exit 1
  ok    and is told who holds it
  ok    `claims --sweep` collects a done ticket's marker once it is past the window —   deleted claim/t-0001
  ok    a runner with no git identity still takes the lock — exit 0
  ok    and really did write a marker
  ok    so a second run there is still refused
  ok    --no-lock skips the lock entirely — exit 0
  ok    and leaves the holder's marker untouched
  ok    the marker exists while the work is in flight
  ok    `split` succeeds
  ok    `split` KEEPS the marker — the parent is still offered by an unmerged dev — released — a second run can claim the ticket it just split
  ok    a marker older than a run stands until somebody sweeps
  ok    `claims --sweep` collects it, which is what the lap runs every pass —   deleted claim/t-0001
  ok    10. the first run to lap a resume PR takes lap/pr-466 — Give it back once the PR merges or is handed on:  node tools/ticket.mjs lap 466 --release
  ok        the second, in the same second with identical text, is REFUSED — exit 1
  ok        …told the PR is being lapped and pointed at its own row
  ok        …and a different PR is still free to the second run
  ok    11. a lap older than a run is stolen, and says so — exit 0
  ok        the fresh lap that stole it is not stolen back — exit 1
  ok        …unless the run says so with --force
  ok    12. `lap N --release` deletes the marker — lap/pr-466 released
  ok        …after which another run takes it
  ok        no reachable remote ⇒ the lap proceeds and says it took no lock — exit 0
  ok        a PR number that is not one is a usage error, not a lock
  ok    13. `claims --sweep` collects a dead lap marker —   deleted lap/pr-466
  ok        …and leaves a live one standing

all passed

[1m== a lap that could not ask never reports that it found nothing[0m
pr-lap.sh — a lap that could not ask never reports that it found nothing
  ok    a failed PR-list call fails the lap — exit 1
  ok    …and says the lap could not see its PRs
  ok    …and never claims it found nothing to do
  ok    a genuinely empty queue is not an error — exit 0
  ok    …and still prints the summary
  ok    LAP_ONLY that matches nothing fails the lap — exit 1
  ok    …and names the number it could not find
  ok    …and says `hold` is filtered before this point — the case that cost an hour
  ok    LAP_ONLY that matches proceeds past the guard
  ok    no GraphQL-backed `gh pr|issue` call is left in the lap — every gh call is `gh api`
  ok    the lap does not run check.sh itself — CI gates the push — CI is the gate
  ok    the lap still rebuilds the derived layer somewhere — 3 call site(s)
  ok    …on a path a CLEAN merge reaches, not only inside the conflict branch — guarded by REDERIVED, not by $REAL
  ok    …with the mirror published BEFORE the rebuild that reads it — publish then rebuild
  ok    …and the per-PR flag is cleared at the top of the loop, before it is set — reset@4793 set@8646
  ok    the label filter excludes `hold` and nothing else — filters hold
  ok    a script that cannot name its repository refuses — exit 2
  ok    …naming `--repo owner/name` as the way to say which — ::error::/tmp/repo-name-3twhqj/pr-lap.sh: cannot tell which repository to act on — pass --repo owner/name. The default is this checkout's or
  ok    …and disowning $GITHUB_REPOSITORY by name, so the reason is readable
  ok    …and it never reached the repository the environment named — no gh call at all
  ok    nothing outside a comment reads $GITHUB_REPOSITORY — echo "::error::$0: cannot tell which repository to act on — pass --repo owner/name. The default is this checkout's origin remote and NEVER \$GITHUB_REPOSITORY (T-1655, T-1656); it resolved to '${repo}'."
  ok    …and `--repo` is how a caller names it instead

all passed

[1m== the lap publishes the mirror before the rebuild that reads it[0m
pr-lap.sh — the mirror is published before the derived layer is rebuilt
  ok    a lap whose rebuild reaches step 156 pushes — PR lap: pushed=1 already-current=0 left-alone=0
  ok    …and the PR branch really moved on the remote
  ok    …and it is not left alone
  ok    …and step 156 never had to refuse
  ok    …and the lap says it published before it rebuilt
  ok    the lap exits clean — exit 0
  ok    the publish lives in one place, so neutering it is a fair simulation — 1 occurrence(s)
  ok    without the publish the PR is left alone — PR lap: pushed=0 already-current=0 left-alone=1
  ok    …and the branch does not move
  ok    …and the reason is step 156 refusing to count a mirror that is not there
  ok    …and the lap still SAYS which step and why — the half that was working

all passed

[1m== a lap that cannot check out a branch says which step failed, and why[0m
pr-lap.sh — a lap that cannot check out a branch has to say why
  ok    the lap survives a PR whose branch is not there — exit 0
  ok    …and counts it left alone
  ok    …and says it was the FETCH that failed, naming the branch
  ok    …and carries git's own message rather than swallowing it
  ok    …and reads as a DELETED branch, not as an unexplained failure
  ok    …and tells the reader what to do with the PR it named
  ok    …and never prints the old four words
  ok    a fetch that works and a checkout that does not still ends the lap cleanly — exit 0
  ok    …and is reported as the CHECKOUT, naming both refs
  ok    …and never blames the fetch, which succeeded
  ok    …and carries git's own message
  ok    …and names the remote-tracking ref as the thing that is missing
  ok    a dirty tree does not crash the lap — exit 0
  ok    …and is reported as the CHECKOUT
  ok    …and carries git's own refusal
  ok    …and says the tree was not clean when the lap got here
  ok    …and names the dirty path
  ok    a branch that is level with dev laps normally — exit 0
  ok    …and gets past both guards
  ok    …and is reported as already current
  ok    neither guard discards git's stderr any more — both log to a file and tail it
  ok    and neither of the four-word labels survives

all passed

[1m== a branch level with dev but red is re-derived, not called current[0m
pr-lap.sh — a branch level with the base and red is re-derived, not skipped
  ok    a current branch whose gate is red is re-derived — PR lap: pushed=1 already-current=0 left-alone=0
  ok    …and pushed
  ok    …and the PR branch really moved on the remote
  ok    …and the derived file now follows from its inputs — "{\"from\": 2}\n"
  ok    …and it no longer says "nothing to lap"
  ok    …and posts no comment, because it fixed what it found
  ok    the lap exits clean — exit 0
  ok    a red branch the rebuild cannot change is not pushed — PR lap: pushed=0 already-current=0 left-alone=1
  ok    …and the lap says the red is not a stale derivation
  ok    …and it is counted left alone, not already current
  ok    …and says so on the PR, naming the head it re-derived — PR lap: re-derived `24edc943b91c` and nothing changed, so the lap left this red branch alone.
  ok    a head the lap already re-derived to no effect is not rebuilt again — ""
  ok    …and no second comment is posted
  ok    …and the lap says why it left it — PR lap: pushed=0 already-current=0 left-alone=1
  ok    gate completed:success: reported already current — PR lap: pushed=0 already-current=1 left-alone=0
  ok    gate completed:success: …and the rebuild is never run — ""
  ok    gate completed:success: …and the branch does not move
  ok    gate in_progress:none: reported already current — PR lap: pushed=0 already-current=1 left-alone=0
  ok    gate in_progress:none: …and the rebuild is never run — ""
  ok    gate in_progress:none: …and the branch does not move
  ok    gate no gate on the head: reported already current — PR lap: pushed=0 already-current=1 left-alone=0
  ok    gate no gate on the head: …and the rebuild is never run — ""
  ok    gate no gate on the head: …and the branch does not move
  ok    the already-current guard lives in one place, so restoring it is a fair simulation — 1 occurrence(s)
  ok    with the old exit, the red current branch is skipped — PR lap: pushed=0 already-current=1 left-alone=0
  ok    …and stays stale on the remote

all passed

[1m== the merger merges what GitHub calls clean, and nothing else[0m
merge-ready.sh — merges what GitHub calls clean, and nothing else
  ok    a `clean` PR is merged — api -X PUT repos/kevinrhaas/chicago/pulls/1319/merge -f merge_method=squash -f sha=deadbeefdeadbeefdeadbeefdeadbeefdeadbeef
  ok    …by squash, as every other merge in this repo is
  ok    …with the head sha pinned, so a push mid-read loses the race
  ok    …and the run says so
  ok    a `blocked` PR is NOT merged — its gate has not passed
  ok    …and is reported as waiting rather than skipped in silence
  ok    a `dirty` PR is left for the lap
  ok    …and says which tool owns it
  ok    one clean PR among four is merged, and only it — 1 merge call(s)
  ok    …and it is 1319
  ok    …and the summary counts the rest honestly — merge-ready: merged=1 waiting-on-checks=2 needs-a-lap=1 refused=0
  ok    a PR still computing is not merged
  ok    …and it was asked more than once before giving up
  ok    a failed PR-list call fails the run — exit 1
  ok    …and never reports an empty queue it never saw
  ok    a genuinely empty queue is not an error — exit 0
  ok    …and still prints the summary
  ok    a dry run merges nothing
  ok    …and says what it would have done
  ok    MERGE_ONLY that matches nothing fails the run — exit 1
  ok    …and names the number
  ok    …and says `hold` is filtered before this point
  ok    …and merged nothing while failing
  ok    drafts are filtered out of the candidate list
  ok    `hold` is filtered out of the candidate list
  ok    no GraphQL-backed `gh pr|issue` verb is used — the budget that fails
  ok    the only state it merges on is `clean`
  ok    the workflow triggers on a push to dev — a trigger that fires from dev
  ok    …and carries no `schedule`, which would never fire from a non-default branch
  ok    …nor `workflow_run`, which has the same default-branch restriction
  ok    …and still offers a manual dispatch
  ok    the watch loop disarms the -e GitHub turns on for it
  ok    …and the blocked-count never fails the step when it counts nothing
  ok    the label filter excludes `hold` and nothing else — filters hold
  ok    a script that cannot name its repository refuses — exit 2
  ok    …naming `--repo owner/name` as the way to say which — ::error::/tmp/repo-name-F1sNVQ/merge-ready.sh: cannot tell which repository to act on — pass --repo owner/name. The default is this checkout
  ok    …and disowning $GITHUB_REPOSITORY by name, so the reason is readable
  ok    …and it never reached the repository the environment named — no gh call at all
  ok    nothing outside a comment reads $GITHUB_REPOSITORY — echo "::error::$0: cannot tell which repository to act on — pass --repo owner/name. The default is this checkout's origin remote and NEVER \$GITHUB_REPOSITORY (T-1655, T-1656); it resolved to '${repo}'."
  ok    …and `--repo` is how a caller names it instead
  ok    with no --repo, the repository is the checkout’s own origin remote — api --paginate repos/kevinrhaas/chicago/pulls?state=open&base=dev&per_page=100 --jq .[] | select(.draft==false)
  ok    …and not one call names the repository the environment named
  ok    …and the script runs on to its own summary — exit 0

all passed

[1m== a pull request nothing can move is reported, and nothing else is touched[0m
pr-stuck.sh — a PR nothing can move is never silent, and nothing else is touched
  ok    a dirty PR with zero checks and no live run is reported — #1587  STUCK — dirty, 0 check run(s), 600m old, and no claim/t-1400 marker — nothing holds the ticket
  ok    …labelled `stuck` — ensure-label
label 1587 stuck
comment 1587 "{\n  \"body\": \"PR stuck: no automation in this repository can move this pull request (`aaaaaaaa`).\\n\\nGitHub reports this PR `dirty` with **zero check runs**. That pair is the deadlock T-1368 names:\\n\\nA `dirty` PR has no merge ref; the gate runs on `pull_request`, which needs one,\\nso no gate ever starts; `gate` is a required check, so GitHub never calls the PR\\n`clean`; and `merge-ready.sh` merges only on `clean`. The lap is the one thing that\\ncan break the cycle, and it has not — either it refused a conflict it does not own,\\nor it has not run since this head was pushed.\\n\\nThe branch may well merge `dev` with no conflict at all. **GitHub never runs this\\nrepo's merge drivers** (T-0857), so a branch that merges cleanly in a clone is still\\nreported conflicting by the platform.\\n\\nWhat clears it, in the order to try:\\n\\n1. Dispatch **Chicago 4D — PR lap** with `only: 1587`. If it pushes, the gate runs\\n   on the merge and `merge-ready` takes it from there.\\n2. If the lap prints `REAL CONFLICT — left alone`, the conflict is in content no\\n   tool owns and it wants hands:\\n\\n```\\ngit fetch origin dev steward/t-1400-whatever\\ngit checkout -B steward/t-1400-whatever origin/steward/t-1400-whatever\\nchicago/4d/tools/setup-merge-drivers.sh   # or the merge will not resolve\\ngit merge origin/dev\\n# resolve the content conflicts by hand and git add them; derived files clear themselves:\\n( cd chicago/4d && node tools/rederive.mjs --resolve )\\n( cd chicago/4d && node tools/rederive.mjs --run && node tools/ticket.mjs reconcile --base origin/dev && ./tools/publish.sh )\\ngit add -A && git commit && git push origin HEAD:steward/t-1400-whatever\\n```\\n\\n3. Or close it and re-cut the work on a current `dev`.\\n\\nIf it is waiting on the OWNER on purpose, park it with `hold` — this reporter\\nreads labels first and leaves a held PR alone. If it is merely UNFINISHED, hand\\nit to the next run instead:\\n\\n    .github/steward/pr-rest.sh resume 1587 --why \\\"...\\\" --waits-on nothing\\n\\nwhich writes the reason where a machine and a person can both read it.\\n\\n---\\n_Generated by [Claude Code](https://claude.ai/code)_\\n\"\n}\n"
  ok    …and told, on the PR itself — no comment
  ok    …naming the cycle rather than only the symptom
  ok    …and the hand-resolution path is in the comment, not only in a doc
  ok    …and it merges, pushes and resolves nothing
  ok    a PR whose owning run is still in_progress is NOT reported — #1499  deadlock, but claim/t-1343 names a run that is still in_progress — left alone (#1499 cleared itself exactly like this)
  ok    …and nothing at all was written to it — ensure-label
  ok    …and the run is named in the log, so the judgement can be checked
  ok    a finished run leaves its PR reportable
  ok    …and it is reported — ensure-label
label 1499 stuck
comment 1499 "{\n  \"body\": \"PR stuck: no automation in this repository can move this pull request (`aaaaaaaa`).\\n\\nGitHub reports this PR `dirty` with **zero check runs**. That pair is the deadlock T-1368 names:\\n\\nA `dirty` PR has no merge ref; the gate runs on `pull_request`, which needs one,\\nso no gate ever starts; `gate` is a required check, so GitHub never calls the PR\\n`clean`; and `merge-ready.sh` merges only on `clean`. The lap is the one thing that\\ncan break the cycle, and it has not — either it refused a conflict it does not own,\\nor it has not run since this head was pushed.\\n\\nThe branch may well merge `dev` with no conflict at all. **GitHub never runs this\\nrepo's merge drivers** (T-0857), so a branch that merges cleanly in a clone is still\\nreported conflicting by the platform.\\n\\nWhat clears it, in the order to try:\\n\\n1. Dispatch **Chicago 4D — PR lap** with `only: 1499`. If it pushes, the gate runs\\n   on the merge and `merge-ready` takes it from there.\\n2. If the lap prints `REAL CONFLICT — left alone`, the conflict is in content no\\n   tool owns and it wants hands:\\n\\n```\\ngit fetch origin dev steward/t-1343-something\\ngit checkout -B steward/t-1343-something origin/steward/t-1343-something\\nchicago/4d/tools/setup-merge-drivers.sh   # or the merge will not resolve\\ngit merge origin/dev\\n# resolve the content conflicts by hand and git add them; derived files clear themselves:\\n( cd chicago/4d && node tools/rederive.mjs --resolve )\\n( cd chicago/4d && node tools/rederive.mjs --run && node tools/ticket.mjs reconcile --base origin/dev && ./tools/publish.sh )\\ngit add -A && git commit && git push origin HEAD:steward/t-1343-something\\n```\\n\\n3. Or close it and re-cut the work on a current `dev`.\\n\\nIf it is waiting on the OWNER on purpose, park it with `hold` — this reporter\\nreads labels first and leaves a held PR alone. If it is merely UNFINISHED, hand\\nit to the next run instead:\\n\\n    .github/steward/pr-rest.sh resume 1499 --why \\\"...\\\" --waits-on nothing\\n\\nwhich writes the reason where a machine and a person can both read it.\\n\\n---\\n_Generated by [Claude Code](https://claude.ai/code)_\\n\"\n}\n"
  ok    an unreadable run inside the run window is assumed alive
  ok    …and past it, the marker is litter and the PR is reported — #1500  STUCK — dirty, 0 check run(s), 600m old, and claim/t-1344 names no readable run and is 9h old — past the 3h a run lives
  ok    a `hold` PR is never reported however identical it looks — ensure-label
  ok    …and the log says it was seen and left, not that it was absent
  ok    an `unknown` PR is not called stuck
  ok    …and nothing was written to it
  ok    a PR that came unstuck loses the label — ensure-label
unlabel 1587 stuck
  ok    …and the summary counts it
  ok    a freshly-pushed dirty PR is left for the lap — #1587  deadlock, and its head is 4m old — every PR is dirty for a while after a merge into dev (T-0857) and a fresh red gate is often re-pushed within the minute; neither the lap nor the run has had its turn
  ok    a PR whose age cannot be read is not reported on
  ok    …and it says that is why
  ok    a dirty PR whose gate already passed is still reported
  ok    …and the comment says `dirty` is not `clean` rather than talking about zero checks
  ok    a head already commented on is not commented on twice — ensure-label
label 1587 stuck
  ok    …and the log says why, rather than going quiet
  ok    a failed PR-list call fails the run — exit 1
  ok    …and never reports a quiet queue it never saw
  ok    a blind sweep on a steward branch does not fail the job — exit 0
  ok    …and is still loud about it
  ok    …and says why it is not failing, rather than looking healthy
  ok    …and still never reports a queue it never saw
  ok    a genuinely empty queue is not an error — exit 0
  ok    …and still prints the summary
  ok    a dry run labels and comments on nothing
  ok    …and still says what it found
  ok    a blocked PR with a failed gate and a finished run is reported — #1616  STUCK — blocked, gate failure, 600m old, and no claim/t-1294 marker — nothing holds the ticket
  ok    …labelled `stuck` — ensure-label
label 1616 stuck
comment 1616 "{\n  \"body\": \"PR stuck: the gate is red and the run that owned it has finished (`aaaaaaaa`).\\n\\nThe `gate` check run on this head completed **failure**, and the steward run that\\nowns this branch has finished. Nothing in this repository is coming back for it:\\n\\n* `.github/steward/pr-lap.sh` merges `dev` in and pushes. It does NOT gate — that\\n  cost ~7 minutes a PR and was why the queue never converged — so a red gate is\\n  not something it can notice, let alone fix.\\n* `.github/steward/merge-ready.sh` merges only what GitHub calls `clean`, and a PR\\n  with a failing required check is never `clean`.\\n* The run that would have pushed a fix is over. On 2026-09-21 two runs finished\\n  SUCCESS while leaving a red PR behind (#1616, #1618), which is what this\\n  report exists to stop being silent about.\\n\\nThe step(s) that failed:\\n\\n  * Does this change carry a changelog entry?\\n\\n`./tools/preflight.sh` asks that question BEFORE the PR is opened, against the\\nmerge base and with the same shas the workflow uses. It is out of `check.sh` on\\npurpose — the bake regenerates `data/` and correctly ships no entry — which is\\nwhy running the gate alone cannot find it. AGENTS.md has required preflight\\nbefore a PR is opened since 2026-09-10.\\n\\nThis reporter does not re-run, revert or repair anything, and that is deliberate:\\nboth of the PRs above needed real judgement (a rule that had stopped firing and\\nhad to be retired; a report whose prose contradicted its own table), and a robot\\nthat had guessed at either would have been worse than the silence.\\n\\nWhat clears it:\\n\\n1. Reproduce the failing step in a clone of this branch with `dev` merged in,\\n   fix it, and push. The gate re-runs on the push and `merge-ready` takes it.\\n2. If the failure is not this PR's — red on `dev` too — say so on the PR and\\n   port the fix rather than widening this branch.\\n3. Or close it and re-cut the work on a current `dev`.\\n\\nIf it is waiting on the OWNER on purpose, park it with `hold` — this reporter\\nreads labels first and leaves a held PR alone. If it is merely UNFINISHED, hand\\nit to the next run instead:\\n\\n    .github/steward/pr-rest.sh resume 1616 --why \\\"...\\\" --waits-on nothing\\n\\nwhich writes the reason where a machine and a person can both read it.\\n\\n---\\n_Generated by [Claude Code](https://claude.ai/code)_\\n\"\n}\n"
  ok    …and counted apart from the deadlock, which has a different remedy
  ok    …NAMING THE FAILING STEP, so the reader is not sent back to the logs — the step name is most of what the reporter is for
  ok    …and saying why nothing is coming for it
  ok    …and it still merges, pushes and resolves nothing
  ok    a changelog-entry failure names the rehearsal that would have caught it — the run could have found this in seconds
  ok    …and says why running the gate alone could not
  ok    a failure preflight does not rehearse is not told to run preflight — advice given for everything is advice for nothing
  ok    …and the step is still named
  ok    a gate still in progress is not a red gate — #1616  blocked — something can move this
  ok    …and nothing was written to it — ensure-label
  ok    a red gate under a run that is still going is left alone — #1616  blocked with a red gate, but claim/t-1343 names a run that is still in_progress — left alone (#1499 cleared itself exactly like this)
  ok    …and the log names the run, so the judgement can be checked
  ok    …and says what it saw, not merely that it skipped
  ok    a freshly-red head is left for the run that owns it — #1616  blocked with a red gate, and its head is 3m old — every PR is dirty for a while after a merge into dev (T-0857) and a fresh red gate is often re-pushed within the minute; neither the lap nor the run has had its turn
  ok    a PR whose gate went green loses the label — ensure-label
unlabel 1616 stuck
  ok    …and the summary counts it
  ok    a head carrying no gate is not called red
  ok    an unstable PR with a cancelled check, a green gate and a finished run is reported — #1617  STUCK — unstable on report cancelled, gate success, 600m old, and claim/t-1400 names a run that has completed
  ok    …labelled `stuck` — ensure-label
label 1617 stuck
comment 1617 "{\n  \"body\": \"PR stuck: a finished check that did not pass holds this PR `unstable` (`11111111`).\\n\\nGitHub reports this PR `unstable`, and every check run on this head has finished.\\nThe one(s) that did not pass:\\n\\n* `report` — **cancelled**\\n\\nThe gate may well be green (on this head it reads **success**) and this PR still\\ncannot merge: `.github/steward/merge-ready.sh` merges only what GitHub calls `clean`,\\ndeliberately, and `unstable` is not `clean`. Nothing in this repository re-runs a\\ncheck that has completed, and the lap pushes only when `dev` has moved — so this\\nstays exactly as it is until somebody acts. #1617 sat like this on 2026-09-21 with\\na green gate and a `report` check cancelled by the next push's sweep.\\n\\nWhat clears it: **re-run the check that did not pass.**\\n\\n```\\ngh api -X POST repos/kevinrhaas/chicago/actions/runs/37095687592/rerun\\n```\\n\\nor press **Re-run** on it from the Checks tab. It went `clean` within a minute of\\nthat on #1617. Do NOT push an empty commit to kick CI: that is refused everywhere\\nelse in this repository, and it would re-gate a tree the gate has already passed.\\n\\nIf it is waiting on the OWNER on purpose, park it with `hold` — this reporter\\nreads labels first and leaves a held PR alone. If it is merely UNFINISHED, hand\\nit to the next run instead:\\n\\n    .github/steward/pr-rest.sh resume 1617 --why \\\"...\\\" --waits-on nothing\\n\\nwhich writes the reason where a machine and a person can both read it.\\n\\n---\\n_Generated by [Claude Code](https://claude.ai/code)_\\n\"\n}\n"
  ok    …and counted as its own shape
  ok    …the comment NAMES the check that did not pass, and how it ended — the check name is the whole remedy
  ok    …and says plainly the gate may be green and the PR still cannot merge
  ok    …naming the remedy: re-run THAT run, by its id
  ok    …and NOT an empty commit, which is refused everywhere else here
  ok    …and it still merges, pushes and resolves nothing
  ok    unstable under a live run is left alone — #1617  unstable on a check that will not re-run itself, but claim/t-1400 names a run that is still in_progress — left alone (#1499 cleared itself exactly like this)
  ok    …and nothing was written to it — ensure-label
  ok    unstable on a head younger than MIN_AGE is left alone — #1617  unstable on a check that will not re-run itself, and its head is 5m old — every PR is dirty for a while after a merge into dev (T-0857) and a fresh red gate is often re-pushed within the minute; neither the lap nor the run has had its turn
  ok    a clean PR with a cancelled check on an older head is not reported — #1617  clean — something can move this
  ok    …and the older head is never asked about
  ok    unstable with a check still running is not called stuck — #1617  unstable — something can move this
  ok    unstable with no failing check on the head is not reported
  ok    a red gate on an unstable PR is reported as a red gate — #1617  STUCK — unstable, gate failure, 600m old, and no claim/t-1400 marker — nothing holds the ticket
  ok    a re-run that turns the PR clean takes the label off — ensure-label
unlabel 1617 stuck
  ok    drafts are filtered out of the list
  ok    `hold` is NOT filtered out of the list — it has to be SEEN to be left alone
  ok    nothing here merges or pushes —     STATE=$(gh api "repos/$REPO/pulls/$N" --jq '.mergeable_state' 2>/dev/null || echo error)
  ok    no GraphQL-backed `gh pr|issue` verb is used — the budget that fails
  ok    the sweep runs on a steward-branch push, not only on a push to dev — the trigger that survives a jammed queue
  ok    …and it is not `schedule`, which never fires from a non-default branch
  ok    …and it can be dispatched at a single PR
  ok    …and its concurrency group is scoped per ref, so one branch never cancels another's report — chicago-4d-pr-stuck-${{ github.ref }}
  ok    the gate still triggers on pushes to dev and main only (T-1288) — an unfiltered push trigger double-gates every open PR
  ok    a `resume` PR is not called stuck — something is coming for it — #41  resume — the loop owes this work: dev's gate is red on T-1567 · waits on: T-1567
  ok    …and nothing at all was written to it — ensure-label
  ok    …and it is COUNTED, not merely absent
  ok    …and its REASON is in the log, which is the whole of what the owner asked for — #41  resume — the loop owes this work: dev's gate is red on T-1567 · waits on: T-1567
  ok    …including what it waits on, so a later run knows to skip or to take it
  ok    a resumable PR with no reason line is still not called stuck
  ok    …and the missing reason is reported rather than passed over
  ok    …naming the one call that writes one
  ok    a resumable PR loses a stale `stuck` label — ensure-label
unlabel 41 stuck
  ok    …and the summary counts it
  ok    …and it is still never labelled stuck again
  ok    a PR carrying both is treated as the owner’s park, not as the loop’s
  ok    …and stays silent, because that silence is the owner’s to break — ensure-label
  ok    pr-stuck.sh reads `resume` and never applies it — the reporter reports; the run hands off
  ok    a script that cannot name its repository refuses — exit 2
  ok    …naming `--repo owner/name` as the way to say which — ::error::/tmp/repo-name-GJ0wls/pr-stuck.sh: cannot tell which repository to act on — pass --repo owner/name. The default is this checkout's 
  ok    …and disowning $GITHUB_REPOSITORY by name, so the reason is readable
  ok    …and it never reached the repository the environment named — no gh call at all
  ok    nothing outside a comment reads $GITHUB_REPOSITORY — echo "::error::$0: cannot tell which repository to act on — pass --repo owner/name. The default is this checkout's origin remote and NEVER \$GITHUB_REPOSITORY (T-1655, T-1656); it resolved to '${repo}'."
  ok    …and `--repo` is how a caller names it instead
  ok    with no --repo, the repository is the checkout’s own origin remote — api --paginate repos/kevinrhaas/chicago/pulls?state=open&base=dev&per_page=100 --jq .[] | select(.draft==false)
  ok    …and not one call names the repository the environment named
  ok    …and the script runs on to its own summary — exit 0

all good

[1m== a run that cannot finish hands its PR on, and says why in a line a script can read[0m
pr-rest.sh resume — a run hands off unfinished work, and says why
  ok    the call succeeds — exit 0 hold removed — hold is the owner's switch and no run applies it
resume: #41 handed off · waits on: T-1567
  ok    …and a comment was posted — ensure-label resume
comment {"body":"resume: dev's gate is red on T-1567 · waits on: T-1567\n\nThis pull request is the loop's own unfinished work, and it is NOT parked.\nThe run that opened it could not finish inside its own budget; the branch\ncarries the work. A later run picks it up before it takes new queue work:\nmerge `dev` in, re-derive, fix what is red, gate, merge.\n\nIt waits on **T-1567**. Until that ticket closes this PR cannot go green, so a\nrun that finds it says so and takes the next row rather than re-gating it.\n\n`hold` is the owner's park switch and no run applies it — see\n`chicago/4d/AGENTS.md` § the two labels.\n\n---\n_Generated by [Claude Code](https://claude.ai/code)_\n"}
label repos/kevinrhaas/chicago/issues/41/labels resume
unlabel hold
  ok    …whose FIRST line is the one a script reads — resume: dev's gate is red on T-1567 · waits on: T-1567
  ok    …and pr-stuck.sh’s own reader gets the reason back out of it
  ok    …the `resume` label was applied — ensure-label resume
comment {"body":"resume: dev's gate is red on T-1567 · waits on: T-1567\n\nThis pull request is the loop's own unfinished work, and it is NOT parked.\nThe run that opened it could not finish inside its own budget; the branch\ncarries the work. A later run picks it up before it takes new queue work:\nmerge `dev` in, re-derive, fix what is red, gate, merge.\n\nIt waits on **T-1567**. Until that ticket closes this PR cannot go green, so a\nrun that finds it says so and takes the next row rather than re-gating it.\n\n`hold` is the owner's park switch and no run applies it — see\n`chicago/4d/AGENTS.md` § the two labels.\n\n---\n_Generated by [Claude Code](https://claude.ai/code)_\n"}
label repos/kevinrhaas/chicago/issues/41/labels resume
unlabel hold
  ok    …the label vocabulary was created first, since adding an absent label is a 422 — ensure-label resume
  ok    …and the run is told what it did — hold removed — hold is the owner's switch and no run applies it
resume: #41 handed off · waits on: T-1567
  ok    the reason is posted BEFORE the label is applied — comment@1 label@2
  ok    a handoff with no --waits-on says `nothing`, not an empty field — resume: the run ran out of clock · waits on: nothing
  ok    …and the body does not tell a later run to wait for something
  ok    a handoff that waits on a ticket names it in the body as well
  ok    a handoff with no --why is refused — exit 2
  ok    …and says why the reason is the point
  ok    …and wrote NOTHING — no label without a reason, ever
  ok    a reason carrying newlines and tabs is folded onto one line — resume: the gate went red on stage 8 at 1280 · waits on: nothing
  ok    …so `waits on` is still on the first line where its reader looks
  ok    a --waits-on that is not a ticket id or `nothing` is refused — exit 2
  ok    …naming both forms it accepts
  ok    …and nothing was written
  ok    `hold` is removed, because a run never leaves the owner’s switch on — ensure-label resume
comment {"body":"resume: x · waits on: nothing\n\nThis pull request is the loop's own unfinished work, and it is NOT parked.\nThe run that opened it could not finish inside its own budget; the branch\ncarries the work. A later run picks it up before it takes new queue work:\nmerge `dev` in, re-derive, fix what is red, gate, merge.\n\n`hold` is the owner's park switch and no run applies it — see\n`chicago/4d/AGENTS.md` § the two labels.\n\n---\n_Generated by [Claude Code](https://claude.ai/code)_\n"}
label repos/kevinrhaas/chicago/issues/41/labels resume
unlabel hold
  ok    …and the run is told
  ok    a PR with no `hold` on it is handed off without error — exit 0
  ok    …and the label is still applied — ensure-label resume
comment {"body":"resume: x · waits on: nothing\n\nThis pull request is the loop's own unfinished work, and it is NOT parked.\nThe run that opened it could not finish inside its own budget; the branch\ncarries the work. A later run picks it up before it takes new queue work:\nmerge `dev` in, re-derive, fix what is red, gate, merge.\n\n`hold` is the owner's park switch and no run applies it — see\n`chicago/4d/AGENTS.md` § the two labels.\n\n---\n_Generated by [Claude Code](https://claude.ai/code)_\n"}
label repos/kevinrhaas/chicago/issues/41/labels resume
  ok    …and it does not claim to have removed a label it did not
  ok    no GraphQL-backed `gh` verb is used anywhere in pr-rest.sh — every call is `gh api`
  ok    the usage line documents `resume`
  ok    …and so does the error for an unknown command — /workspace/chicago/.github/steward/pr-rest.sh: unknown command nonsense
usage: /workspace/chicago/.github/steward/pr-rest.sh [--repo owner/name] create|list|view|comment|merge|resume|meter ...
  ok    a handoff run with the WRONG $GITHUB_REPOSITORY still succeeds — exit 0 hold removed — hold is the owner's switch and no run applies it
resume: #41 handed off · waits on: nothing
  ok    …and every call it made named the checkout’s own repository — GET repos/kevinrhaas/chicago/pulls/41 | POST repos/kevinrhaas/chicago/labels | POST repos/kevinrhaas/chicago/issues/41/comments | POST repos/kevinrhaas/chicago/issues/41/labels | DELETE repos/kevinrhaas/chicago/issues/41/labels/hold
  ok    …so the `resume` label went to the chicago PR, not to a stranger’s #41 — ensure-label resume
comment {"body":"resume: x · waits on: nothing\n\nThis pull request is the loop's own unfinished work, and it is NOT parked.\nThe run that opened it could not finish inside its own budget; the branch\ncarries the work. A later run picks it up before it takes new queue work:\nmerge `dev` in, re-derive, fix what is red, gate, merge.\n\n`hold` is the owner's park switch and no run applies it — see\n`chicago/4d/AGENTS.md` § the two labels.\n\n---\n_Generated by [Claude Code](https://claude.ai/code)_\n"}
label repos/kevinrhaas/chicago/issues/41/labels resume
unlabel hold
  ok    …and it asked whether the PULL REQUEST was there before writing anything — GET repos/kevinrhaas/chicago/pulls/41
  ok    an unresolvable repository is refused, never taken from the environment — exit 2
  ok    …and the refusal names --repo and says the environment is not the default — /tmp/prresume-co-Hyg6FX/.github/steward/pr-rest.sh resume: cannot tell which repository to act on — pass --repo owner/name; the default is this checkout's origin remote and NEVER $GITHUB_REPOSITORY (T-1655), and it resolved to ''
  ok    …and it is ONE line, because its reader is a run already in trouble — /tmp/prresume-co-Hyg6FX/.github/steward/pr-rest.sh resume: cannot tell which repository to act on — pass --repo owner/name; the default is this checkout's origin remote and NEVER $GITHUB_REPOSITORY (T-1655), and it resolved to ''
  ok    …and nothing was written, and nothing was even asked —  / 
  ok    a handoff aimed at a repository the PR is not in is refused — exit 2
  ok    …naming the repository and the PR it could not find there — /workspace/chicago/.github/steward/pr-rest.sh resume: kevinrhaas/polecat-platform has no pull request #41 — refusing to write to a repository this PR is not in; name the right one with --repo owner/name (T-1655)
  ok    …and the stranger was left untouched — no comment, no label
  ok    create asks whether the head branch is in that repository — GET repos/kevinrhaas/chicago/branches/steward/t1655-pr-rest-repo | POST repos/kevinrhaas/chicago/pulls
  ok    …and refuses, loudly, when it is not — exit 1
  ok    …saying which repository has no such branch, not just "head invalid" — /workspace/chicago/.github/steward/pr-rest.sh create: kevinrhaas/polecat-platform has no branch 'steward/t1655-pr-rest-repo' — refusing to open a pull request in a repository this branch is not in; name the right one with --repo owner/name (T-1655)
::error::/workspace/chicago/.github/steward/pr-rest.sh create: refused — see above (rate: )
  ok    …and opened nothing — GET repos/kevinrhaas/polecat-platform/branches/steward/t1655-pr-rest-repo | GET 

all passed

[1m== a merged PR naming an unfinished ticket is REPORTED, and nothing else is[0m

  a constructed PR list, no network, ticket.mjs landed
  ok    1. the claimed ticket whose PR merged IS reported, with number and instant — {"id":"T-0429","state":"claimed","pr":597,"merged_at":"2026-09-01T00:40:50Z","pr_title":"T-429: deepen the south water at LaSalle"}
  ok       …and the report prints the close command a run can run —   T-0429  claimed         The claimed ticket whose run died after the merge
  ok    2. a ticket whose PR is still OPEN is not reported
  ok    3. a ticket no PR names is not reported
  ok    4. a `done` ticket is not reported, though a merged PR names it
  ok    5. a `blocked-owner` ticket is not reported, for the same reason
  ok    6. a queue-keeping title is not a claim of authorship (rank / pull-up / file) — T-0429 T-0867 T-0868
  ok    7. an id in the PROSE after the colon is not reported
  ok    8. a paired title names BOTH of its tickets
  ok    9. T-0042 does not fire on `T-429`, and `T-429` still reads as T-0429
  ok       …and the EARLIEST merge is the one reported, not a later follow-up — PR #597
  ok    10. it exits 0 with findings — a report never fails a gate — exit 0
  ok        …and says in its own output why it does not fail
  ok        the exact finding set is the three expected tickets and nothing else — T-0429,T-0867,T-0868

  a PR list that names nothing unfinished
  ok    11. it reports nothing, and exits 0 — MERGED-PR RECONCILIATION — nothing. None of the 10 workable ticket(s) is named by a merged PR.
  ok        …and refuses to call that a clean bill of health — MERGED-PR RECONCILIATION — nothing. None of the 10 workable ticket(s) is named by a merged PR.
That is not a clean bill of health: a PR whose title omits its id is
invisible here, so absence is silence, not proof.
Read from a fixture, not from the API.

  no network and no transport at all — the live path, not the fixture
  ok    12. an unreachable API exits 0 — exit 0
  ok        …and reports NOTHING rather than accusing anything — MERGED-PR RECONCILIATION — no answer from the API (offline, unauthenticated,
or rate-limited). Reporting nothing: an empty answer is not evidence that
every claimed ticket is still unfinished.
  ok        …and says why its silence is not evidence — MERGED-PR RECONCILIATION — no answer from the API (offline, unauthenticated,
or rate-limited). Reporting nothing: an empty answer is not evidence that
every claimed ticket is still unfinished.

ticket landed self-test: all pass

[1m== a claim that outlived the window is work, a merged branch is litter, and a branch under review is neither[0m

  a constructed branch list, no network, ticket.mjs inflight
  ok    1. a branch pushed minutes ago on an open ticket is live
  ok    2. THE FAULT: a 5h branch whose claim still stands is reported in flight — held
  ok       …with its age shown, and named as a claim that outlived a run
  ok       …and the run's own claim marker is in flight beside it
  ok    3. T-0987: a ticket claimed on dev by design, whose lock was released, stays cold — cold
  ok    4. T-0429: the run that died after its merge is cold, not resurrected as work
  ok    5. an old branch on a ticket nobody claimed is cold, as it always was
  ok    6. a done ticket is cold however young the branch, and however stray the lock
  ok    7. `review` is held on the same footing as `claimed`
  ok    8. an unknowable age is live, never cold — a blip may not invent litter
  ok    9. the cold heading no longer calls a held branch finished or litter
  ok    10. the IN FLIGHT count is every live and held branch, and no cold one — IN FLIGHT — 7 branch(es) on unfinished tickets:
  ok    11. a near miss: T-0042's claim lock does not make T-0429 held
  ok    12. it exits 0 and reports; it is a report, not a gate — status 0

  an unreachable remote
  ok    13. an empty branch list says so and accuses nobody — no remote branches readable (no network, or no git) — nothing to report

  the same branches, held against a constructed PR list
  ok    14. THE FAULT: an old branch on an unfinished ticket that no merged PR names — recoverable
  ok       …is printed under RECOVERABLE with the compare URL that opens its PR
  ok    15. T-0429 stays cold: a merged PR names it, so the branch really is litter — cold
  ok    16. a branch whose PR was opened and closed is cold — it was never invisible — cold
  ok    17. a claim marker is a lock, never recoverable work
  ok       …and live and held readings are untouched by any of it
  ok    17b. T-0987, claimed on dev by design: its merged stretches stay litter, both of — one PR naming the ticket accounts for every branch carrying it
  ok    19. THE FAULT: a branch with an OPEN pull request is not "work nobody can see" — open_pr
  ok       …it is printed with its PR number, under a heading of its own
  ok    20. a `hold` label is said out loud: parked for the owner, do not rebuild it
  ok    21. and it is in NEITHER list that would have a run overwrite or delete it — the cold list's standing advice is `git push origin --delete <branch>`
  ok    22. the RECOVERABLE reading still finds the branch that really is invisible — one open PR must not swallow the reading it sits beside
  ok       …and --json carries the PR number for a caller that is not reading prose
  ok       …and it still exits 0 — status 0

  …and with no answer from the PR list
  ok    18. without the PR list nothing is called recoverable — silence is not evidence — the fixture run must reach no network at all
  ok       …and --no-landed says the same, without asking

  resume pull requests, and the lap locks beside them
  ok    24. a resume PR whose lap lock is younger than a run is BEING LAPPED — held
  ok        …and says so on its in-flight line too, where a run reads it
  ok    25. #442's shape: no lock, but a branch pushed minutes ago, is a caution — not free — recent
  ok    26. a dead run's lap does not hold the PR: it is FREE, and the marker named as dead
  ok    27. a PR the owner holds is not offered for lapping at all
  ok    28. a resume PR on a branch that names no ticket is still listed, and free —           FREE. Take it before you merge a line:
  ok    29. a lap marker is never read as a work branch — status 0

  an open pull request whose branch names no ticket
  ok    30. #449's shape: a PR whose TITLE names the ticket is listed under it, open_pr — {"id":"T-0055","state":"open","branch":"claude/project-thread-gfksyy","age_hours":9,"reading":"open_pr","open_pr":449,"by_title":true,"lap":null}
  ok        …and printed in the open-PR section, saying the title is what ties it —  — 1 branch(es) whose work is already up for review:

  T-0055  open            The old branch on a ticket nobody ever claimed
          ↳ claude/project-thread-gfksyy   9h ago   (the branch names no ticket — its PR title does)
          PR #449 is OPEN: https://github.com/kevinrhaas/chicago/pull/449

The branch is older than a run, or names no ticket at all, so every branch reading
here calls it cold or misses it — but the work is visible, somebody put it up, and
deleting the branch would shut the pull request. Read the PR before you touch the ticket.

RECOVERABLE — 6 branch(es) carrying work
  ok    31. a title that names a ticket mid-sentence carries nothing — []
  ok    32. a title naming a FINISHED ticket is not work in flight

  the query the fixtures cannot reach
  ok    23. the PR fetch asks for open pull requests as well as closed ones — the query asks state=all (read from the source, not from a run)

  inflight reads a long claim as work, a merged branch as litter, an unseen branch as recoverable, and a branch under review as neither


[1m== a split keeps its claim, and the queue drops only finished work and regains what a merge lost[0m

  a run claims a ticket and splits it
  ok    1. the claim is taken, and its lock stands on the remote — claim/t-1145
  ok    2. the split succeeds and the parent leaves the queue — status 0
  ok    3. THE FAULT: the lock is STILL HELD after the split — claim/t-1145
  ok    4. …so a second run reading an unmerged `dev` is refused — T-1145 IS ALREADY CLAIMED on the remote — another run holds it.

  a queue carrying work that finished on dev
  ok    5. --dry-run names what would go and writes nothing — queue prune: 2 line(s) WOULD be dropped — T-2001 (done), T-2002 (split)
  ok    6. the finished and split lines go — queue prune: dropped 2 line(s) — T-2001 (done), T-2002 (split)
  ok       …the workable line stays, and so does the band the owner wrote
  ok       …and a second prune is a no-op, never a second opinion

  a queue whose merge took the branch's side and dropped the base's lines
  ok    5. --dry-run reports and writes nothing — queue reconcile: 2 line(s) of base WOULD come back, 0 label(s) WOULD follow their ticket; this branch's own lines and its headers are untouched
  ok    6. THE FAULT: the base's lost lines are back — T-3001 T-3002 T-3003 T-3004 T-3005
  ok    7. …in the base's own order, which is the owner's — T-3001 T-3002 T-3003 T-3004 T-3005
  ok    8. the branch's own lines are not moved — its relative order is untouched — T-3001 T-3002 T-3003 T-3004 T-3005
  ok    9. the band header survives — a reconcile is not a regeneration
  ok    9b. a header THIS BRANCH rewrote is kept, and the base's is not restored over it — # QUEUE — top is next. THE OWNER ORDERS THIS FILE. | # --- 1. A BAND RENAMED BY THIS BRANCH | # Owner ruling this branch is here to make.
  ok    9c. …and the base's missing ticket lines still came back
  ok    10. every line the base had is still there, and nothing is duplicated — T-3001 T-3002 T-3003 T-3004 T-3005
  ok    11. a branch line the base lacks keeps its place, even leading the queue — T-3006 T-3001 T-3002 T-3003
  ok    13. a label whose ticket was retitled follows the ticket, not the stale line — T-3001 — fixture T-3001 RETITLED ON THE TICKET
  ok    14. …and the queue still passes its own check afterwards
  ok    12. an unreadable base is refused loudly, never treated as an empty queue — queue reconcile: cannot read no-such-ref:chicago/4d/tickets/QUEUE.md — fetch the base first, or pass --base <ref>.

  a queue at its ceiling, and a run that wants to file anyway
  ok    15. THE BUDGET: at the ceiling, `new` is refused rather than filed — ticket.mjs new: REFUSED — the queue stands at 141 lines, at or over its ceiling of 140.
  ok    16. …and the refusal names the cheaper thing the queue header already asks for
  ok    17. `--anyway` with no `--why` is refused — the reason is the whole point — `--anyway` was written with no `--why "<reason>"` after it.
  ok    18. …and with a reason it is taken on the filer's word — T-4141 created → tickets/T-4141-filed-over-the-budget.md (placed directly under T-4000, inside its band)
  ok    19. …with the reason WRITTEN INTO the ticket, not just accepted at the prompt — T-4141-filed-over-the-budget.md
  ok    20. …and the reason stays OUT of the ticket's own title — T-4141-filed-over-the-budget.md
  ok    21. two clones minting against one remote get DIFFERENT ids — A=T-1146 B=T-1147
  ok    22. …and each id is reserved on the remote, where the other run can see it — idlock/t-1146,idlock/t-1147
  ok    23. …the reservation happens BEFORE the branch is pushed, which is the whole bug — idlock/t-1146,idlock/t-1147

  a parent that has already been split once
  ok    24. the first split mints its children — T-1146,T-1147,T-1145
  ok    25. THE FIX: splitting it a second time is refused — T-1145 is already split — splitting it again mints a duplicate of every piece.
  ok       …no duplicate piece is minted — 3 ticket files before, 3 after
  ok       …and the refusal names the children that already carry the work — T-1145 is already split — splitting it again mints a duplicate of every piece.
Its children carry the work:
  T-1146  open       first piece
  T-1147  open       second piece
Split one of THOSE if a piece is still more than one run's demonstration.
  ok    26. …while splitting a CHILD still works, which is how a big piece is cut — T-1146 → split into 2; children hold its place in QUEUE
  ok    27. …and a `done` ticket cannot be split at all — T-2100 is done — a finished ticket has no work left to split.

  a freshly minted ticket, whose only remote branch is its own id lock
  ok    28. the mint leaves an id lock on the remote and no work branch at all — T-1146 — idlock/t-1146
  ok    29. THE FIX: claiming it needs no --force, because a lease is not a rival — T-1146 claimed
  ok    30. …and `inflight` does not count the lease as a branch on an unfinished ticket — no lease listed
  ok    31. …while a real `steward/*` branch on the same number still refuses — T-1147 looks like it is already being worked: /   steward/t-1147-somebody-elses-work
  ok       …and the ticket it refuses on carries a lease of its own, so the scan is discriminating and not simply blind — idlock/t-1146,idlock/t-1147

  a parent another run is already working
  ok    32. a split under ANOTHER run's live claim is refused — T-1145 IS ALREADY BEING WORKED, so splitting it now mints pieces nobody holds out of a parent somebody does:
  ok       …it names the run that holds it, and mints nothing — 1 → 1 files
  ok    33. …while a DEAD claim, which `claim` would steal, holds nothing — T-1145 → split into 2; children hold its place in QUEUE

  a parent whose claim marker stands on the remote, seen from a tree that never claimed it
  ok    34. the remote marker refuses too, by name — T-1145 IS ALREADY BEING WORKED, so splitting it now mints pieces nobody holds out of a parent somebody does: /   claim/t-1145 on the remote — taken 1m ago, claim T-1145 — run 10/8/2026, 10:15:48 PM CT

  a parent with an open pull request and no claim at all
  ok    35. an open PR on the parent refuses the split — T-1145 IS ALREADY BEING WORKED, so splitting it now mints pieces nobody holds out of a parent somebody does: /   PR #1469 on steward/t-1145-closing-convergence — T-1145: the redirect leg
  ok       …and a PR on a different number does not count
  ok    36. --anyway alone is refused: it needs --why —   node tools/ticket.mjs split T-1145 "first piece" "second piece" --anyway --why "what you know"
  ok    37. --anyway --why splits, into exactly the two pieces named (the reason is not a title) — T-1146-first-piece.md, T-1147-second-piece.md · T-1145 → split into 2; children hold its place in QUEUE
  ok       …and every piece names the branch and PR already on the parent, and why it was split past — - PR #1469 on steward/t-1145-closing-convergence — T-1145: the redirect leg | Split past that with --anyway: "that run died at its gate"

  a run splitting the ticket it holds itself — the documented remedy
  ok    38. its own claim never refuses — T-1145 → split into 2; children hold its place in QUEUE
  ok       …and the pieces say the run that split it may be working one of them — - claim — taken 1m ago, run 10/8/2026, 10:15:49 PM CT — held by the run that split it

  a split keeps its lock and refuses a parent another run holds, and the queue drops only finished work and regains what a merge lost


[1m== the tickets repo: claim is a pushed lock, done waits on the merge, ask stays in the queue[0m
1. the claim is the lock
  ok    run A claims T-1501
  ok    …and the claim is on the remote at once
  ok    run B, pulling after the push, is refused
  ok    run A claims T-1502
  ok    run B's stale tree still reads T-1502 open
  ok    a stale claim of the same ticket cannot land — the push conflicts and is refused
  ok    …and run A still holds it on the remote
2. a dead claim is stolen
  ok    list --workable prints a dead claim as TAKEABLE, with its age, in its queue place
  ok    …and a fresh claim as claimed, with its age, and not takeable
  ok    …and says a dead claim is workable and claim steals it
  ok    the fresh claim is still protected: claim refuses it
  ok    a dead claim whose work sits in an open PR titled with it is REFUSED, naming the PR (T-2138)
  ok    …and the dead claim is left where it was, not stolen
  ok    a claim from three weeks ago is stolen
3. done is review until the PR merges
  ok    done sets review with the PR
  ok    …and keeps the queue line
  ok    settle: a merged PR makes its ticket done, closed on the merge instant
  ok    settle: …and takes its queue line
  ok    settle: a PR closed unmerged reopens its ticket with a note
4. new tickets: the folder of 250, and a collision renumbered
  ok    new lands in the folder its number belongs to
  ok    B minted on a stale read and was renumbered on push, not landed twice
  ok    …and its queue line was renumbered with it
  ok    …and front matter agrees with the file name
5. ask keeps the ticket in the queue, and the loop steps over it
  ok    ask: decision pending, question and options in the ticket
  ok    ask: the ticket keeps its queue line, with its question directly under it
  ok    list --workable leaves it out and names it as waiting on the owner
  ok    claim refuses a ticket waiting on the owner
  ok    once answered it is claimable, and the claim drops the question line
  ok    tickets.json carries each ticket's path and PR url
5b. sync: a hand edit pushes under its own message, and a dirty clone still pulls
  ok    sync -m names the commit, and does not try to pull over the edit
  ok    check counts an asked decision as waiting on the owner
6. no tickets is a failure, not a pass
  ok    check with no tickets/ at all fails and names the fix

test_ticket_repo_mode: all hold

[1m== every held or resumable pull request reaches the board with its reason, and an unread list says so[0m

  a constructed pull-request list, no network, ticket.mjs board --pr-json
  ok    0. the command succeeded and the board was written
  ok    1. THE FAULT: a held PR is on the board at all, with its number and its label
  ok       …and its reason is the one its body wrote, read verbatim and not composed — "Dev's own gate is red on T-1567 and the red is not mine to fix inside this unit. Lift the hold when T-1567 lands."
  ok       …and its age is on the board, so "how long has this been invisible" is answerable — 30h / 4h
  ok    2. a `resume` PR is on the board too, and is named as work the loop still owes
  ok       …its reason comes from the NEWEST structured comment, not the stale one — "dev's gate is red and this branch inherits it"
  ok       …and the ticket it waits on is carried through, because the run named it
  ok    3. an open PR with neither label is not on the board — the labels are the filter
  ok    4. a park with no reason written anywhere is LISTED and said to have none
  ok    5. a reason that stops on a colon is carried to the end of its thought, and never past the next heading or into a code fence — "`./tools/check.sh` is **red on `dev` itself**, for reasons this branch does not touch. Four steps: the datum re-derivation, the licence sweep, the staleness gate and the JS parse."
  ok    6. a closed pull request is not a parked one however it is labelled
  ok    7. the ticket each PR belongs to is resolved from its title — T-1521 / T-1563
  ok    8. oldest first — the one parked longest has been invisible longest — 40,41,39,43
  ok       …and the section sits ABOVE the queue, where the owner looks first
  ok       …counted in the heading, so the board states how many there are

  an empty list, an unreadable list, and no question asked at all
  ok    9. nothing parked says so POSITIVELY — a bare empty section is what an unread list also looks like
  ok    10. THE SILENCE THAT MATTERS: a list that could not be read is reported as NOT READ, never as "nothing is parked" — false
  ok    11. `board` with no --parked and no fixture asks nothing and claims nothing — publish.sh and the lap stay offline — project,generated_ct,tickets
  ok        …and the tickets it always carried are untouched by all of it

  parked pull requests: every reading holds

[1m== every gated writer is in the derived manifest, or exempted in writing[0m
manifest coverage: OK — 275 gated tool(s), every one measured and counted once.
  182 in the manifest · 44 measured to reproduce and not yet placed
  18 cannot rebuild, each with its number · 31 write nothing
  182 + 44 + 18 + 31 = 275, which is the total above.
  The pending ones are recorded, not hidden, and here they are — 44 gated
  writer(s) that check.sh asserts re-derive and rederive.mjs --run does not rebuild:
    tools/build_lodging_model_1835.py
      not yet — measured to reproduce, but the manifest's order is its own measured pass and this tool reads data/structures/, which several reconstruction stages wr…
    tools/build_trade_table_1839.py
      not yet — measured to reproduce. It writes data/research/directories/fergus_1839_trade_table.json, read by manifest steps tools/build_staffing_model_1835.py an…
    tools/carry_policy_only_division.py
      after seat_known_1835.py --build, which writes the address book this reads, and before rebuild_resident_index.py, which denormalises the block's value into the…
    tools/carry_west_tiers_west.py
      not yet — measured to reproduce. It writes data/streets/1835.json, which many manifest steps read, so a slot for it has to sit ahead of the street-reading laye…
    tools/complete_inwindow_trades.py
      not yet, AND ITS ORDER IS KNOWN, because three red gates on #1560 paid for it (T-1453): RUN IT BEFORE `rederive.mjs --run` AND NEVER AFTER. It reads data/resea…
    tools/cut_north_division_tier.py
      not yet — measured to reproduce, and its inputs are all committed readings rather than anything a later stage writes, so it has no ordering hazard of its own; …
    tools/cut_school_section_tier.py
      not yet — measured to reproduce, and every input it reads is a committed reading rather than anything a later stage writes, so it has no ordering hazard of its…
    tools/execute_roof_redeal.py
      not yet — measured to reproduce, but it reads the redeal ledger, which tools/redeal_anonymous_roofs.py writes and which is itself `pending` for the same reason…
    tools/generate_alley_lanes.py
      not yet placed: it reads data/traces/vectors/thompson_lots.json, data/sidecars/1835/ and data/streets/1835.json and nothing reads its output, so its slot is af…
    tools/generate_entrances.py
      not yet placed: it reads data/sidecars/1835/ and data/streets/1835.json, and tools/generate_yard_goods.py reads its output (wagon stands on the trodden ground …
    tools/generate_woodpiles.py
      not yet ordered (T-1959): it reads data/enclosures/town_dooryard_pickets.json, data/flora/plantings/*.json and data/yard/*.json, so its slot is after generate_…
    tools/household_associations.py
      not yet, for person_associations.py's reason: it writes INTO data/residents/households/*.json, whose lives_at/works_at several reconstruction stages own (recon…
    tools/measure_block_redeal_remedies.py
      not yet — measured to reproduce, but it reads the roof redeal ledger, the platted-block recipe and the placement policy, and the first two are written by stage…
    tools/measure_roof_id_migration.py
      not yet — measured to reproduce, and it is a pure reader: every input it touches is a committed file some other stage owns, so it has no ordering hazard of its…
    tools/model_refamily_rule.py
      not yet — measured to reproduce, and the ordering is the thing to settle. This tool reads the order book, and build_order_book_1835.py then reads the rung ids …
    tools/name_the_keepers_1835.py
      not yet — measured to reproduce, but it stands between two passes already in the order: it reads the platted deal and the household cards, and the roofs that c…
    tools/person_associations.py
      not yet — measured to reproduce. T-1405 per its header: `--write` puts association rows ONTO the person records as well as into data/research/residents/person_…
    tools/place_camp_grounds_1835.py
      not yet — measured to reproduce. T-1804: it writes structure records, so it precedes compile_scene.py, and it reads every other footprint, so it follows whiche…
    tools/place_landing_camps_1835.py
      not yet — measured to reproduce. T-1803: it writes structure records, so it precedes compile_scene.py, and it reads every other footprint, so it follows whiche…
    tools/placement_policy_1835.py
      not yet — measured to reproduce. It writes data/reconstruction/1835_placement_policy.json, which the reconstruction stages that raise roofs read, so it sits ah…
    tools/read_south_bank_swell_1834.py
      not yet — measured to reproduce. Its inputs are the two 1834 rasters, which no stage writes, and the committed e1834_harbor_cut waterline, which tools/trace_ri…
    tools/readmit_borderline_roster.py
      not yet — it reads the borderline roster and is read by everything that COUNTS people, so its slot is a measured pass rather than an append (T-1302's note abov…
    tools/reconstruct_businesses_1835.py
      not yet — measured to reproduce. Its header states that the quota lives in the reconstruction order book and nothing about it lives in the tool, so any ticket …
    tools/reconstruct_church_register.py
      not yet — measured to reproduce. Stage `underdocumented`, sub-stage `church_register` (T-1504, of T-1177). It is the THIRD writer of data/residents/underdocume…
    tools/reconstruct_free_black.py
      not yet — measured to reproduce. Stage `underdocumented`, sub-stage `free_black` (T-1377, of T-1177). Its header records that it SHARES data/residents/underdoc…
    tools/reconstruct_institutional_households.py
      Waiting on nothing but its own slot being proved stable. It IS in the resident layer's rebuild order as `stage_institutional_households`, after `transients` an…
    tools/reconstruct_transients_1835.py
      not yet — measured to reproduce. Stage `transients` (T-1353): it draws against the lodging model and writes data/reconstruction/1835_transient_cohort.json, and…
    tools/reconstruct_underdocumented.py
      not yet — measured to reproduce. Stage `underdocumented`, sub-stage `native_and_metis` (T-1376, of T-1177), sharing data/residents/underdocumented/ with tools/…
    tools/record_lot_seating.py
      not yet — measured to reproduce, but it reads the lot layers and every committed footprint and must run before compile_scene.py carries the seat onto the card,…
    tools/redeal_anonymous_roofs.py
      not yet — measured to reproduce, but it reads the structure layer, the order book and the placement policy, all of which earlier reconstruction stages write, s…
    tools/refamily_moves_1835.py
      not yet — measured to reproduce, and it wants the same second-pass ordering model_refamily_rule.py does. This tool reads the residents layer's cards and writes…
    tools/report_refamily_programme.py
      not yet — measured to reproduce, and its slot is the one model_refamily_rule.py is waiting on. This tool reads BOTH the order book and the rule, so it can only…
    tools/reprogramme_roofs_1835.py
      not yet — measured to reproduce, but this tool reads the order book and the lodging model, both of which later reconstruction stages write, so its place in the…
    tools/seat_lodgers_1835.py
      not yet — measured to reproduce, but the manifest's order is its own measured pass and this tool reads data/structures/ through the lodging model AND data/resi…
    tools/seat_reconstructed_trades_1835.py
      not yet — measured to reproduce. T-1433, piece 2 of 3 of T-1189: it writes persons[].employment for the residents this project reconstructed, so it follows eve…
    tools/spend_appearance_bounds.py
      NOT PLACED. It reproduces, so it is pending rather than not_derivable, and it is counted out loud on every run instead of sitting silently outside the layer — …
    tools/spend_departure_rulings.py
      not yet — measured to reproduce, but the manifest's order is its own measured pass and this tool reads the resident cards and data/research/residents/spend_rul…
    tools/spend_enrichment_arrivals.py
      not yet — measured to reproduce. T-1330: `--write` spends thirty corroborated_enrichment units ONTO the cards they name, so it follows the pass that writes tho…
    tools/spend_land_sale_bounds.py
      T-1332 landed after T-1302 batch 2 placed its layer; placement in the manifest dependency order is that pass's to make, not this one's
    tools/spend_press_bounds.py
      NOT PLACED. It reproduces, so it is pending rather than not_derivable, and it is counted out loud on every run instead of sitting silently outside the layer — …
    tools/staff_businesses_1835.py
      not yet — measured to reproduce. T-1432, piece 1 of 3 of T-1189: it writes persons[].workplaces across the household records for the rows the business layer na…
    tools/staff_the_houses_1835.py
      not yet — measured to reproduce. T-1462, piece 2 of 2 of T-1449. Its header states the ordering constraint itself: data/businesses/*.json is DERIVED and the co…
    tools/staffing_mint_order_1835.py
      not yet — measured to reproduce. T-1448, of T-1434, of T-1189: it mints nobody and only sets the staffing model beside the reconstruction order book and counts…
    tools/web_textures.py
      not yet — it reads only the committed PNG masters under assets/textures/chicago_1835_pbr/, which no manifest step writes (the library's generator is not in the…
  Ordering is its own measured pass: on #1452 three reconstruction stages
  OSCILLATED until they sat in the right slot, so these cannot be appended to
  the manifest blind (T-1302 batch 2). Measure what `_must_reproduce` asks —
  run the build on a clean tree, require that git reports nothing moved — then
  place ONE, with its slot argued in the step's own `why`.

[1m== no gate step writes the live tree, and every one of them has been measured[0m

[1m== …and it refuses an unmeasured step as well as a mutating one[0m [2m(self-test: the assertions below are meant to fire)[0m
   self-test |    ok    a measured step that writes nothing passes
   self-test |    ok    a tool that wrote in-tree is refused
   self-test |    ok    a gate step with no row is refused — an empty file must not read as proof
   self-test |    ok    a missing measurement file is refused
   self-test |    ok    a row with no measured list is refused
   self-test |    ok    a step naming no python or node tool is not a hole
   self-test |    ok    a row for a tool no longer gated is not a failure — it is stale, not wrong
   self-test |    ok    a NEW self-test added without a measurement is refused, which is the point of this gate
   self-test |    ok    a write git classified as ignored (a build product) passes
   self-test |    ok    a write to a TRACKED path under site/ is refused, where the old `site/` prefix excused it
   self-test |    ok    a row that was never classified is refused, not read as clean
   self-test |    ok    a schema-1 measurement, from before classification, is refused — re-measure, not reinterpret
   self-test |    ok    an `exempt` list, even with a reason, is refused — the hand-kept list does not grow back
   self-test |    ok    an empty `exempt` map is not a list
   self-test |    ok    the finding names the invocation that wrote, not just the tool
   self-test |   self-test: every assertion fires when broken

[1m== …and the measurement's own readers still parse what check.sh declares[0m [2m(self-test: the assertions below are meant to fire)[0m
   self-test |    ok    a continuation line is joined onto its declaration
   self-test |    ok    a selftest is told from a step
   self-test |    ok    a single-line declaration calling a shell function is read
   self-test |    ok    an escaped quote inside the label does not end the label
   self-test |    ok    a commented-out declaration is not a step
   self-test |    ok    two declarations are two steps
   self-test |    ok    the tool is taken out of a python command
   self-test |    ok    the tool is taken out of a node command
   self-test |    ok    a shell function names no tool
   self-test |    ok    a bash step names no python or node tool
   self-test |    ok    a tool wrapped in sh -c is still found
   self-test |    ok    --tool picks up both the step and the self-test of its tool
   self-test |    ok    and the self-test among them — the half that breaks things on purpose
   self-test |    ok    and does not sweep in another tool's commands
   self-test |    ok    a tool no gate step runs selects nothing, so --tool refuses rather than minting an empty row
   self-test |    ok    a write to the gitignored mirror is a build product
   self-test |    ok    and so are BOARD.md and tickets.json — the two other retired exemptions, asked rather than listed
   self-test |    ok    a TRACKED file under site/ is a tree mutation — the old `site/` prefix would have excused it
   self-test |    ok    a tracked tool is a tree mutation
   self-test |    ok    a path written twice is one row entry, not two
   self-test |    ok    no writes asks git nothing
   self-test |   self-test: every assertion fires

[1m== a queue line blocked on a finished ticket is refused, and a closed one's is not[0m

[1m== a queue line blocked on a ticket that has finished[0m
  ok    the check FAILS
  ok    it names the ticket that is wrong
  ok    it names the blocker AND that the blocker is done
  ok    it carries the blocker's PR, which is the receipt — - T-0002-fixture.md: in the queue, blocked_on T-0001, which is done (PR #1257) — the dependency is SATISFIED, so clear the field. A stale one reads as a live block to anything choosing work.
  ok    it says the dependency is satisfied rather than merely old
  ok    a DONE ticket's stale blocked_on is history, and passes
  ok    …and it is not merely unmentioned in a failing run: nothing fires at all — ticket queue OK — 3 tickets, 1 in the queue, 0 waiting on the owner
  ok    a queue line blocked on an OPEN ticket passes — that is the field doing its job
  ok    a blocked_on holding a QUESTION rather than an id is untouched

[32mstale-block guard OK — it fires on a live queue line and stays quiet elsewhere[0m

[1m== band 8b: block writes a blocked ticket's line once, unblock takes it out, a twice is refused[0m

[1m== band 8b is written by the tool, once[0m
  ok    `block` runs
  ok    the ticket leaves the workable queue
  ok    …and is named in band 8b, as BLOCKED-TECH — # BLOCKED-TECH T-0002 (opened 2026-09-01, META) — Waits on a source nobody has committed
  ok    the line sits INSIDE band 8b, above band 9 — # / # prose about the band / # BLOCKED-TECH T-0002 (opened 2026-09-01, META) — Waits on a source nobody has committed / #     waits: a committed source for the complement / #
  ok    its `blocked_on` travels with it as the `waits:` line
  ok    `check` is green on what `block` wrote
  ok    blocking again leaves ONE line for the ticket — # BLOCKED-OWNER T-0002 (opened 2026-09-01, META) — Waits on a source nobody has committed
  ok    …and it is the new kind, with the new reason
  ok    a long title is cut with an ellipsis on one line — 170 chars
  ok    `check` is green with two tickets in the band
  ok    `unblock` takes the 8b line out
  ok    …and puts the ticket back in the workable queue
  ok    `withdraw` takes the 8b line out
  ok    `check` is green after both
  ok    …and the band heading and band 9 survive the round trip
  ok    with no band 8b, `block` writes the heading and the line under it — # BLOCKED-TECH T-0002 (opened 2026-09-01, META) — Waits on a source nobody has committed / #     waits: a source / 
  ok    `check` is green on it
  ok    the check FAILS on a band line standing twice
  ok    …naming the ticket and saying twice — - QUEUE.md band 8b lists T-0002 twice — keep one line; `ticket.mjs block` writes it, and re-blocking replaces it

[32mband 8b OK — block writes its line once, unblock and withdraw take it out, check refuses a twice[0m

[1m== …and a duplicate id renumbers the branch's side, carrying only its own references[0m [2m(self-test: the assertions below are meant to fire)[0m
   self-test | 
   self-test |   --check reports without writing
   self-test |   ok    exits non-zero while a collision stands — exit 1
   self-test |   ok    names the side that stays and why — ticket ids: T-0001 is carried by 2 files — T-0001-base-ticket.md stays (T-0001-base-ticket.md is on base-ref), T-0001-branch-ticket.md would move
   self-test | 
   self-test | Run `node tools/resolve_id_collisions.mjs` to renumber the side this branch added and carry its references with it.
   self-test |   ok    and wrote nothing
   self-test | 
   self-test |   the repair
   self-test |   ok    the BRANCH ticket is the one renumbered, to a free id — ticket ids: T-0001 — T-0001-base-ticket.md stays (T-0001-base-ticket.md is on base-ref)
   self-test |   T-0001-branch-ticket.md
   self-test |     → T-0010, queue place kept
   self-test |     2 reference line(s) carried with it: chicago/4d/tools/added.md (1), chicago/4d/tools/notes.md (1)
   self-test |     1 line(s) left at T-0001 — they were written before this ticket existed, so they mean the one that stays
   self-test |     T-0001-base-ticket.md's queue line was eaten by the merge — restored under T-0009, the ticket it followed on base-ref
   self-test |   ok    the base ticket keeps its id and its file name
   self-test |   ok    the branch ticket file is renamed to its new id
   self-test |   ok    the reference the BRANCH wrote follows it — The base wrote this line about T-0001 and it must not move.
   self-test | The branch wrote this line about T-0010 and it must follow.
   self-test |   ok    …and the reference the BASE wrote is untouched — The base wrote this line about T-0001 and it must not move.
   self-test | The branch wrote this line about T-0010 and it must follow.
   self-test |   ok    a file the base does not have is treated as all the branch's
   self-test |   ok    a SIBLING branch's reference stays at the old id — it predates the moving ticket — A sibling branch cites T-0001 meaning the base ticket, and it must NOT move.
   self-test |   ok    …and the run SAYS it left it, so a declined rewrite is never silent — ticket ids: T-0001 — T-0001-base-ticket.md stays (T-0001-base-ticket.md is on base-ref)
   self-test |   T-0001-branch-ticket.md
   self-test |     → T-0010, queue place kept
   self-test |     2 reference line(s) carried with it: chicago/4d/tools/added.md (1), chicago/4d/tools/notes.md (1)
   self-test |     1 line(s) left at T-0001 — they were written before this ticket existed, so they mean the one that stays
   self-test |     T-0001-base-ticket.md's queue line was eaten by the merge — restored under T-0009, the ticket it followed on base-ref
   self-test |   ok    the branch's line is renumbered where it already stood — # QUEUE — top is next.
   self-test | 
   self-test | T-0009 — The anchor above it
   self-test | T-0001 — The base ticket
   self-test | T-0010 — The branch ticket
   self-test | T-0008 — A ticket ranked below
   self-test |   ok    the survivor's line, eaten by the merge, is restored UNDER ITS BASE ANCHOR and not appended to the bottom — # QUEUE — top is next.
   self-test | 
   self-test | T-0009 — The anchor above it
   self-test | T-0001 — The base ticket
   self-test | T-0010 — The branch ticket
   self-test | T-0008 — A ticket ranked below
   self-test |   ok    and the run says the merge ate it, rather than restoring it silently — ticket ids: T-0001 — T-0001-base-ticket.md stays (T-0001-base-ticket.md is on base-ref)
   self-test |   T-0001-branch-ticket.md
   self-test |     → T-0010, queue place kept
   self-test |     2 reference line(s) carried with it: chicago/4d/tools/added.md (1), chicago/4d/tools/notes.md (1)
   self-test |     1 line(s) left at T-0001 — they were written before this ticket existed, so they mean the one that stays
   self-test |     T-0001-base-ticket.md's queue line was eaten by the merge — restored under T-0009, the ticket it followed on base-ref
   self-test | 
   self-test |   it is idempotent, and says so
   self-test |   ok    a second run finds nothing to do — ticket ids: no collision — 4 tickets, every id unique
   self-test | 
   self-test |   the moving ticket was closed in the same branch that filed it
   self-test |   ok    a ticket that is `done` gets NO queue line, whatever restamp did with one — T-0011 in queue: false
   self-test |   ok    …and the open survivor keeps its line rather than losing it to the closed one — # QUEUE — top is next.
   self-test | 
   self-test | T-0009 — The anchor above it
   self-test | T-0001 — The base ticket
   self-test | T-0010 — The branch ticket
   self-test | T-0008 — A ticket ranked below
   self-test | T-0005 — The open one on the base
   self-test |   ok    …and the run says the line was removed, rather than removing it silently — ticket ids: T-0005 — T-0005-base-open.md stays (T-0005-base-open.md is on base-ref)
   self-test |   T-0005-branch-done.md
   self-test |     → T-0011
   self-test |     no queue line — it is done, not workable, so the line restamp gave it was removed
   self-test |     0 reference line(s) carried with it
   self-test |     T-0005-base-open.md's queue line was eaten by the merge — restored under T-0008, the ticket it followed on base-ref
   self-test | 
   self-test |   it refuses rather than guess
   self-test |   ok    both sides already on the base is a REFUSAL, not a coin toss — ticket ids: T-0003 REFUSED — every file carrying T-0003 is already on base-ref — the base itself is broken, and repairing that quietly is not this tool's call
   self-test |   ok    and it renumbered neither of them
   self-test | 
   self-test |   where the tickets live in their own repository
   self-test |   ok    no tickets/ at all (the lap's checkout) exits 0 and says why (repair) — ticket ids: not applicable — this checkout has no tickets/ directory. Ids are allocated on the tickets repository's main by ticket.mjs, which renumbers a collision as it pushes; a code branch carries no ticket file, so there is nothing here to renumber.
   self-test |   ok    no tickets/ at all (the lap's checkout) exits 0 and says why --check — ticket ids: not applicable — this checkout has no tickets/ directory. Ids are allocated on the tickets repository's main by ticket.mjs, which renumbers a collision as it pushes; a code branch carries no ticket file, so there is nothing here to renumber.
   self-test |   ok    tickets/ as a repository of its own exits 0 and says so (repair) — ticket ids: not applicable — tickets/ is a repository of its own (kevinrhaas/chicago-tickets). Ids are allocated on the tickets repository's main by ticket.mjs, which renumbers a collision as it pushes; a code branch carries no ticket file, so there is nothing here to renumber.
   self-test |   ok    tickets/ as a repository of its own exits 0 and says so --check — ticket ids: not applicable — tickets/ is a repository of its own (kevinrhaas/chicago-tickets). Ids are allocated on the tickets repository's main by ticket.mjs, which renumbers a collision as it pushes; a code branch carries no ticket file, so there is nothing here to renumber.
   self-test | 
   self-test | id-collision self-test: all pass

[1m== no two tickets in this tree carry the same id[0m
ticket ids: not applicable — tickets/ is a repository of its own (kevinrhaas/chicago-tickets). Ids are allocated on the tickets repository's main by ticket.mjs, which renumbers a collision as it pushes; a code branch carries no ticket file, so there is nothing here to renumber.

[1m== the derived-layer manifest names real files, one owner each, none hand-authored, and its second pass is a real lag[0m
derived manifest OK — 185 step(s), 396 resolvable file(s), none hand-authored; second pass of 7 step(s), then the tail from tools/compile_scene.py until it settles

[1m== …and its own assertions fire when the manifest is made unsafe[0m [2m(self-test: the assertions below are meant to fire)[0m
   self-test | 
   self-test |   the manifest that ships
   self-test | derived manifest OK — 185 step(s), 396 resolvable file(s), none hand-authored; second pass of 7 step(s), then the tail from tools/compile_scene.py until it settles
   self-test |   ok    is well-formed, and check() passes it
   self-test |   ok    every step rebuilds at least one thing or says it rebuilds nothing
   self-test | these conflicts are NOT the manifest's to clear:
   self-test |   - chicago/4d/data/research/land_sales/resident_rulings.json (declares hand_authored)
   self-test | 
   self-test | They want the run that owns the ticket. Add a file here only when a tool
   self-test | rewrites it from its inputs and check.sh asserts that it does.
   self-test |   ok    the hand-authored file is NOT resolvable
   self-test | these conflicts are NOT the manifest's to clear:
   self-test |   - chicago/4d/data/residents/households/hh_taylor_c.json (not in tools/derived_manifest.json)
   self-test | 
   self-test | They want the run that owns the ticket. Add a file here only when a tool
   self-test | rewrites it from its inputs and check.sh asserts that it does.
   self-test |   ok    a file that is its own input is NOT resolvable
   self-test |   ok    no household card is listed — a card is its own writers' input (T-1282)
   self-test | all 1 conflicting file(s) are rebuilt from source by the manifest
   self-test |   ok    a file the manifest owns IS resolvable
   self-test | these conflicts are NOT the manifest's to clear:
   self-test |   - chicago/4d/data/residents/households/hh_taylor_c.json (not in tools/derived_manifest.json)
   self-test | 
   self-test | They want the run that owns the ticket. Add a file here only when a tool
   self-test | rewrites it from its inputs and check.sh asserts that it does.
   self-test |   ok    a MIXED set is refused as a whole — half a merge is not a merge
   self-test |   ok    mint_civic_residents resolves nothing, because its outputs are resident cards
   self-test |   ok    the spends come after the crosswalks they read
   self-test |   ok    mint comes after consolidate, which moves the inputs it reads (PR #1055)
   self-test |   ok    both readers of the location reconciliation declare it and sit below it (T-2080)
   self-test | 
   self-test |   the second pass that closes the cycle (T-1363)
   self-test |   ok    the shipped manifest declares one — 7 step(s)
   self-test |   ok    every entry re-runs a command the sequence already runs — no new tool sneaks in
   self-test |   ok    the model leads it, lagging on the scene and the census rebuilt below it (T-1602)
   self-test |   ok    and the arrival stage, which draws from the model, follows it
   self-test |   ok    every file an entry lags on IS rebuilt by a later step — the lag is real, not cargo
   self-test |   ok    every entry says why it is re-run
   self-test | 
   self-test |   and after the pass, the tail that reads what it moved, until it settles (T-1602)
   self-test |   ok    the shipped manifest declares it, from compile_scene.py — the lap's own late step
   self-test |   ok    it may take more than one lap, because the scene and its generators read each other — max_laps 3
   self-test | 
   self-test |   a late re-run is that step and everything below it (T-1661)
   self-test |   ok    the step a caller re-runs late is found, and it is not the last one — step 137 of 185
   self-test |   ok    the scene tail rebuilds jaunts before source-use consumes their claims (T-1253)
   self-test | --tail tools/no_such.py: no step of the manifest runs that
   self-test |   ok    a name no step runs is refused, not silently skipped
   self-test | --tail tools/generate_: 23 steps run that — name one
   self-test |     [121] python3 tools/generate_canal_approach_trade.py
   self-test |     [140] python3 tools/generate_block_infill.py
   self-test |     [141] python3 tools/generate_business_signboards.py
   self-test |     [142] python3 tools/generate_dooryard_pickets.py
   self-test |     [144] python3 tools/generate_dooryard_plantings.py
   self-test |     [145] python3 tools/generate_fort_apron.py
   self-test |     [146] python3 tools/generate_fort_trees.py
   self-test |     [147] python3 tools/generate_frontage_works.py
   self-test |     [148] python3 tools/generate_inferred_infill.py
   self-test |     [149] python3 tools/generate_lot_building_material.py
   self-test |     [150] python3 tools/generate_lot_line_fences.py
   self-test |     [151] python3 tools/generate_north_infill.py
   self-test |     [152] python3 tools/generate_planted_rows.py
   self-test |     [153] python3 tools/generate_plat_lots.py
   self-test |     [156] python3 tools/generate_river_wharves.py
   self-test |     [157] python3 tools/generate_school_section_grid.py
   self-test |     [158] python3 tools/generate_west_infill.py
   self-test |     [159] python3 tools/generate_west_freight.py
   self-test |     [160] python3 tools/generate_north_freight.py
   self-test |     [161] python3 tools/generate_yard_goods.py
   self-test |     [162] python3 tools/generate_trade_yards.py
   self-test |     [163] python3 tools/generate_yard_outbuildings.py
   self-test |     [164] python3 tools/generate_kept_ground.py
   self-test |   ok    a name MANY steps run is refused — the tail has one start
   self-test | --tail needs the step to start from, e.g. --tail tools/compile_scene.py
   self-test |   ok    no argument at all is refused
   self-test |   ok    the second pass sits ABOVE the tail, so the tail must not re-run it
   self-test | 
   self-test |   check() refuses a manifest that would be unsafe
   self-test | derived manifest FAILED:
   self-test |   - step 1 (python3 tools/no_such_tool.py): tools/no_such_tool.py does not exist
   self-test |   ok    a step naming a script that does not exist
   self-test | derived manifest FAILED:
   self-test |   - step 2 (python3 tools/town_census.py): chicago/4d/data/town_census.json is also resolved by step 1 (python3 tools/compile_scene.py) — one owner per file
   self-test |   ok    the SAME file resolved by two steps — one owner per file
   self-test | derived manifest FAILED:
   self-test |   - step 1 (python3 tools/read_land_sales.py --build): chicago/4d/data/research/land_sales/resident_rulings.json declares hand_authored — a judgement is not a derivation and a tool may not rewrite it. Remove it from the manifest.
   self-test |   ok    a hand-authored file listed as resolvable
   self-test | derived manifest FAILED:
   self-test |   - step 1 (python3 tools/compile_scene.py): chicago/4d/data/nope.json is listed but does not exist in the tree
   self-test |   ok    a listed path that is not in the tree
   self-test | derived manifest FAILED:
   self-test |   - step 1 (python3 tools/location_spend.py --build): reads chicago/4d/data/research/location_reconciliation.json.gz, which step 2 (python3 tools/location_reconciliation.py --build) rebuilds BELOW it. On a merged tree this step reads the pre-merge file — T-2080 measured location_spend.py refusing a business whose seat had moved, and report_convergence_coverage.py writing a stale join without a word. Move the writer above step 1; if they read each other, it is a cycle and belongs in second_pass with reads_rebuilt.
   self-test |   ok    a reader ABOVE the step that rebuilds what it reads — the order before T-2080
   self-test | derived manifest OK — 2 step(s), 1 resolvable file(s), none hand-authored; second pass of 0 step(s)
   self-test |   ok    the same reader BELOW it is accepted
   self-test | derived manifest FAILED:
   self-test |   - step 2 (python3 tools/location_spend.py --build): declares it reads chicago/4d/data/town_census.json, which no step rebuilds — there is no edge to hold. Declare only files the sequence itself rewrites.
   self-test |   - step 2 (python3 tools/location_spend.py --build): declares it reads chicago/4d/data/town_census.json, and tools/location_spend.py never names town_census.json. A read the tool does not make is an edge that holds nothing.
   self-test |   ok    a declared read of a file no step rebuilds — no edge to hold
   self-test | derived manifest FAILED:
   self-test |   - step 2 (python3 tools/compile_scene.py): declares it reads chicago/4d/data/research/location_reconciliation.json.gz, and tools/compile_scene.py never names location_reconciliation.json.gz. A read the tool does not make is an edge that holds nothing.
   self-test |   ok    a declared read the tool's own source never names — cargo
   self-test | derived manifest FAILED:
   self-test |   - step 2 (python3 tools/location_spend.py --build): reads must be a non-empty array of paths
   self-test |   ok    an empty reads list
   self-test | derived manifest OK — 2 step(s), 1 resolvable file(s), none hand-authored; second pass of 1 step(s)
   self-test |   ok    a well-formed pass is accepted
   self-test | derived manifest FAILED:
   self-test |   - second_pass 1 (python3 tools/no_such_tool.py): names no step in the sequence. The second pass may only re-run the sequence's own commands — a command listed only here is a derivation nothing gated, proved, or wrote down as part of the layer.
   self-test |   - second_pass 1 (python3 tools/no_such_tool.py): is the first entry and states no reads_rebuilt. The pass exists because something reads a file the sequence rebuilds after it; an entry that follows no such reader is repairing nothing. Lead with the lagging reader.
   self-test |   ok    an entry naming no step in the sequence — an ungated, unproved derivation
   self-test | derived manifest FAILED:
   self-test |   - second_pass 1 (python3 tools/compile_scene.py): needs a why. A step re-run for an unstated reason is one nobody can ever remove.
   self-test |   ok    an entry with no why — a re-run nobody can ever remove
   self-test | derived manifest FAILED:
   self-test |   - second_pass 2 (python3 tools/compile_scene.py): is listed twice — a pass, not a loop
   self-test |   ok    the same entry twice — a pass, not a loop
   self-test | derived manifest FAILED:
   self-test |   - second_pass 1 (python3 tools/compile_scene.py): claims to read chicago/4d/data/town_census.json, which no step rebuilds — so there is no lag here and nothing to re-run for. Name the file the sequence actually rewrites under it.
   self-test |   ok    a claimed lag on a file NO step rebuilds
   self-test | derived manifest FAILED:
   self-test |   - second_pass 1 (python3 tools/model_town_1835.py --build): claims to lag on chicago/4d/data/reconstruction/1835_town_model.json, which it rebuilds itself at step 2. A step cannot be behind its own output.
   self-test |   ok    a claimed lag on a file rebuilt BEFORE the entry runs — the sequence settles it
   self-test | derived manifest FAILED:
   self-test |   - second_pass 1 (python3 tools/compile_scene.py): is the first entry and states no reads_rebuilt. The pass exists because something reads a file the sequence rebuilds after it; an entry that follows no such reader is repairing nothing. Lead with the lagging reader.
   self-test |   ok    a repair with no lagging reader above it — it is repairing nothing
   self-test | derived manifest OK — 3 step(s), 1 resolvable file(s), none hand-authored; second pass of 1 step(s), then the tail from tools/town_census.py until it settles
   self-test |   ok    a settled tail below the pass is accepted
   self-test | derived manifest FAILED:
   self-test |   - after_the_pass: tail_from (step 1) is at or above second-pass step(s) 1. The tail would re-run the cycle the pass just closed; start it below the pass.
   self-test |   - after_the_pass.between: lists python3 tools/model_town_1835.py --build, which does not sit between the pass and the tail. The answer is a reading of the steps actually there; take it off.
   self-test |   ok    a settled tail starting AT a pass step — it would re-open the cycle
   self-test | derived manifest FAILED:
   self-test |   - after_the_pass: tail_from must name exactly one step of the sequence; "tools/no_such.py" matches 0
   self-test |   ok    a settled tail naming no step
   self-test | derived manifest FAILED:
   self-test |   - after_the_pass: max_laps must be an integer from 2 to 5 — one lap cannot show that the tree has stopped moving, and more than five is a loop that is not settling
   self-test |   ok    a settled tail of one lap — one lap cannot show the tree stopped moving
   self-test | derived manifest FAILED:
   self-test |   - after_the_pass: needs a why
   self-test |   ok    a settled tail with no why
   self-test | 
   self-test |   and the steps between the pass and the tail are a measured answer, held (T-2082)
   self-test |   ok    the shipped answer lists steps, and says when and how it was taken — 46 step(s)
   self-test |   ok    seat_trade_roofs_1835.py, measured to move with the deals, is in the pass and not the answer
   self-test | derived manifest FAILED:
   self-test |   - after_the_pass.between: steps 2 sit between the second pass and the tail, where nothing re-runs them after the pass moves the population, and no measured answer says they are safe there. Perturb what the pass writes, --check each of them, and record what you found here.
   self-test |   ok    a window with no answer at all — the hole T-1671 found
   self-test | derived manifest FAILED:
   self-test |   - after_the_pass.between: step 2 (python3 tools/model_town_1835.py --build) sits between the pass and the tail and was never measured there. If it reads what the pass moves, a --run ends with it stale and nothing says so. Measure it the way `how` says and list it, or, if it moves, put it in second_pass or below tail_from.
   self-test |   ok    a step INSERTED into the window that nobody measured
   self-test | derived manifest FAILED:
   self-test |   - after_the_pass.between: lists python3 tools/town_census.py, which does not sit between the pass and the tail. The answer is a reading of the steps actually there; take it off.
   self-test |   ok    a listed step that is not between the pass and the tail
   self-test | derived manifest FAILED:
   self-test |   - after_the_pass.between: lists python3 tools/model_town_1835.py --build twice
   self-test |   ok    a step listed twice
   self-test | derived manifest FAILED:
   self-test |   - after_the_pass.between: measured must be the date the answer was taken (YYYY-MM-DD)
   self-test |   ok    an answer with no date
   self-test | derived manifest FAILED:
   self-test |   - after_the_pass.between: needs how: the perturbation that took the answer, so the next step inserted here can be measured the same way
   self-test |   ok    an answer that does not say how it was taken
   self-test | derived manifest OK — 3 step(s), 2 resolvable file(s), none hand-authored; second pass of 1 step(s), then the tail from tools/compile_scene.py until it settles
   self-test |   ok    a step declaring it reads what the pass rewrites, with its measured why, is accepted
   self-test | derived manifest FAILED:
   self-test |   - after_the_pass.between: step 2 (python3 tools/town_census.py) declares it reads chicago/4d/data/reconstruction/1835_town_model.json (rewritten by pass step 1). Say in declared_readers why that rewrite does not move it, measured, or put it in the pass.
   self-test |   ok    the same declared read with no why — the edge most likely to move
   self-test | derived manifest FAILED:
   self-test |   - after_the_pass.between: declared_readers names python3 tools/compile_scene.py, which declares no read of a file the pass rewrites, or is not between the pass and the tail. A why for an edge that is not there is cargo.
   self-test |   ok    a why for a read the step does not declare is cargo
   self-test | 
   self-test |   and a merge in a clone resolves the way the lap does (--resolve)
   self-test |   ok    #137's three source backlinks are all the manifest's to clear — []
   self-test |   ok    and they cost a tail from compile_source_use, not the whole sequence — first 138, full false
   self-test |   ok    an authored input still unmerged refuses the set — the rebuild would read its markers
   self-test |   ok    a listed file whose ours declares hand_authored is refused
   self-test |   ok    a conflict above the second pass takes the whole --run — a tail cannot settle the cycle
   self-test | 
   self-test |   and no caller re-runs a manifest step bare (T-1661)
   self-test | callers of the derived manifest OK — 1 script(s) read, 0 manifest step(s) re-run bare, none with a step below it
   self-test |   ok    the lap that ships is in sequence
   self-test |   /tmp/c4d-rederive-NLnQyu/caller.sh: runs `python3 tools/compile_scene.py` bare, and the manifest places 48 step(s) after it (it is step 137 of 185) — re-run it with `node tools/rederive.mjs --tail tools/compile_scene.py`
   self-test | callers of the derived manifest: 1 out-of-sequence re-run(s)
   self-test |   ok    a bare re-run of the scene is refused — this is T-1661 itself
   self-test | callers of the derived manifest OK — 1 script(s) read, 0 manifest step(s) re-run bare, none with a step below it
   self-test |   ok    the same call through --tail is accepted
   self-test | callers of the derived manifest OK — 1 script(s) read, 0 manifest step(s) re-run bare, none with a step below it
   self-test |   ok    a COMMENT naming the tool is not a call — pr-lap.sh explains itself at length
   self-test | callers of the derived manifest OK — 1 script(s) read, 1 manifest step(s) re-run bare, none with a step below it
   self-test |   ok    the manifest LAST step re-run bare is accepted — nothing is below it
   self-test |   /tmp/c4d-rederive-NLnQyu/no-such-script.sh: no such file
   self-test | callers of the derived manifest: 1 out-of-sequence re-run(s)
   self-test |   ok    a script that is not there is refused, not read as clean
   self-test | --callers needs the script(s) to read
   self-test |   ok    no script at all is refused
   self-test | 
   self-test | rederive self-test: all pass

[1m== no caller of the derived manifest re-runs one of its steps out of sequence[0m
callers of the derived manifest OK — 1 script(s) read, 0 manifest step(s) re-run bare, none with a step below it

[1m== the closing set is owned, gated and reported as deltas[0m

[1m== …and its own assertions fire when a member loses its owner, its gate or its reason[0m [2m(self-test: the assertions below are meant to fire)[0m
   self-test | THE CLOSING SET FAILED:
   self-test |   - resident_index: no step in tools/derived_manifest.json runs tools/no_such_tool.py, so the lap never rebuilds a member of the closing set. Add the step, or declare a written exemption here.
   self-test |   - resident_index: tools/check.sh never runs tools/no_such_tool.py with --check, so nothing asserts this member re-derives.
   self-test | THE CLOSING SET FAILED:
   self-test |   - resident_index: the manifest step resolves ['chicago/4d/data/residents/index.json'], and this set says ['chicago/4d/data/town_census.json']. One of them is out of date.
   self-test | THE CLOSING SET FAILED:
   self-test |   - published_residents: the exemption states no reason
   self-test | THE CLOSING SET FAILED:
   self-test |   - resident_index: tools/check.sh never runs tools/rebuild_resident_index.py with --check, so nothing asserts this member re-derives.
   self-test | CLOSING SET SELF-TEST PASS — 0 failure(s), 17 case(s)

[1m== restamping the input hashes is refused when no recipe changed[0m
restamp_inputs — the guard that keeps it from blessing a stale mesh
  ok    it refuses when no scheme has moved
  ok    and the refusal says why, naming the bake as the answer
  ok    --write is refused by the same guard, not merely the dry run
restamp_inputs OK

[1m== dev preview assembles, marked and stamped[0m
== dev preview: a stamped, unindexed, clearly-marked copy
   ok   the gate says which tier it is
   ok   the gate names the dev commit
   ok   the gate dates the build in Central Time
   ok   no narrow or non-breaking spaces in the stamp
   ok   the preview is kept out of the index
   ok   the preview carries its banner
   ok   robots.txt disallows the preview path
   ok   build.json marks the tier
   ok   build.json carries the commit date, machine-readable
   ok   build.json carries the same date the gate shows
   ok   build.json does NOT claim an assembly time
   ok   a missing date degrades to just the tier and sha
   ok   a missing date nulls out in build.json
   ok   an unparseable date degrades rather than printing "Invalid Date"
   dev preview: all checks passed

[1m== no research writer can mint a reconstructed resident[0m
   OK: 2925 resident(s) across 1457 household(s); the 1485 graded `reconstructed` each name a stage of the reconstruction programme and no other person carries the grade; all 5 research writers refuse it

[1m== ...and the refusal fires, while leaving per-attribute confidence alone[0m [2m(self-test: the assertions below are meant to fire)[0m
   self-test | ok: the refusal fires on a `reconstructed` grade, on an unknown grade and on a missing one; it leaves per-attribute `reconstructed` confidence alone; and it is wired into all 5 writers of the resident layer

[1m== the reconstruction programme answers for every reconstructed resident[0m
  ok    the programme answers for 13 stage(s); 12 implemented
  ok    2481 reconstructed person(s) in data/residents/, each holding the record contract
  ok    attribute_fill_arrival, named_families re-derive from the programme, block for block
  ---   stage 'attribute_fill_sex_age' re-derives its own draw:
  ok    2919 of 2925 people carry a sex; 2918 a birth year or an age band; 7 row(s) refused a band, and say why
  ok    the model, the rates and every drawn block re-derive
  ---   stage 'modelled_families' re-derives its own draw:
  ok    126 head(s) carry a drawn family; 293 people re-derive from their seeds
  ok    90 woman-headed house(s) fold into a refused married house, exactly the pairs T-2019 measured
  ok    the order book carries 19 fill(s) for T-1171 and no bucket is overfilled
  ok    T-2021's ruling: 156 house(s) admitted with 508 people, 119 stand alone; the book converges to 3113 of the count's 3265
  ---   stage 'readmissions' re-derives its own draw:
  ok    915 re-admission(s) re-derive from the roster, the layer and the three persistence crosswalks
  ok    121 minted card(s) hold the record contract; 268 row(s) withheld, each with its reason
  ok    every card an R1 ruling stands on still reads `uncertain` in the research layer — no refusal was overturned
  ---   stage 'trade_households' re-derives its own draw:
  ok    309 head(s) re-derive from their seeds into 24 bucket(s), 54 trade(s)
  ok    the order book carries this stage's fills and no bucket is overfilled
  ---   stage 'women_and_children' re-derives its own draw:
  ok    124 household(s) and 556 people re-derive from their seeds
  ok    the order book carries 27 fill(s) for T-1174 and no bucket is overfilled
  ---   stage 'lodgers' re-derives its own draw:
  ok    27 lodging place(s); 187 bed(s) filled, 19 still empty and every one of them said; 24 child(ren) on 12 keeper's card(s)
  ---   stage 'garrison' re-derives its own draw:
  OK: stage 'garrison' re-derives 11 household(s) and 125 person(s), and the return matches
  ---   stage 'underdocumented' re-derives its own draw:
  ok    87 underdocumented card(s) re-derive, every one review_required and touches_removal with its own sentence
  ok    33 row(s) withheld, each with a named reason; 53 already on a card
  ok    the counted-but-unnamed remainder is refused in writing, with the three readings that would retire the refusal
  ok    7 free Black household(s) and 15 person(s) re-derive, every one review_required with its own sentence
  ok    2 Black-owned firm(s) re-derive, each read off its keeper
  ok    the cohort stands at or above the floor of the bracket (6-7 men, August 1833)
  ok    2 church-register card(s) re-derive, every one review_required and touches_removal with its own sentence
  ok    2 row(s) withheld, each with a named reason; 19 already on a card
  ok    no surname is invented, and the kinship is handed to T-2191 rather than joined here
  ---   stage 'transients' re-derives its own draw:
  ok    307 visitor(s) in 83 household(s) re-derive from T-1352's bracket, block for block
  ---   stage 'institutional_households' re-derives its own draw:
  ok    1 household(s) re-derive from their seeds; the 9 institutional roofs adjudicate to 1 that hold one
  ok    the order book carries this stage's fills and both cells are discharged

[1m== ...and each rule of the record contract refuses its own mutation[0m [2m(self-test: the assertions below are meant to fire)[0m
   self-test |   ok    a well-formed reconstruction passes
   self-test |   ok    a reconstructed person without a basis is refused
   self-test |   ok    a value drawn from a model without its seed is refused
   self-test |   ok    a rule-argued person carrying a seed is refused
   self-test |   ok    ...and passes once the decorative seed is gone
   self-test |   ok    a reconstruction with no replacement rule is refused
   self-test |   ok    a person no stage claims is refused
   self-test |   ok    a Metis reconstruction outside stage 'underdocumented' is refused
   self-test |   ok    a Native reconstruction without its review is refused
   self-test |   ok    ...and passes in its own stage, carrying the review
   self-test |   ok    an invented name that an attested person already bears is refused
   self-test |   ok    an invented name graded above the invention is refused
   self-test |   ok    a re-admitted read name needs no name_basis and no pool
   self-test |   ok    the seed is a retypable string and each bucket draws its own number
   self-test |   ok    the one writer of the grade does not call the refusal the four research writers carry
   self-test |   ok    a bound at 1833 cannot draw a later arrival year - the truncation binds the draw
   self-test |   ok    one household draws the same values twice, from the seed the programme states
   self-test |   ok    re-ordering a model table draws exactly the same values
   self-test |   ok    three people moved from 1835 to 1834 moves 1 of 1196 cards (ceiling 5), each only to the neighbouring year
   self-test |   ok    three people taken off 1835 moves 2 of 1196 cards (ceiling 5), each only to the neighbouring year
   self-test |   ok    every block the stage writes holds the per-attribute tier contract
   self-test |   ok    a surname only one pool carries is argued; every other surname is drawn
   self-test |   ok    an attested value is never overwritten and an absent one is filled
   self-test |   ok    a roll year later than the scene is refused in writing, on the card
   self-test |   ok    no reason for coming is ever drawn - the model refuses the split and so does this
   self-test |   ok    the 1840 schedule's twenty-six bands are read from T-0504's column map
   self-test |   ok    the under-5 band of 1840 is dropped whole, not apportioned
   self-test |   ok    a band back-projects by exactly five years
   self-test |   ok    the open '100 and upwards' band stays open when back-projected
   self-test |   ok    only a `validated` 1840 identity bridge spends

[1m== every mint that re-derives a household carries the blocks it does not own[0m
  OK: 4 mint(s) carry; 5579 block(s) in data/residents/ are owned by a reconstruction stage (attribute_fill_arrival: 4240, policy_only_division: 1339)

[1m== ...and its own assertions still fire when broken[0m [2m(self-test: the assertions below are meant to fire)[0m
   self-test |   ok    a block the stage owns survives the mint's re-derivation
   self-test |   ok    a block only the stage has is carried in too
   self-test |   ok    and it is seated where the stage seats it, so the byte comparison holds
   self-test |   ok    the mint's own fields are untouched
   self-test |   ok    a value NO stage marks is not carried - it is the mint's to derive
   self-test |   ok    a record with nothing to carry comes back unchanged
   self-test |   ok    every mint that re-derives a household still carries

[1m== the policy-only rung's dealt division is on the card the town shows[0m
  OK: 1339 rung-5 household(s) carry the division the address book deals them, every block re-derived from its own row, and every card's own `division` still reads `unplaced`

[1m== ...and every limit on that carry fires when broken[0m [2m(self-test: the assertions below are meant to fire)[0m
   self-test |   holds: one dealt row whose card carries the right block
   self-test |   fires: a dealt row whose card carries nothing -> 1 rung-5 household(s) the book deals a division for carry no division_reconstructed block, so the town still c
   self-test |   fires: a card carrying a block the book deals nothing for -> 1 household(s) carry a division_reconstructed block the address book deals no division for: hh_not_dealt
   self-test |   fires: a block that does not re-derive from its own row -> hh_abbot_8_g: its division_reconstructed block does not re-derive from the address book row that deals it
   self-test |   fires: a dealt division dressed above its tier -> hh_abbot_8_g: a dealt division is reconstruction and must say so
   self-test |   fires: a dealt division whose note stops saying it was dealt -> hh_abbot_8_g: a dealt division whose note does not say it is dealt
   self-test |   fires: a dealt division that loses the digest that placed it -> hh_abbot_8_g: a dealt division must carry the digest that placed it
   self-test |   fires: a dealt division with nothing that would retire it -> hh_abbot_8_g: a reconstructed attribute must say what retires it
   self-test |   fires: a dealt band that carries a roof -> hh_abbot_8_g: a dealt band carries no structure_id
   self-test |   fires: the carry slot stops seating the block after `division` -> carry_stage_blocks.AFTER does not seat division_reconstructed after `division`, so a mint would re-seat it els
   self-test |   fires: a dealt division on a household whose record states one -> hh_bates_john_jr: its own `division` no longer reads `unplaced`. The dealt division belongs in the block, neve
   self-test |   11 assertion(s) exercised

[1m== every ruled reading that supersedes a derived arrival bound is joined and earlier[0m
  OK: 4 mint(s) consult the ledger; 6 ruled reading(s) supersede a derived bound (arrival), each joined by a committed crosswalk merge and each earlier than the bound it replaces

[1m== ...and each of its four refusals still fires on its own case[0m [2m(self-test: the assertions below are meant to fire)[0m
   self-test |   ok    the ruled reading replaces the bound the mint derived
   self-test |   ok    and nothing else on the record moves
   self-test |   ok    handed its own output it is a no-op, so a second hook cannot double-apply
   self-test |   ok    a card no reading rules on is untouched
   self-test |   ok    a bound the ruling was NOT made against is refused
   self-test |   ok    the committed ledger passes its own gate
   self-test |   ok    refusal 3: a reading LATER than the bound is not a supersession
   self-test |   ok    refusal 4: a transcription-mediated reading cannot be graded above inferred
   self-test |   ok    refusal 1: a join no crosswalk made is refused
   self-test |   ok    refusal 2: a claim id no claims file carries is refused
   self-test |   ok    every entry names a household this layer holds
   self-test |   ok    every mint that derives an arrival still consults the ledger

[1m== the modelled families re-derive from the household model and the order book[0m
  ok    126 head(s) carry a drawn family; 293 people re-derive from their seeds
  ok    90 woman-headed house(s) fold into a refused married house, exactly the pairs T-2019 measured
  ok    the order book carries 19 fill(s) for T-1171 and no bucket is overfilled
  ok    T-2021's ruling: 156 house(s) admitted with 508 people, 119 stand alone; the book converges to 3113 of the count's 3265

[1m== ...and every rule that decides who gets a family refuses its own case[0m [2m(self-test: the assertions below are meant to fire)[0m
   self-test |    a present, civic, single-head, adult male household is eligible  ok
   self-test |    an uncertain presence no ruling settles is refused               ok
   self-test |    an uncertain presence T-1386 ruled present is admitted           ok
   self-test |    an evidenced absence is refused however it was ruled             ok
   self-test |    every household the rulings file names was ruled present         ok
   self-test |    a letter-list mint is refused                                    ok
   self-test |    an evidence-only container is refused by its id                  ok
   self-test |    an evidence-only container is refused by its name alone          ok
   self-test |    the two evidence-only markers name the same five records         ok
   self-test |    no evidence-only container carries a person this stage drew      ok
   self-test |    a household that already holds a second person is refused        ok
   self-test |    a head a source marries after the scene date is refused (3b)     ok
   self-test |    the fort is refused                                              ok
   self-test |    a household under a standing review is refused                   ok
   self-test |    a head the sources place under a vow is refused                  ok
   self-test |    a woman heading her own household is refused                     ok
   self-test |    a head under twenty is refused                                   ok
   self-test |    a head with no age band is refused                               ok
   self-test |    the same seed draws the same face twice                          ok
   self-test |    two households draw different faces                              ok
   self-test |    the size histogram is cut at the kin range                       ok
   self-test |    a forename steps past a name the family already bears            ok
   self-test |    a ruling forename steps past an initial a read name waits on (T-2021) ok
   self-test |    an age of 9 bands as a child                                     ok
   self-test |    an age of 50 bands as the open cohort                            ok
   self-test |    a surname is the head's last printed word                        ok
   self-test |    a drawn person names the stage that wrote them                   ok
   self-test |    a woman marries only into her own division                       ok
   self-test |    a woman is never wife to a head below her floor                  ok
   self-test |    the lowest head is served first and takes the highest floor he fits ok
   self-test |    no woman is wife to two heads                                    ok
   self-test |    the child cap lifts a woman's floor to her eldest plus twenty    ok
   self-test |    a house past the kin range is held back                          ok
   self-test |    a house T-1564 already re-familied is held back                  ok
   self-test |    a printed wife is unseated onto her own card before the draw     ok
   self-test |    …and seated as the wife in place of the one the model drew       ok
   self-test |    every pair names a refused house                                 ok
   self-test |    she is his wife and her children come with her                   ok
   self-test |    the block sits after the presence, as a drawn family's does      ok
   self-test |    nobody is renamed by the fold                                    ok
   self-test |    unfold restores her card exactly                                 ok
   self-test |    unfold strips the host back to his lone head                     ok
   self-test |    a host a card merge retired gives her house back, and stays retired ok
   self-test |    a host that is nowhere is refused                                ok
   self-test |    a folded person no fold accounts for is refused                  ok
   self-test |    a house both standing and folded is refused                      ok
   self-test |    the fold carries exactly the measured pairs                      ok
   self-test |    no folded house stands in the layer                              ok
   self-test |    the count stops the walk at the first family past the room       ok
   self-test |    a smaller family after the stop is not packed into the room left ok
   self-test |    the under-ten bracket stops the walk too                         ok
   self-test |    inside both bounds every house is admitted                       ok
   self-test |    the ruling is frozen on disk                                     ok
   self-test |    the ruling never carries the town past the count                 ok
   self-test |    the ruling's admitted houses are a prefix of its seeded order    ok
   self-test |    the build reads the frozen list and re-deals nobody              ok
   self-test |    a house the frozen list turns away is not drawn, whatever its seed ok
   self-test |    57 rule(s) checked, 0 failed

[1m== every re-admission re-derives, and no refusal it stands beside has moved[0m
  ok    915 re-admission(s) re-derive from the roster, the layer and the three persistence crosswalks
  ok    121 minted card(s) hold the record contract; 268 row(s) withheld, each with its reason
  ok    every card an R1 ruling stands on still reads `uncertain` in the research layer — no refusal was overturned

[1m== ...and a guessed date, a borrowed name and a rising persistence curve are refused[0m [2m(self-test: the assertions below are meant to fire)[0m
   self-test |   ok    a bare year is read at 1 January
   self-test |   ok    a year and month are read at the 1st
   self-test |   ok    a full date is read as itself
   self-test |   ok    an unreadable date is refused rather than guessed
   self-test |   ok    a row whose evidence brackets the scene date pins no day before it
   self-test |   ok    a row whose evidence stops before the scene is priced off where it stops
   self-test |   ok    a plain readable date still outranks the derived reach
   self-test |   ok    the same household and lag redraw the same presence
   self-test |   ok    two households of the same lag draw independently
   self-test |   ok    persistence is 1 at the scene date and falls with the lag
   self-test |   ok    the name key is surname and first initial
   self-test |   ok    a name with no surname yields no key
   self-test |   ok    a normalised reading is capitalised, not re-read
   self-test |   ok    the model reads its three horizons off the committed crosswalks
   self-test |   ok    the fitted rate is a decay and not a growth
   self-test |   ok    the programme carries this stage and gives it to this ticket
   self-test |   ok    the programme's readmission pass is the one these cards wear
   self-test |   ok    every class is either spent here or owned by a named ticket
   self-test |   ok    R4 and R6 are not this stage's to spend

[1m== the women and children re-derive from the pyramid the order book still wants[0m
  ok    124 household(s) and 556 people re-derive from their seeds
  ok    the order book carries 27 fill(s) for T-1174 and no bucket is overfilled

[1m== ...and every rule that decides who is drawn refuses its own case[0m [2m(self-test: the assertions below are meant to fire)[0m
   self-test |    self-test | the same seed draws the same face twice                        ok
   self-test |    self-test | two slots draw different faces                                 ok
   self-test |    self-test | a weighted pick never chooses a bucket of weight zero          ok
   self-test |    self-test | the size histogram is cut at the kin range                     ok
   self-test |    self-test | an age of 9 bands as a child                                   ok
   self-test |    self-test | an age of 50 bands as the open cohort                          ok
   self-test |    self-test | only the adult bands may head a house                          ok
   self-test |    self-test | a bucket key is the order book's own shape                     ok
   self-test |    self-test | a bucket at zero is not wanted                                 ok
   self-test |    self-test | a name the real layer bears is stepped past                    ok
   self-test |    self-test | a household of this stage names the stage that wrote it        ok
   self-test |    self-test | the owned view drops another stage's keys                      ok
   self-test |    self-test | a surname is read back off the household stem                  ok
   self-test |    self-test | a slug is safe in a file name                                  ok
   self-test |    self-test | every drawn trade is the residents vocabulary's own            ok
   self-test |    self-test | no reviewed community may be drawn here                        ok
   self-test |    self-test | a band block prints a band and never a year                    ok
   self-test |    self-test | a drawn person carries basis, seed and what retires them       ok
   self-test |    self-test | an untraded head still says why it has no trade                ok
   self-test |    self-test | a traded head names the table it was drawn from                ok
   self-test |    self-test | 20 rule(s) checked, 0 failed

[1m== every trade household re-derives, and every bucket the book ordered is filled[0m
  ok    309 head(s) re-derive from their seeds into 24 bucket(s), 54 trade(s)
  ok    the order book carries this stage's fills and no bucket is overfilled

[1m== ...and a seniority rule, an over-ceiling trade and a borrowed name are refused[0m [2m(self-test: the assertions below are meant to fire)[0m
   self-test |    the same seed draws the same face twice                                ok
   self-test |    two slots draw different faces                                         ok
   self-test |    largest remainder lands the whole total                                ok
   self-test |    largest remainder breaks its ties on the key                           ok
   self-test |    an empty total allocates nothing                                       ok
   self-test |    a class the town already matches leaves room for nobody                ok
   self-test |    a class the town is short of leaves room for the difference            ok
   self-test |    no trade outside the 1835 vocabulary reaches the draw                  ok
   self-test |    the garrison's trades and the town's singular offices never reach the draw ok
   self-test |    every head the book orders is dealt a trade                            ok
   self-test |    no trade is dealt past its census ceiling                              ok
   self-test |    a woman is drawn only into a trade this layer records a woman at       ok
   self-test |    every trade this stage may write is a controlled vocabulary word       ok
   self-test |    what a ceiling refuses reaches the residual, and is not lost           ok
   self-test |    a business order's floor is drawn, never past its ceiling (T-1529)     ok
   self-test |    the frozen deal keeps every drawn slot its bucket still orders (T-2178) ok
   self-test |    a floor takes residual slots and moves no other card (T-1529)          ok
   self-test |    the deal fills every bucket to its capacity and no further             ok
   self-test |    the deal is stable across two runs                                     ok
   self-test |    every drawn head is a head of their own household                      ok
   self-test |    no kin is seated by this stage                                         ok
   self-test |    every id is unique and marked as an invention                          ok
   self-test |    no invented name is an attested or inferred person's name              ok
   self-test |    no drawn id is one the layer already holds                             ok
   self-test |    no reviewed community is written by this stage                         ok
   self-test |    every drawn person satisfies the programme's record contract           ok
   self-test |    25 rule(s) checked, 0 failed

[1m== the institutional households re-derive, and the book orders no more than the nine roofs admit[0m
  ok    1 household(s) re-derive from their seeds; the 9 institutional roofs adjudicate to 1 that hold one
  ok    the order book carries this stage's fills and both cells are discharged

[1m== ...and an admitted roof with no card rule, a drifted tally and an invented age are refused[0m [2m(self-test: the assertions below are meant to fire)[0m
   self-test |    self-test | ok   every standing institutional roof is adjudicated exactly once
   self-test |    self-test | ok   every refusal states a reason and cites what it read
   self-test |    self-test | ok   the capable count is the adjudication's own tally
   self-test |    self-test | ok   the book's institutional order never exceeds the adjudication
   self-test |    self-test | ok   fires: a bed moved onto a record that does not exist
   self-test |    self-test | ok   fires: an admitted roof this stage has no card rule for
   self-test |    self-test | ok   no card carries an age band it was never ordered
   self-test |    self-test | ok   every card is seated on the roof the adjudication names for its bed
   self-test |    self-test | ok   a bed moved off the roof that ordered it still works at the institution
   self-test |    self-test | ok   every sleeps_at names a committed structure record
   self-test |    self-test | ok   no invented name is a name the layer's real people bear
   self-test |    self-test | ok   the keeper's quarters draw no family and say so
   self-test |    self-test | 0 failure(s)

[1m== every transient re-derives, and none of them claims a residence[0m
  ok    307 visitor(s) in 83 household(s) re-derive from T-1352's bracket, block for block

[1m== ...and a moved sleeping class, a named house and a seated visitor are refused[0m [2m(self-test: the assertions below are meant to fire)[0m
   self-test |   ok    the deal is equal and spends the whole cohort
   self-test |   ok    a cohort divisible by six deals evenly
   self-test |   ok    the point adopted sits inside T-1352's bracket
   self-test |   ok    the reserved slots are the register's own floor and are not minted
   self-test |   ok    every dealt class is a row of the committed cohort model
   self-test |   ok    a class the model no longer prints is refused
   self-test |   ok    the draw reaches only the two eastern pools
   self-test |   ok    no minted household claims a residence
   self-test |   ok    every minted household is marked transient
   self-test |   ok    every minted household says where it slept
   self-test |   ok    only the first LANDING_TENTS camps name the landing, the rest the shore
   self-test |   ok    nobody is dealt to the open sky the store houses spared them
   self-test |   ok    no roofed party names a house
   self-test |   ok    the draw is reproducible
   self-test |   ok    no invented name is a name the rest of the layer bears
   self-test |   ok    every party's head is an adult

[1m== every Native and Metis card re-derives, each held for review in its own words[0m
  ok    87 underdocumented card(s) re-derive, every one review_required and touches_removal with its own sentence
  ok    33 row(s) withheld, each with a named reason; 53 already on a card
  ok    the counted-but-unnamed remainder is refused in writing, with the three readings that would retire the refusal

[1m== ...and a written nation, an English initial and a shared syllable are refused[0m [2m(self-test: the assertions below are meant to fire)[0m
   self-test |   ok    a one-word reading is refused
   self-test |   ok    a two-word Native name is not
   self-test |   ok    a name key is the crosswalks' discriminator
   self-test |   ok    an Indigenous name in a parenthesis does not break the key
   self-test |   ok    a card is capitalised without an English initial
   self-test |   ok    the stage does not read its own output as the layer
   self-test |   ok    two syllabic names that share a closing syllable are two men
   self-test |   ok    the muster reader takes only the company the roll heads INDIAN
   self-test |   ok    every card carries review_required and touches_removal
   self-test |   ok    every person carries the stage that is allowed to write them
   self-test |   ok    no card writes a nation
   self-test |   ok    every withheld row names a reason this file states
   self-test |   ok    the counted-but-unnamed remainder is refused and says what would retire it
   self-test |   ok    no row whose term was written onto its own name is refused as prose
   self-test |   ok    a row held out for this stage's scope came in on the name-borne rule
   self-test |   ok    the register's two mothers reach this stage and are held out on SCOPE, with the sibling that reads their book named
   self-test |   ok    no person drawn here is invented — every id is a read name
   self-test |   ok    14 rule(s) hold

[1m== the free Black cohort re-derives, at or above the floor of its bracket[0m
  ok    7 free Black household(s) and 15 person(s) re-derive, every one review_required with its own sentence
  ok    2 Black-owned firm(s) re-derive, each read off its keeper
  ok    the cohort stands at or above the floor of the bracket (6-7 men, August 1833)

[1m== ...and a back-projected name, a drifted pool and the recapitulation leaf are refused[0m [2m(self-test: the assertions below are meant to fire)[0m
   self-test |   ok    the floor is parsed from the Caton card and not typed here
   self-test |   ok    the recapitulation leaf is excluded, and it is exactly one leaf
   self-test |   ok    and excluding it is not cosmetic — it carries free-coloured lines that are not households
   self-test |   ok    an entirely free-coloured household carries no free-white cell
   self-test |   ok    a mixed household does
   self-test |   ok    the committed pool's surnames are exactly the ones the roster's rows print
   self-test |   ok    and `Eliza Askie` is in it, which reading the roster's `normalised` is not
   self-test |   ok    an unread surname position is refused
   self-test |   ok    a bracketed forename is refused while its whole surname is kept
   self-test |   ok    every refusal recorded names a reason this file states
   self-test |   ok    EVERY given name the 1840 free-coloured block prints is already borne by a real person of this town — which is why the pool's given list is the town's
   self-test |   ok    no drawn name reproduces a reading the 1840 page prints
   self-test |   ok    and none shares a reading's surname-and-initial key either
   self-test |   ok    no drawn name is borne by a real person of this layer
   self-test |   ok    every person is invented and wears the invented prefix
   self-test |   ok    every card is review_required and touches_removal is false
   self-test |   ok    no card writes an origin
   self-test |   ok    the cohort stands at or above the floor
   self-test |   ok    and every person written is accounted for by a relationship
   self-test |   ok    and below the ceiling the 1840 share carries back
   self-test |   ok    every household shape came off an entirely free-coloured 1840 household
   self-test |   ok    and every card holds exactly as many people as its shape counts
   self-test |   ok    every shape dealt has an adult man in it, because the floor counts men
   self-test |   ok    each firm reads its community off the keeper it names
   self-test |   ok    the trade liberty is on the face of every card that was dealt one
   self-test |   ok    26 rule(s) hold

[1m== the register's two women re-derive, mononyms intact and the kinship handed on[0m
  ok    2 church-register card(s) re-derive, every one review_required and touches_removal with its own sentence
  ok    2 row(s) withheld, each with a named reason; 19 already on a card
  ok    no surname is invented, and the kinship is handed to T-2191 rather than joined here

[1m== ...and an invented surname, a read nation and a doubled printing are refused[0m [2m(self-test: the assertions below are meant to fire)[0m
   self-test |   ok    the clerk's parenthesis comes off the display name
   self-test |   ok    a card is capitalised without an English initial
   self-test |   ok    an origin is read off `de Green Bay` and graded at the row's grade
   self-test |   ok    `sauvage` alone yields no origin at all
   self-test |   ok    no nation is read off a place
   self-test |   ok    the spouse is read off the entry's own locator
   self-test |   ok    every card carries review_required and touches_removal
   self-test |   ok    every person carries the stage that is allowed to write them
   self-test |   ok    no card writes a nation
   self-test |   ok    no surname is invented for anybody
   self-test |   ok    no kin tie is written onto a card
   self-test |   ok    every withheld row names a reason this file states
   self-test |   ok    the two printings of one woman make one card, not two
   self-test |   ok    the town finding is refused as the crosswalk ruled it and not as out of scope
   self-test |   ok    the two women the register names are the two the town did not carry
   self-test |   ok    the husbands and children on those entries WERE already carried
   self-test |   ok    presence is priced off the LAST sighting the book gives
   self-test |   ok    the stage does not read its own output as the layer
   self-test |   ok    no person written here is invented — every id is a read name
   self-test |   ok    the remainder of the register is refused a draw, and says why
   self-test |   ok    20 rule(s) hold

[1m== the garrison re-derives from the establishment, and the return matches the cards[0m
  OK: stage 'garrison' re-derives 11 household(s) and 125 person(s), and the return matches

[1m== ...and the establishment, the enlistment window and all four refusals still fire[0m [2m(self-test: the assertions below are meant to fire)[0m
   self-test |   OK: the establishment, the enlistment window, the seed rule and all three refusals still fire when broken (four of them)

[1m== every drawn sex and age band re-derives from its seed, and the rates from the layer[0m
  ok    2919 of 2925 people carry a sex; 2918 a birth year or an age band; 7 row(s) refused a band, and say why
  ok    the model, the rates and every drawn block re-derive

[1m== ...and a draw with no seed, a band turned into a year and a sexed group are refused[0m [2m(self-test: the assertions below are meant to fire)[0m
   self-test |   ok    a seed reproduces its draw
   self-test |   ok    two people do not share a draw
   self-test |   ok    the sex seed and the age seed differ for one person
   self-test |   ok    the schedule's 26 bands are read
   self-test |   ok    a band label reads back as its edges
   self-test |   ok    the youngest band starts at nought
   self-test |   ok    the open band has no top
   self-test |   ok    a child conditioning can never draw an adult band
   self-test |   ok    a civic conditioning can never draw a child band
   self-test |   ok    a group is refused a sex
   self-test |   ok    a sex read off the register is neither settled nor drawn for in the rate
   self-test |   ok    a sex read off a column's title is neither settled nor drawn for in the rate
   self-test |   ok    a person is not
   self-test |   ok    a leading article is not a group on its own
   self-test |   ok    a married style over a kinship word refuses a band
   self-test |   ok    a plain daughter keeps her conditioning
   self-test |   ok    a married style outside a household's child word refuses nothing
   self-test |   ok    a register calling the person an infant is read before the style is
   self-test |   ok    a roll of her own is read before the style is
   self-test |   ok    the refusal says it names one person and names its reason
   self-test |   ok    a drawn sex block is graded reconstructed and this pass owns it
   self-test |   ok    a read sex block from T-1303 is not ours
   self-test |   ok    a drawn age band names the schedule's own column
   self-test |   ok    a drawn age band writes no birth year
   self-test |   ok    a drawn age band carries its seed and its replacement rule
   self-test |   ok    a drawn age band says the conditioning is the model's
   self-test |   ok    a read age band carries no basis, seed or replacement rule
   self-test |   ok    a read age band cites what it is a view of
   self-test |   ok    ...and cites nothing where the value it reads cites nothing
   self-test |   ok    a read sex and a spent birth year settle in the order T-1303 writes them
   self-test |   ok    ...and settling twice moves nothing
   self-test |   ok    a DRAWN sex is left where it lies; T-1303 never re-derives it
   self-test |   ok    a recorded sex with no reason keeps the mint's own order
   self-test |   ok    a refusal asserts nothing and carries no draw
   self-test |   ok    a rate of 1.0 draws a man every time
   self-test |   ok    a rate of 0.0 draws a woman every time
   self-test |   ok    a rate of 0.9435 draws within a point of itself over 2,000 seeds
   self-test |   all cases pass

[1m== the resident synthesis re-derives the population it writes[0m
OK: 2925 people; 412 attested, 1028 inferred, 1485 reconstructed; 759 projected

[1m== no person asserts a bare 'none_recorded' while the same record dates a trade[0m
qualify_later_trades: every record re-derives (T-0693)

[1m== the later-trade pointer obeys its own four rules[0m [2m(self-test: the assertions below are meant to fire)[0m
   self-test | tools/qualify_later_trades.py: 18 rule check(s), 0 failure(s)

[1m== no standing 1835 trade is cited only to a volume about another year[0m
0 standing row(s), and the ledger re-derives

[1m== …and its own assertions still fire when broken[0m [2m(self-test: the assertions below are meant to fire)[0m
   self-test | self-test: 14/14 assertions hold

[1m== resident roles re-derive, and the 1835 view is the roles that reach it[0m
738 role(s) stand on the cards, and every one of them re-derives

[1m== …and its own assertions still fire when broken[0m [2m(self-test: the assertions below are meant to fire)[0m
   self-test | self-test: 78/78 assertions hold

[1m== every person's community re-derives, and every origin string is accounted for[0m
data/residents/community.json re-derives (3459 people)

[1m== …and its refusals still fire (no tier above inferred off a place, no cohort it may not write)[0m [2m(self-test: the assertions below are meant to fire)[0m
   self-test | self-test ok — 3459 people, 2 of stated descent, 15 free Black, every one of them off the stage that wrote them

[1m== one new household renames only the people it collides with[0m
   OK: one insertion rewrites at most 0 pre-existing name(s) (allowed 16)

[1m== the register's four documented men still head the roofs the deal gives them[0m
   OK: 4 documented resident(s) still head the roofs this pass deals them, 13 candidate(s) refused, and T-0489 still leaves every one of them unplaced

[1m== …and the name pool's declared keys, and a refusal naming its source, still fire when broken[0m [2m(self-test: the assertions below are meant to fire)[0m
   self-test |    ok   the declaration covers the committed tree (no undeclared key)
   self-test |    ok   the declared pool is the raw-text pool it replaced
   self-test |    ok   an undeclared key carrying a proper name is reported, not read
   self-test |    ok   …and --check names its kind, key, file and word
   self-test |    ok   an ignored key's words stay out of the pool and raise nothing
   self-test |    ok   a read key's words enter the pool with their file and key
   self-test |    ok   a refusal names the file and key its word came from
   self-test |    ok   a lost seat's drift line names the refusal that took its man
   self-test |    ok   …and says so when he is not among the candidates at all
   self-test |    self-test: 0 failure(s)

[1m== the minted documented residents re-derive from the register[0m
   OK: 39 documented resident(s) minted from the register, 92 candidate(s) refused

[1m== the residency-tested residents re-derive from the register[0m
   OK: 5 resident(s) minted by the residency test, 156 candidate(s) refused

[1m== …and its own assertions still fire when broken[0m [2m(self-test: the assertions below are meant to fire)[0m
   self-test |    OK: every refusal in the residency test still fires

[1m== all four resident mints preserve findings across a derived-note change[0m [2m(self-test: the assertions below are meant to fire)[0m
   self-test |    OK: changed prose preserves foreign findings at 8 writer boundaries, all four resident mints use the contract, and 6 reconstruction stage(s) carry the drawn seats

[1m== the letter-list mint re-derives what it owns, and only the ledgered drift differs[0m
   OK: 780 letter-list household(s) derived; mint-owned keys agree wherever no ledger row says otherwise; 0 ledgered row(s) still to be read (none); 780 more card(s) differ only in keys a later pass owns

[1m== the 1840 identity bridges re-derive and back-project nothing[0m
OK: 210 census households retained; 2 validated + 1 provisional resident bridges; 1457 resident households; 2925 canonical persons

[1m== every named 1840 head still adjudicates as the pages and the pools say[0m
OK: 965 named 1840 head(s) — 15 matched, 15 candidate, 935 refused; 29 legacy head(s) re-adjudicated

[1m== …and the 1840 heads are on the 27 cards they name, once each and still true[0m
1840 census heads: 30 ruling(s) on 30 card(s), no strays, none written twice

[1m== …and that pass writes two fields, moves no grade and repeats without drift[0m [2m(self-test: the assertions below are meant to fire)[0m
   self-test | 1840 census heads self-test: 142 assertion group(s), 0 failure(s)

[1m== no new tool carries a --check mode the gate never runs[0m

[1m== …and the audit's own assertions still fire when broken[0m [2m(self-test: the assertions below are meant to fire)[0m
   self-test | self-test: 0 assertion(s) failed

[1m== research stays inside its historical ratchet and closed unit ledger[0m

[1m== …and its own assertions still fire when broken[0m [2m(self-test: the assertions below are meant to fire)[0m
   self-test | SELF-TEST PASS — 107 case(s)

[1m== …and closed-ledger mutations cannot pass silently[0m [2m(self-test: the assertions below are meant to fire)[0m
   self-test |   fires: an unclassified unit
   self-test |   fires: a dead asserted target
   self-test |   fires: an assertion left only in prose
   self-test |   fires: an unresolved unit owned by a closed ticket
   self-test |   fires: an unresolved unit owned by a spent split parent
   self-test |   fires: an unresolved unit waiting on nothing it names
   self-test |   fires: an unresolved unit whose wait states no evidence
   self-test |   fires: an unresolved unit claiming both owners
   self-test |   passes: a unit waiting on stated evidence, owned by no ticket
   self-test |   fires: a rule that states nothing
   self-test |   fires: a ruling with no note
   self-test |   fires: a ruling naming an unstated rule
   self-test |   fires: a hand-off that names neither a ticket nor an evidence clause
   self-test |   fires: a hand-off that waits on evidence it does not state
   self-test |   fires: a hand-off that claims a ticket and an evidence clause at once
   self-test |   fires: two rulings on one unit
   self-test |   fires: a ruling on a unit that does not exist
   self-test |   fires: a ruling something else had already closed
   self-test |   passes: a landholding on the person the unit is about
   self-test |   fires: a proof naming a person the record does not hold
   self-test |   fires: a proof naming a person who is not the unit
   self-test |   fires: a proof naming a field that person does not carry
   self-test |   holds: a live leaf lifts every split above it
   self-test |   fires: a chain whose leaves have all closed reports plain split
   self-test |   holds: a dead pointer names the spent chain that killed it
   self-test |   holds: a pointer at no ticket at all says so
   self-test |   fires: a pointer one ticket-close away from stranding is named
   self-test |   holds: a chain with more than one live leaf is not fragile
   self-test |   fires: the presence leg names nobody into the target index
   self-test |   holds: a field that carries the reading is still a target
   self-test |   holds: a business block naming the claim in its claim_ids is a target
   self-test |   fires: a record's untiered claim_ids closes nothing (T-1509's population)
   self-test |   fires: a claim in a business block's prose alone is no target
   self-test |   holds: `tier` and `source_id` read as confidence and a cited source
   self-test |   holds: a confident, sourced wharf or frontage block is a target
   self-test |   fires: a reconstructed wharf block closes nothing
   self-test |   fires: a layer manifest is no record
   self-test |   holds: a card naming one file-qualified claim closes that claim alone
   self-test |   fires: a bare claim number names no file-local unit at all
   self-test |   fires: a repeated record id whose scope the registry does not declare
   self-test |   fires: a global declaration for a container whose ids no longer repeat
   self-test |   fires: a duplicate stable unit id
   self-test | LEDGER SELF-TEST PASS — 30 case(s)

[1m== the closing research audit still re-derives from the ledger and the four layers[0m

[1m== …and a moved measurement cannot pass as an unchanged report[0m [2m(self-test: the assertions below are meant to fire)[0m
   self-test | CLOSING AUDIT SELF-TEST PASS — 0 failure(s), 7 case(s)

[1m== the research sign-off re-derives, and its GO still follows from the tree[0m

[1m== …and every condition under that verdict fires when it is broken[0m [2m(self-test: the assertions below are meant to fire)[0m
   self-test | RESEARCH SIGN-OFF SELF-TEST PASS — 0 failure(s), 11 case(s), live verdict GO

[1m== the land-sale rulings re-derive from the register and the crosswalk (T-1296)[0m

[1m== …and each of its rules still fires on the row it is for[0m [2m(self-test: the assertions below are meant to fire)[0m
   self-test |   rules: a body purchaser -> the_purchaser_is_a_corporate_body
   self-test |   rules: a firm purchaser -> the_purchaser_is_a_firm_style
   self-test |   rules: an unreadable date -> the_registers_date_is_unreadable
   self-test |   rules: a residence outside Cook -> the_register_places_the_purchaser_outside_cook
   self-test |   rules: a purchase after the scene date -> the_purchase_is_later_than_the_scene_date
   self-test |   rules: an upheld identity before the scene date -> the_purchase_bounds_a_held_residents_presence
   self-test |   rules: a COOK residence with no upheld identity -> the_cook_residence_names_a_withheld_person
   self-test |   rules: the standing refusal -> a_sale_is_never_a_residence
   self-test |   rules: an upheld identity after the scene date -> the_purchase_is_later_than_the_scene_date
   self-test |   rules: a COOK residence on a held resident -> the_purchase_bounds_a_held_residents_presence
   self-test | LAND-SALE RULING SELF-TEST PASS — 0 failure(s), 7 rule(s), 1259 unit(s)

[1m== every uncertain presence carries the dated evidence leg under it (T-1144)[0m
   OK: 948 uncertain presence(s) carry the leg this pass derives, 879 of them dated

[1m== …and the leg's tier, window and removal rules fire over their fixtures[0m [2m(self-test: the assertions below are meant to fire)[0m
   self-test |    OK: every rule of the presence leg holds over its fixtures

[1m== the borderline roster re-derives from the ledger and the resident layer (T-1159)[0m

[1m== …and its class, accounting and community assertions still fire when broken[0m [2m(self-test: the assertions below are meant to fire)[0m
   self-test | self-test: 7 classes, 15377 rows, 9384 units naming no person — assertions fire

[1m== the remainder rulings re-derive from their five corpora (T-1298)[0m

[1m== …and each of its rules still fires, and hands on only to live work[0m [2m(self-test: the assertions below are meant to fire)[0m
   self-test |   ok:   a notice carrying a firm stops the build (T-1508)
   self-test |   ok:   a firm notice answers the probe with no, and does not raise at it
   self-test |   ok:   an unread family column stops the build rather than taking a rule
   self-test |   ok:   a unit the register enriches is spent, not ruled stops the build
   self-test |   ok:   a register action with no rule stops the build
   self-test |   ok:   a claim the register carries nobody for stops the build
   self-test |   ok:   the probe and the rule agree on what a press appearance is
   self-test |   fires: an in-window printing whose compiled record tiers nothing to the claim
   self-test |   fires: a post-scene printing whose compiled record tiers nothing to the claim
   self-test |   holds: no business reading the layer compiled a record from is left over
   self-test | REMAINDER RULING SELF-TEST PASS — 0 failure(s), 41 rule(s), 911 unit(s)

[1m== the family pass answers every kin unit, and no ruling outlives its unit (T-1335)[0m

[1m== …and its church derivation still tells a lone burial, a missing far end and an unruled tie apart[0m [2m(self-test: the assertions below are meant to fire)[0m
   self-test |   ok   a lone burial: names_no_relative
   self-test |   ok   neither end on a card: neither_end_held
   self-test |   ok   one end on a card: relative_not_held
   self-test |   ok   both on cards, buried before the scene: ended_before_the_scene
   self-test |   ok   both on cards, alive on the day, nothing has ruled the tie: raised
   self-test |   ok   the survey refused it: ruled_by_the_kin_survey
   self-test |   ok   the survey landed it: raised
   self-test | self-test | 0 failure(s)

[1m== the enrichment arrival and origin spend re-derives onto its nine cards (T-1330)[0m
30 unit(s) adjudicated, 11 block(s) written, and every one of them re-derives

[1m== …and its citation, naming and retirement rules still fire when broken[0m [2m(self-test: the assertions below are meant to fire)[0m
   self-test | self-test: 21/21 assertions hold

[1m== the trade and premises spend re-derives from the cards it names (T-1469)[0m
OK: the trade and premises spend re-derives from the cards it names

[1m== …and its carrier, outcome and coverage rules still fire when broken[0m [2m(self-test: the assertions below are meant to fire)[0m
   self-test | OK: 37 trade and premises units, six outcomes, every carrier shown

[1m== the six departure rulings re-derive from the register and the cards (T-1354)[0m

[1m== …and its corpus, outcome and read-beside rules still fire when broken[0m [2m(self-test: the assertions below are meant to fire)[0m
   self-test | DEPARTURE RULING SELF-TEST PASS — 0 failure(s), 6 unit(s), 2 outcome(s)

[1m== the name-on-a-roll rulings re-derive from the rolls and the crosswalks (T-1297)[0m

[1m== …and each of its rules still fires on the row it is for[0m [2m(self-test: the assertions below are meant to fire)[0m
   self-test |   rules: a poll entry matched to a resident -> spent by tools/spend_civic_roll_bounds.py
   self-test |   rules: a tax entry matched to a resident -> spent by tools/spend_civic_roll_bounds.py
   self-test |   rules: a candidate on the rolls -> a_roll_agreeing_on_surname_alone_is_never_a_merge
   self-test |   rules: a roll name the town does not hold -> the_roll_names_a_person_the_town_does_not_hold
   self-test |   rules: an unmatched tax entry -> the_roll_names_a_person_the_town_does_not_hold
   self-test |   rules: a corroborated 1832 enrollment -> the_enrollment_corroborates_a_name_and_no_card_may_rest_on_it
   self-test |   rules: an ambiguous 1832 enrollment -> an_ambiguous_enrollment_agreement_is_never_a_merge
   self-test |   rules: an enrollment printed without a surname -> the_enrollment_index_prints_no_surname
   self-test |   rules: an enrollment the rolls do not carry -> the_enrollment_names_a_man_the_rolls_do_not_carry
   self-test |   rules: an 1830 matched line -> spent by tools/spend_appearance_bounds.py
   self-test |   rules: an 1830 line, surname_variant_candidate -> the_1830_surname_variant_is_a_candidate_and_not_a_merge
   self-test |   rules: an 1830 line, not_a_person -> the_1830_line_names_the_garrison_and_not_a_person
   self-test |   rules: an 1830 line, refused_surname_only -> the_1830_surname_only_match_was_refused_in_the_crosswalk
   self-test |   rules: an 1830 line, no_surname_in_town -> the_1830_surname_stands_in_no_town_household
   self-test | NAME-ON-A-ROLL RULING SELF-TEST PASS — 0 failure(s), 18 rule(s), 410 unit(s)

[1m== the cohort freeze's own assertions still fire when broken[0m [2m(self-test: the assertions below are meant to fire)[0m
   self-test |   ok    the committed manifest IS the derivation → no failure
   self-test |   ok    a snapshot cell moving is the research landing, not staleness → no failure
   self-test |   ok    the ids in a different order fail → the committed manifest holds the frame's people in a different order
   self-test |   ok    a person the frame no longer yields fails → the committed manifest claims people the frame no longer yields: ['c_three']
   self-test |   ok    a person who has left the residents layer fails → b_two is claimed by the manifest and is in no household
   self-test |   ok    a person who has become an unnamed placeholder fails → b_two has become an unnamed placeholder, which no cohort may claim
   self-test |   ok    a snapshot field dropped from a row fails → b_two's row carries ['name', 'person_id', 'stratum'], and the selector emits ['name', 'person_id', 'starting_g
   self-test |   ok    a field invented on a row fails → b_two's row carries ['name', 'person_id', 'starting_grade', 'starting_trade', 'stratum'], and the selector emi
   self-test |   ok    a document field outside the snapshot must match exactly → generated_by differs from the derivation
   self-test |   ok    a regeneration may not rewrite a starting_* cell → starting_grade stayed 'inferred'
   self-test |   ok    a regeneration may not rewrite the population frame → frame stayed 400
   self-test |   ok    a regeneration may not rewrite a member's stratum → stratum stayed 's'
   self-test |   ok    a regeneration DOES rewrite the tree's own identity cells → household_id followed the tree to 'hh_moved'
   self-test |   ok    the held-back cells are counted and reported → held 3
   self-test |   ok    the first write IS the freeze and passes through untouched → held 0
   self-test |   ok    a member the freeze does not hold is frozen at today's values → new member took today's grade
   self-test |   ok    what a regeneration writes still passes the gate against today's derivation → no failure
   self-test |   ok    a person a landed ruling folded is still resolvable, out of its stub → resolved ['c_folded']
   self-test |   ok    …and the stub is what is read, so a frozen snapshot cannot be rewritten by a later ruling → read from 'hh_folded'
   self-test |   ok    …and the redirect table names the survivor, so a gate can say who carries them → folded onto 'b_two'
   self-test |   ok    a person in no household AND no stub is still a failure — a deletion is not a redirect → gone is still gone
   self-test |   ok    minting REFUSES a member the stratum no longer describes → raised, with the member named
   self-test |   ok    …and once frozen the same finding is reported, named, and green → a cohort: 1 member(s) have moved out of the stratum they were drawn from since the freeze, which is the resear
   self-test |   ok    a cohort with nothing moved says nothing → no lines
   self-test | cohort freeze self-test: 24 case(s), 0 failed

[1m== the 75-person real-resident research cohort is fixed[0m
   resident research pilot: 15 member(s) have moved out of the stratum they were drawn from since the freeze, which is the research landing and not staleness
      - hh_garrett_a: no longer the kind of record this stratum was drawn from
      - hh_king_byram: no longer the kind of record this stratum was drawn from
      - hh_thrall_e_l: no longer the kind of record this stratum was drawn from
      - hh_fowler_elmira: no longer the kind of record this stratum was drawn from
      - hh_bennett_h_c: no longer the kind of record this stratum was drawn from
      - hh_crocker_h: no longer the kind of record this stratum was drawn from
      - hh_moore_henry: no longer the kind of record this stratum was drawn from
      - hh_marshall_j_a: no longer the kind of record this stratum was drawn from
      - hh_curtiss_j: no longer the kind of record this stratum was drawn from
      - hh_collins_j_h: no longer the kind of record this stratum was drawn from
      - hh_grant_james: no longer the kind of record this stratum was drawn from
      - hh_lewis_samuel: no longer the kind of record this stratum was drawn from
      - hh_morris_b_s: no longer the kind of record this stratum was drawn from
      - hh_boyer_j_k: no longer the kind of record this stratum was drawn from
      - hh_fell_j_w: no longer the kind of record this stratum was drawn from
   redirected by a landed merge ruling: vanderbogart_h (now carried by vanderbogart_henry)
resident research pilot: 75 people, the frozen reservation is intact; 16 snapshot cell(s) have moved since the freeze, which is the research landing and not staleness

[1m== the second non-overlapping 75-person research cohort is fixed[0m
   resident research pass two: 1 member(s) have moved out of the stratum they were drawn from since the freeze, which is the research landing and not staleness
      - murray_alonzo: no longer marked letter_list_only
resident research pass two: 75 people, the frozen reservation is intact; 22 snapshot cell(s) have moved since the freeze, which is the research landing and not staleness

[1m== the third non-overlapping 75-person research cohort is fixed[0m
   resident research pass three: 1 member(s) have moved out of the stratum they were drawn from since the freeze, which is the research landing and not staleness
      - chapman_chas_h: no longer marked letter_list_only
resident research pass three: 75 people, the frozen reservation is intact; 22 snapshot cell(s) have moved since the freeze, which is the research landing and not staleness

[1m== the fourth non-overlapping 75-person research cohort is fixed[0m
resident research pass four: 75 people, the frozen reservation is intact

[1m== the fifth non-overlapping 75-person research cohort is fixed[0m
   resident research pass five: 1 member(s) have moved out of the stratum they were drawn from since the freeze, which is the research landing and not staleness
      - simons_e: postal-list person no longer marked letter_list_only
resident research pass five: 75 people, the frozen reservation is intact

[1m== …and each selector's stratum tests still refuse a mint and report a gate[0m [2m(self-test: the assertions below are meant to fire)[0m
   self-test |   ok    a richer-unplaced member that took a dwelling → hh_probe: no longer the kind of record this stratum was drawn from
   self-test |   ok    a letter-list member whose letter_list_only flag moved → hh_probe: no longer marked letter_list_only
   self-test | resident research pilot stratum self-test: 2 case(s), 0 failed
   self-test |   ok    an established member that became letter-list-only → probe: established stratum became letter-list-only
   self-test |   ok    a letter-list member whose letter_list_only flag moved → probe: no longer marked letter_list_only
   self-test | resident research pass two stratum self-test: 2 case(s), 0 failed
   self-test |   ok    an established member that became letter-list-only → probe: established stratum became letter-list-only
   self-test |   ok    a letter-list member whose letter_list_only flag moved → probe: no longer marked letter_list_only
   self-test | resident research pass three stratum self-test: 2 case(s), 0 failed
   self-test |   ok    an established member that became letter-list-only → probe: established resident became letter-list-only
   self-test |   ok    a postal-list member whose letter_list_only flag moved → probe: postal-list person no longer marked letter_list_only
   self-test |   ok    a present-list member ruled elsewhere on the scene date → probe: letter_list_only_present presence changed
   self-test |   ok    an uncertain-list member whose presence was settled → probe: letter_list_only_uncertain presence changed
   self-test | resident research pass four stratum self-test: 4 case(s), 0 failed
   self-test |   ok    a remaining-named member that became letter-list-only → probe: remaining established person became letter-list-only
   self-test |   ok    a postal-list member whose letter_list_only flag moved → probe: postal-list person no longer marked letter_list_only
   self-test |   ok    a present-list member ruled elsewhere on the scene date → probe: pass-five present stratum changed
   self-test |   ok    an uncertain-list member whose presence was settled → probe: pass-five uncertain stratum changed
   self-test | resident research pass five stratum self-test: 4 case(s), 0 failed

[1m== the thirteenth research cohort is fixed[0m
resident research pass 13: 76 people, the frozen reservation is intact; 18 snapshot cell(s) have moved since the freeze, which is the research landing and not staleness

[1m== the fourteenth research cohort is fixed[0m
resident research pass 14: 76 people, the frozen reservation is intact; 25 snapshot cell(s) have moved since the freeze, which is the research landing and not staleness

[1m== the fifteenth research cohort is fixed[0m
   redirected by a landed merge ruling: vanderbogart_h (now carried by vanderbogart_henry)
resident research pass 15: 76 people, the frozen reservation is intact; 15 snapshot cell(s) have moved since the freeze, which is the research landing and not staleness

[1m== all 375 reviewed residents have reproducible research outcomes[0m
resident research reviews: 375 current ({'corroborated_enrichment': 74, 'candidate_identity': 62, 'no_corroboration': 239})

[1m== cohort 14's ruled ledger still follows from its crosswalks and T-0816's rulings[0m
T-0509 ledger green: 76 completed, 0 pending, {'candidate_identity': 27, 'corroborated': 9, 'corroborated_enrichment': 11, 'no_corroboration': 29}

[1m== every completed research cohort has a durable package, and it still matches its records[0m
resident-research packages ok — 13 folders present, 16 indexed, 3 re-derived from source, index current

[1m== …and that gate's own assertions still fire when broken[0m [2m(self-test: the assertions below are meant to fire)[0m
   self-test | export_resident_research_package self-test ok — 24 assertions

[1m== the 1834 letter list's crop entities still point at the printed lines the image read[0m
ok    170 printed lines; 79 crop entities tied to their printed line; 31 of 32 still-cut readings settled

[1m== …and its own assertions still fire when broken[0m [2m(self-test: the assertions below are meant to fire)[0m
   self-test | letter-list image read self-test: all assertions fire

[1m== the 1 April 1834 return's three contested lines still carry the reading the page made[0m
ok    3 contested line(s) read at 3 impression(s); 2 card(s) withdrawn and re-minted at the image

[1m== …and its own assertions still fire when broken[0m [2m(self-test: the assertions below are meant to fire)[0m
   self-test | 1 April 1834 contested-lines self-test: all assertions fire

[1m== the letter-list cohort is what the owner's ruling permits[0m
   OK: 780 letter-list household(s), every one carrying its returns' dates, none with a roof, a trade or a second member

[1m== …and that gate's own assertions still fire when broken[0m [2m(self-test: the assertions below are meant to fire)[0m
   self-test |    held: an enrich of a standing person keeps the card's handle
   self-test |    held: two readings of one line fold onto one card, with both printings
   self-test |    held: a fold wears the name the ruling file awards the card
   self-test |    held: a cut head of a line does not rename the man its line names
   self-test |    held: a re-reading gives a standing card fuller letters
   self-test |    held: a re-reading does not respell a handle's surname without a ruling
   self-test |    held: a candidate nothing ties to a card still mints from its name
   self-test |    held: a counted reprint of an accepted name is read as its printing, not refused
   self-test |    held: a same-name row the register aims at ANOTHER person stays refused
   self-test |    held: a second spelling is a reading, not a printing, and stays refused
   self-test |    held: only refusals 7 and 8 give way; a garbled reading stays refused
   self-test |    held: the card reads both printings of the name
   self-test |    held: a READ_ONTO row whose card is gone stops the mint
   self-test |    OK: all 13 standing-card cases behave
   self-test |    caught: a mint-owned key moves
   self-test |    caught: an unattributed key moves
   self-test |    caught: a card the mint derives is not committed
   self-test |    caught: a committed card of this pass is no longer derived
   self-test |    caught: a ledger row whose drift no longer stands
   self-test |    let through: a key a later pass owns moves (grade)
   self-test |    let through: a key a later pass owns moves (note)
   self-test |    let through: an arrival a later pass dated from its own source (T-2073)
   self-test |    OK: all 8 of the mint-owned comparison's cases behave
   self-test |    OK: all 41 name readings and 12 slugs are what the papers print, and every card each one makes reads back to the family name of its own line
   self-test |    OK: 7 return(s) over 19 printing(s), each return one bound
   self-test |    caught: a card wears a reading it no longer cites
   self-test |    caught: a card's ordered name keeps a comma
   self-test |    caught: a card's surname is re-spelled off its id
   self-test |    caught: a ruled card is re-spelled a third way
   self-test |    caught: a ruled card drops the adjudication it stands on
   self-test |    caught: a ruled card's note prints the overturned reading
   self-test |    caught: a person loses letter_list_only
   self-test |    caught: a person loses its returns' dates
   self-test |    caught: a household gains a roof
   self-test |    caught: a person gains a trade
   self-test |    caught: a household gains a second member
   self-test |    caught: the manifest row loses its flag
   self-test |    caught: a structure names one of them
   self-test |    caught: a bound is dated by the impression, not the return
   self-test |    caught: a bound stops being not_later_than
   self-test |    caught: a flagged person gains an ordinary press reading
   self-test |    caught: a refused flag leaves the post office's name behind
   self-test |    caught: a flagged card is named as if the papers printed it
   self-test |    OK: all 18 of the gate's assertions fire when broken

[1m== the letter-list collision report still describes the tree[0m
   OK: docs/RESEARCH/letter-list-surname-collisions.md matches a fresh derivation

[1m== …and its two readings of a printed name are still two[0m [2m(self-test: the assertions below are meant to fire)[0m
   self-test |    DRIFT: data/residents/households/hh_abbott_constant.json does not say its collision
   self-test |    1 standing card(s) carry a mint-time refusal and do not say it
   self-test |    OK: all 79 standing card(s) a mint-time refusal lands on say so
   self-test |    OK: 9 collision(s), 1 admission(s), both readings behave

[1m== every card a mint-time refusal lands on still says its collision[0m
   OK: all 79 standing card(s) a mint-time refusal lands on say so

[1m== the 1840 residue table still describes the leaves it closed[0m
   OK: docs/RESEARCH/census-1840-residue-2026-09.md still describes the tree

[1m== …and its figures still come off the page files, not out of the prose[0m [2m(self-test: the assertions below are meant to fire)[0m
   self-test |    OK: 11 residue row(s) in 5 class(es), 8 folded ticket(s), every figure off the tree

[1m== the 1834 letter list's 170 lines still reach what the concordance says they reach[0m
OK  170 printed lines, 100 reaching a card, 0 unread, 16 readings ruled onto the image and 3 still disagreeing

[1m== the lines the 1834 crops lost are still exactly the ones the roster lift carries[0m
ok    54 printed lines lifted from the roster; 116 of the return's 170 lines are carried by the crops

[1m== …and its own assertions still fire when broken[0m [2m(self-test: the assertions below are meant to fire)[0m
   self-test | ok    self-test

[1m== …and its tie rules still refuse the ambiguities they are meant to[0m [2m(self-test: the assertions below are meant to fire)[0m
   self-test | OK — the concordance's own assertions hold

[1m== the 1 April 1834 return's 193 lines still reach what the concordance says they reach[0m
ok  letter_list_1834_04_01_concordance.json: 193 lines, 218 letters, 30 dropped by the 1 April transcription, 2 of them by every claim the corpus holds

[1m== …and its own assertions still fire when broken[0m [2m(self-test: the assertions below are meant to fire)[0m
   self-test |    self-test |   passes: the committed derivation, unmodified
   self-test |    self-test |   passes: every claim's ties run down its sub-column, never back up
   self-test |    self-test |   fires: a line tied to two readings of the same claim
   self-test |    self-test |   fires: a sub-column whose lines do not sum to the printed length
   self-test |    self-test |   fires: a letter tally that no longer matches the lines it is made of
   self-test |    self-test |   fires: a drop the ledger says is carried when no claim carries it
   self-test |    self-test | 4 of 4 assertions fire when broken

[1m== the civic, church, press and book residents re-derive from the ladder[0m
   OK: 508 civic resident(s) re-derive byte for byte

[1m== the regraded residents re-derive from the ladder too[0m
   OK: 0 regraded person(s) re-derive byte for byte, 82 refused

[1m== …and none of them claims more than a person and a reading[0m
   OK: 508 civic-minted household(s) claim a person, a reading and no more

[1m== …and that pass's own refusals still fire when broken[0m [2m(self-test: the assertions below are meant to fire)[0m
   self-test |    OK: 13 refusals, the record's own shape and the gate's assertions all fire

[1m== the 1833 tax roll still admits the man who proves it is not a residence check[0m
the 1833 tax list is a property roll (T-1117): its entry 110 is 'Wolcott, Alexander', dead 1830-10-25 on fdn0742, so the list admits a man who was not in the town — 53 household(s) rest on it alone today and none of them may read `present` on it

[1m== the ladder's ruled rungs re-derive on the cards no mint owns[0m
   OK: 845 spent rung(s) re-derive from the ladder, 82 conflict(s) still the owner's

[1m== …and none of them moves a grade to close the gap[0m
   OK: 845 rung(s) spent onto cards the ladder agrees with, 82 conflict(s) left for the owner

[1m== …and that pass's own refusals still fire when broken[0m [2m(self-test: the assertions below are meant to fire)[0m
   self-test |   ok    the committed tree passes its own gate
   self-test |   ok    a rung no derivation reaches is caught
   self-test |   ok    a rung spent onto a grade it does not propose is caught
   self-test |   ok    a ruled person accounted for nowhere is caught
   self-test |   ok    a refusal citing no known reason is caught
   self-test |   ok    a card the ladder never ruled on is never spent a rung

[1m== one person, one card — every duplicate cluster carries a written ruling[0m
   OK: 1440 person(s) on the cards, 69 card(s) folded and redirected, every card in a candidate cluster carries a written ruling

[1m== …and that pass's own assertions still fire when broken[0m [2m(self-test: the assertions below are meant to fire)[0m
   self-test |    OK: every assertion holds

[1m== the one-letter candidate test still measures the blind spot it was written for[0m [2m(self-test: the assertions below are meant to fire)[0m
   self-test |    OK: every assertion holds

[1m== every one-letter card pair carries a ruling naming both its cards[0m
   every one-letter card pair carries a ruling that names both cards

[1m== …and pair-level coverage still refuses a ruling that names only one card[0m [2m(self-test: the assertions below are meant to fire)[0m
   self-test |    pair-level coverage: 3 case(s) pass

[1m== the three levels mean what they say[0m
   11090 graded value(s): 568 attested, 926 inferred, 9596 reconstructed
   warn: first_fort_dearborn_small_house_ne attributes.function: attested, and its note contains 'not stated' — worth checking that the phrase is about some other detail and not about this value.
   warn: beaubien_barn attributes.function: attested, and its note contains 'NOT STATED' — worth checking that the phrase is about some other detail and not about this value.
   warn: beaubien_trading_post attributes.function: attested, and its note contains 'NOT STATED' — worth checking that the phrase is about some other detail and not about this value.
   warn: chicago_lighthouse_1832 attributes.function: attested, and its note contains 'no source' — worth checking that the phrase is about some other detail and not about this value.
   warn: cobweb_castle attributes.cladding: attested, and its note contains 'not stated' — worth checking that the phrase is about some other detail and not about this value.
   warn: council_house attributes.function: attested, and its note contains 'Nothing in' — worth checking that the phrase is about some other detail and not about this value.
   warn: dearborn_street_drawbridge attributes.overall_length_m: attested, and its note contains 'no source' — worth checking that the phrase is about some other detail and not about this value.
   warn: dearborn_street_drawbridge attributes.gallows_frames: attested, and its note contains 'conjectur' — worth checking that the phrase is about some other detail and not about this value.
   warn: dole_warehouse_south footprint: reconstructed, but the note says a source states it — this may be graded too low.
   warn: exchange_coffee_house attributes.function: attested, and its note contains 'does not say' — worth checking that the phrase is about some other detail and not about this value.
   warn: first_presbyterian_church attributes.cost_usd: attested, and its note contains 'invented' — worth checking that the phrase is about some other detail and not about this value.
   warn: first_presbyterian_church attributes.function: attested, and its note contains 'no source' — worth checking that the phrase is about some other detail and not about this value.
   warn: first_presbyterian_church attributes.occupants: attested, and its note contains 'NO SOURCE' — worth checking that the phrase is about some other detail and not about this value.
   warn: fort_dearborn_big_barn attributes.function: attested, and its note contains 'not stated' — worth checking that the phrase is about some other detail and not about this value.
   warn: fort_dearborn_root_house_b attributes.part_of: attested, and its note contains 'not stated' — worth checking that the phrase is about some other detail and not about this value.
   warn: fort_dearborn_us_factors_house attributes.construction: attested, and its note contains 'invented' — worth checking that the phrase is about some other detail and not about this value.
   warn: frederick_thomas_shop attributes.function: attested, and its note contains 'conjectur' — worth checking that the phrase is about some other detail and not about this value.
   warn: goss_cobb_saddlery attributes.occupants: attested, and its note contains 'no source' — worth checking that the phrase is about some other detail and not about this value.
   warn: hogan_store attributes.construction: attested, and its note contains 'No source' — worth checking that the phrase is about some other detail and not about this value.
   warn: hogan_store attributes.function: attested, and its note contains 'no source' — worth checking that the phrase is about some other detail and not about this value.
   ... and 31 more warning(s)
   every graded value is consistent with what its level means

[1m== data JSON parses[0m
   5268 data file(s) parsed

[1m== every browser-launching tool honours PW_EXECUTABLE[0m
   75 browser-launching tool(s), every one pointable via PW_EXECUTABLE

[1m== the road-band movement report names a band that moved[0m [2m(self-test: the assertions below are meant to fire)[0m
   self-test |   ok    R-W1 replay: a band is named at all — 3 row(s)
   self-test |   ok    R-W1 replay: the WORST band named is south_water 250-600 m, unprompted — desktop/south_water/250-600
   self-test |   ok    R-W1 replay: it is named as a FALL — fell
   self-test |   ok    R-W1 replay: the 55-point collapse is in the line — perceptible 71 % → 14 % (-57 points), ΔL* 2.5 → 0.3 (-2.2), ground L* 49.8 → 42.1 (-7.7, exposure)
   self-test |   ok    R-W1 replay: the exposure drop is reported but does not outrank the collapse — severity 7.3
   self-test |   ok    R-W1 replay: the two bands that only darkened are NOT called falls — 1 fall(s)
   self-test |   ok    a band that RECOVERS is reported too, and as a rise — rose
   self-test |   ok    an unchanged run reports nothing
   self-test |   ok    jitter under the materiality bar reports nothing
   self-test |   ok    a newly gated band is named
   self-test |   ok    a band that stopped being gated is named
   self-test |   ok    collect banks the gated band
   self-test |   ok    collect refuses the ungated band
   self-test | 
   self-test | SELF-TEST PASS

[1m== a street's invented line reaches the picture[0m

[1m== the line decides the ribbon, surface and wear decide the track (T-0100, T-0713)[0m
  ok    an invented LINE under an attested surface dithers out — 1 of 1
  ok      ...and drew at FULL confidence before T-0100 — the bug, reproduced — 0
  ok      ...so this test still distinguishes the fix from the fault
  ok    an inferred line grades inferred, not attested — 0.5
  ok    a wholly attested street still draws at full confidence
  ok    an attested LINE under an invented wear still stands — the ribbon is the line's claim
  ok      ...and dithered away as invention before T-0713 — the fault, reproduced
  ok      ...while the TRACK on it grades invented, so the invention is shown, not dropped
  ok    an invented SURFACE grades the track invented even under attested wear
  ok    a record with NO geometry grade is treated as invented, not as attested
  ok    a record with NO surface or wear grade grades its track invented, not attested
  ok    the shipped index carries street records — 80
  ok    every shipped street record carries a geometry grade — 80 of 80
  ok    the platted streets stand at full confidence — 23 attested of 29
  ok    every street whose line outgrades its track moved — 25 of 29
  ok    every trodden street still carries an invented WEAR — which is why the split was needed
  ok    and the platted-but-unopened lines ship with no track at all — the School Section's twelve east-west tiers and, since T-0877, the fifteen records carrying its fourteen north-south lines (Market is two, because Wright rules it in two stretches), Kinzie's Addition's eleven since T-1060, the Michigan St tract's two streets and two alleys since T-1075, Wabansia's six since T-1070, Jefferson and Des Plaines in the West Division since T-1430 — the two lines T-0445 refused for hanging off the end of the modelled ground, seated once T-1416 built the field out to them, and platted over open prairie with nothing fronting them — and Kinzie Street's own reach west of the town since T-1085 — that last one is the only line here whose street is trodden somewhere else, and it is in this population because the wear is attested where the town is and nowhere west of it — 51
  ok    and the only ribbons still graded invented are the ones whose LINE is invented
  note  ribbons by level — attested 23, inferred 53, reconstructed 4.
        Hiding `inferred` drops west_water, jefferson, des_plaines, carroll, madison, monroe, adams, jackson, school_section_tier_4_south_of_madison, school_section_tier_5_south_of_madison, school_section_tier_6_south_of_madison, school_section_tier_7_south_of_madison, school_section_tier_8_south_of_madison, school_section_tier_9_south_of_madison, school_section_tier_10_south_of_madison, school_section_tier_11_south_of_madison, school_section_line_0, school_section_line_1, des_plaines_school_section, jefferson_school_section, clinton_school_section, canal_school_section, school_section_line_6, market_school_section, market_school_section_south, school_section_line_8, wells_school_section, school_section_line_10, clark_school_section, school_section_line_12, state_school_section, illinois_north, indiana_north, ohio_north, ontario_north, erie_north, huron_north, superior_north, cass, rush, pine, sand, michigan_north_tract, market_north_tract, michigan_st_tract_alley_north, michigan_st_tract_alley_south, hubbard, owen, hight, sailors, trade, free, kinzie_west and leaves the platted town standing.

[32mSTREET CONFIDENCE PASS[0m

[1m== a spatial filter still cannot bias the sward's rank deal[0m [2m(self-test: the assertions below are meant to fire)[0m
   self-test | arm          slots kept  rank chi2 (df 15)   mix dev /100   p95
   self-test | none             100.0 %             0.0          0.83   1.25
   self-test | halfplane         61.6 %             2.0          3.33   6.76
   self-test | disc              58.8 %             4.1          5.01   8.69
   self-test | stripe            72.1 %             2.3          3.22   5.91
   self-test | blind             64.9 %             4.7          4.54   7.78
   self-test | rank_low          56.3 %        100800.0         60.46  80.42
   self-test | independent      100.0 %             0.0          5.83   9.90
   self-test | 
   self-test |   ok    the positive control is CAUGHT — a filter that reads rank fails uniformity — chi2 100800.0 > 37.7
   self-test |   ok    the negative control is NOT caught — an unbiased filter passes — chi2 4.7 < 37.7
   self-test |   ok    halfplane really does thin the deal — 61.6 % kept
   self-test |   ok    disc really does thin the deal — 58.8 % kept
   self-test |   ok    stripe really does thin the deal — 72.1 % kept
   self-test |   ok    an unfiltered deal is uniform in rank — the baseline the others are read against — chi2 0.0
   self-test |   ok    the positive control also moves the species mix, not only the histogram — 60.46 > 0.83 per 100
   self-test |   ok    an UNFILTERED stratified deal beats an independent one — the benefit exists at all — 0.83 < 5.83 per 100
   self-test |   ok    halfplane costs precision without losing all of it — the alternative to bias — 0.83 < 3.33 < 5.83
   self-test |   ok    disc costs precision without losing all of it — the alternative to bias — 0.83 < 5.01 < 5.83
   self-test |   ok    stripe costs precision without losing all of it — the alternative to bias — 0.83 < 3.22 < 5.83
   self-test | 
   self-test | SELF-TEST PASS

[1m== the smoke's change-to-parts map still matches the tree[0m [2m(self-test: the assertions below are meant to fire)[0m
   self-test | smoke budget self-test: the map covers all 14 parts, 117 patterns all exist, 8 anchored modules sit in their parts, the renumbering holds, the 5 gate legs tile 1-14 exactly once

[1m== the newspaper corpus resolves, and nothing under data/research/ is published[0m
  ok    86 issues, 2 publications, deposit present
  ok    23 derived text file(s) present and matching their sha256

[1m== the research domains hold one shape[0m
  12 domain(s); 10722 record(s), 8566 claim(s), 426 declared coverage item(s), 12 inventoried and not asserted read
OK: the 12 domains hold their shape

[1m== the four voter lists, their crosswalk and their refusals re-derive[0m
  voter lists: 345 entries, 292 matched, 17 candidate, 36 unmatched; T-0493 declares 30 refusal(s) in crosswalk.json

[1m== the 1830 schedule's reading and its crosswalk re-derive off today's town tree[0m
census_1830: 200 records, 16 matched, 1 surname-variant candidates, 67 surname-only refusals, 115 with no surname in town
read_census_1830: the generated files match the committed reading

[1m== …and that check stays non-destructive, and still fires on a real drift[0m [2m(self-test: the assertions below are meant to fire)[0m
   self-test | census_1830: 200 records, 16 matched, 1 surname-variant candidates, 67 surname-only refusals, 115 with no surname in town
   self-test | census_1830: 200 records, 16 matched, 1 surname-variant candidates, 67 surname-only refusals, 115 with no surname in town
   self-test | FAIL resident_crosswalk.json: does not match what the committed reading rebuilds — either it was hand-edited, or something it derives from moved underneath it. Run --build and read the diff.
   self-test | read_census_1830 --check: non-destructive, and still red on a drift

[1m== every household-derived file under data/research/ is re-derived by this gate[0m
32 generator(s) derive 46 file(s) under data/research/ from the household tree, and this gate re-derives every one

[1m== …and that enumeration's own assertions still fire when broken[0m [2m(self-test: the assertions below are meant to fire)[0m
   self-test | check_household_derivations: the enumeration and the gating rule hold

[1m== the 1833 tax roll still leaves Peter Pruyne one entry, and it is Pryne[0m

[1m== …and each of that count's own assertions still fires when broken[0m [2m(self-test: the assertions below are meant to fire)[0m
   self-test | self-test: caught — the roll losing an entry
   self-test | self-test: caught — a second entry arriving within one letter
   self-test | self-test: caught — an entry appearing two letters away
   self-test | self-test: caught — the survivor's ground falling out of the limits
   self-test | self-test: caught — every 1833 row falling inside, so the test stops discriminating
   self-test | self-test: caught — a source turning up that prints both spellings
   self-test | self-test: caught — a third bearer of the stem arriving in the layer
   self-test | self-test: every assertion fires when broken

[1m== the directory forename rule's own assertions still fire when broken[0m [2m(self-test: the assertions below are meant to fire)[0m
   self-test | name_agreement --self-test: 18 cases hold

[1m== the printed-twice fold's own assertions still fire when broken[0m [2m(self-test: the assertions below are meant to fire)[0m
   self-test | printed_twice --self-test: 17 cases hold

[1m== …and the tie discriminator's do too[0m [2m(self-test: the assertions below are meant to fire)[0m
   self-test | tiebreak --self-test: 10 trade cases and 6 tie cases hold

[1m== the whole-printed-name rule's own assertions still fire when broken[0m [2m(self-test: the assertions below are meant to fire)[0m
   self-test |   ok    22 printed names weighed word for word
   self-test |   ok    one printed line, two people of 1835, and the page names one
   self-test |   ok    a page that sets less than its rivals do decides nothing
   self-test |   ok    two fits of one closeness is a refusal and not a choice
   self-test |   ok    a spelling outranks an initial, and the attorney keeps his entry
   self-test |   ok    a female honorific on a man's own name is not that man (R6)
   self-test |   ok    a volume that prints both readings gives each its own
   self-test |   ok    a generational suffix the reading does not carry declines
   self-test |   ok    a reading that sets a suffix keeps to its own generation
   self-test |   ok    a page setting fewer words than a reading decides no contest
   self-test |   ok    one volume printing both makes the distinction itself
   self-test |   ok    no candidate agreeing means nothing is refused
   self-test |   ok    a female honorific against pages printing none declines

[1m== …and the one-letter surname clause's, whose only outcome is a refusal[0m [2m(self-test: the assertions below are meant to fire)[0m
   self-test |   ok    a terminal letter is one letter away
   self-test |   ok    two edits are not one
   self-test |   ok    a surname is within one letter of itself, and `variants` is what excludes it
   self-test |   ok    a four-letter surname is below the length floor and is never weighed
   self-test |   ok    a six-letter pair one edit apart is offered, and itself is not
   self-test |   ok    a surname with no neighbour of its own length offers nothing
   self-test |   ok    the clause's only outcome is a refusal naming it
   self-test |   ok    an uncontested entry's refusal does not claim a contest
   self-test |   ok    two residents reaching one entry is said in the refusal
   self-test |   ok    one letter and the same forename is a pair, and a different forename is not
   self-test |   ok    all 13 second-hand lines are still where they were read
   self-test |   ok    no claim is quoted twice from the second hand

[1m== …and the letter-list bucket refusal's, which all five directory crosswalks import[0m [2m(self-test: the assertions below are meant to fire)[0m
   self-test | letter_list_bucket self-test: ok

[1m== …and the trade-sentinel predicate all four crosswalks import[0m [2m(self-test: the assertions below are meant to fire)[0m
   self-test | trade_recorded --self-test: 10 cases and 2 sentinels hold

[1m== Norris's 1844 directory entries re-derive from the committed page text[0m
norris 1844: 2073 entries, and they match the committed text

[1m== …and every garbled forename in them is repaired, cited, and none is left unnamed[0m [2m(self-test: the assertions below are meant to fire)[0m
   self-test | norris 1844 --self-test: 11 forename repairs hold against the second hand and 4 against the page image (each read twice, on a reproducible crop), 0 left damaged on purpose
   self-test | norris 1844 --self-test: 8 printed lines hold the three split rules, and no entry in 2073 begins an address at a capital or keeps an unspaced comma inside a forename
   self-test | norris 1844 --self-test: the case rule re-read against the whole volume — 45 of 2073 entries move and every one of them had a case-blind address beginning at a one-letter initial
   self-test | norris 1844 --self-test: the between rule re-read against the whole volume — 175 entries move, every one of them had an address beginning at a `b`, and 11 of them recover the residence the old cut had buried
   self-test | norris 1844 --self-test: 503 entries carry a place of business read out of the trade line, none of them moves an address, and every one says on the claim that it is not a residence
   self-test | norris 1844 --self-test: 53 surnames read off the page image on their own word box, 42 of them carrying the name separator away with them; 2 places the second hand is wrong and the committed reading stands
   self-test | norris 1844 --self-test: the street rule re-read against the whole volume — 7 entries move and every one of them had a street inside its forename; 5 streets are refused an address and each says why on the claim
   self-test | norris 1844 --self-test: 5 surnames lifted out of the margin's ink against the second hand and the volume's own alphabetical run, and 1 turned line(s) the scanner un-indented read with the entry above rather than as a man
   self-test | norris 1844 --self-test: 69 names read past the end of the name — 44 capped at the prefix, 7 refused firm_branch, and 18 healed at the source

[1m== …and the 1835 crosswalk re-derives from those entries[0m
norris crosswalk: matches the committed file

[1m== …and the advertising directory's cards re-derive from the committed page text[0m
advertiser: 158 cards match the committed file

[1m== …and our reading of Norris still disagrees with Torp's in exactly the places recorded[0m
data/research/directories/second_readings/norris_1844_genealogytrails.json matches its inputs

[1m== …and the advertising directory's crosswalk re-derives too[0m
advertiser crosswalk: matches the committed file

[1m== …and all four directories' findings re-derive onto the cards they reach[0m
   OK: 238 people met by a directory, 128 carrying a trade, 165 an address; 492 ruling(s) in the ledger; 232 card(s) written

[1m== …and that pass's four carry rules hold over everything it derives[0m [2m(self-test: the assertions below are meant to fire)[0m
   self-test |    OK: 1183 assertions over 238 people and 492 rulings

[1m== …and the later addresses re-derive through the back-projection clauses[0m
back_project_addresses: ok — 165 addresses adjudicated, 23 placed, 29 already better placed, 113 refused

[1m== …and no back-projected face has grown a grade, a roof or an 1835 link[0m [2m(self-test: the assertions below are meant to fire)[0m
   self-test | back_project_addresses --self-test: ok (0 problem(s))

[1m== …and the later HOME addresses re-derive through the residence clauses[0m
back_project_residences: ok — 59 residence addresses adjudicated, 12 placed, 46 refused

[1m== …and no back-projected home has grown a point, a roof or an 1835 link[0m [2m(self-test: the assertions below are meant to fire)[0m
   self-test | back_project_residences --self-test: ok (0 problem(s))

[1m== …and every pass that writes a paragraph onto a card holds the once-each rule[0m [2m(self-test: the assertions below are meant to fire)[0m
   self-test |    OK: the once-each rule holds in both directions, and all 6 paragraph pass(es) call it

[1m== …and no card in the town carries any pass's paragraph twice[0m
   spend_census_1840_heads.py             clean
   spend_civic_voter_lists.py             clean
   spend_fergus_1839_later_lists.py       clean
   spend_fergus_1839_lot_sale.py          clean
   spend_land_sales.py                    clean
   spend_second_presbyterian_roll.py      clean
   0 card(s) carry a paragraph twice across 6 pass(es)

[1m== …and the 1833-1835 rolls' matched rulings are on the cards they name[0m
civic voter-list spend: 292 ruling(s) on 236 card(s), all written, no strays, none written twice

[1m== …and that pass writes two fields, moves no grade and repeats without drift[0m [2m(self-test: the assertions below are meant to fire)[0m
   self-test | spend_civic_voter_lists self-test: 17 assertion(s) hold

[1m== …and each of those rulings is a bound on the card, not only a paragraph[0m
civic roll bounds: 292 bound(s) on 236 card(s), all written, no strays, none doubled

[1m== …and a roll bounds a presence, a tax roll bounds property, and neither reaches the scene[0m [2m(self-test: the assertions below are meant to fire)[0m
   self-test |   ok:   a day-precision list reaches its own day
   self-test |   ok:   a bare year reaches 31 December
   self-test |   ok:   a month reaches its last day
   self-test |   ok:   an unreadable list date is refused rather than guessed
   self-test |   ok:   a tax row bounds property and not presence
   self-test |   ok:   a tax row puts no body in the town
   self-test |   ok:   a poll row bounds a presence
   self-test |   ok:   a year-precision poll bounds only the year's end
   self-test |   ok:   no row reaches the scene date
   self-test |   ok:   every derived bound is inferred and none is attested
   self-test |   ok:   no derived bound covers the scene date
   self-test |   ok:   every tax bound refuses to place a body
   self-test |   ok:   every presence bound reaches before the scene date is over
   self-test |   ok:   every bound names the archival source and only it
   self-test |   ok:   every bound names a record the roll actually holds
   self-test |   ok:   the applier changes exactly one key
   self-test |   ok:   the applier is idempotent
   self-test |   ok:   the block lands in its slot and not at the end of the record
   self-test |   ok:   a rewrite carries the land register's group through untouched
   self-test |   19 check(s), 0 failure(s)

[1m== …and the 1830 schedule and St Mary's register are bounds on the 21 cards they name[0m
appearance bounds: 29 bound(s) on 23 card(s), all written, no strays, none doubled

[1m== …and a district is not the town, a later appearance bounds nothing, and no kin tie is taken[0m [2m(self-test: the assertions below are meant to fire)[0m
   self-test |   ok:   a day-precision reading reaches its own day
   self-test |   ok:   a bare year reaches 31 December
   self-test |   ok:   a month reaches its last day
   self-test |   ok:   an unreadable date is refused rather than guessed
   self-test |   ok:   the scene date itself reads as earlier
   self-test |   ok:   the day after the scene date reads as later
   self-test |   ok:   a name no resident carries is refused rather than chosen between
   self-test |   ok:   a name two residents carry is refused rather than chosen between
   self-test |   ok:   every derived bound is inferred and none is attested
   self-test |   ok:   no derived bound covers the scene date
   self-test |   ok:   every 1830 row bounds a district and puts no body in the town
   self-test |   ok:   every register row bounds a presence at Chicago
   self-test |   ok:   an appearance later than the scene date bounds nothing at it
   self-test |   ok:   an earlier register appearance reaches its own day and no further
   self-test |   ok:   every bound names one of this pass's two archival sources and only it
   self-test |   ok:   every bound states the identity rule it rests on
   self-test |   ok:   a register row cites its merge rule and does not transcribe the crosswalk's prose
   self-test |   ok:   nothing is written off St Cyr's pages
   self-test |   ok:   every register row is an attendance role and no kin tie is taken from T-1320
   self-test |   ok:   and the register rows are exactly the merged attendance entries at Chicago
   self-test |   ok:   the applier changes exactly one key
   self-test |   ok:   the applier is idempotent
   self-test |   ok:   the block lands in its slot and not at the end of the record
   self-test |   ok:   and it lands after T-1326's block where a card carries one
   self-test |   24 check(s), 0 failure(s)

[1m== …and the 111 identified press appearances are bounds on the 148 cards they name (T-1343)[0m

[1m== …and a name in print is never a presence, and no card the register did not enrich is touched[0m [2m(self-test: the assertions below are meant to fire)[0m
   self-test |   ok:   the corpus is the press units of the remainder register's own test and no others
   self-test |   ok:   the corpus does not move once the bounds are on the cards
   self-test |   ok:   every derived bound is inferred and none is attested
   self-test |   ok:   no row puts a body in the town
   self-test |   ok:   no derived bound covers the scene date
   self-test |   ok:   every bound reaches its own issue day and no further
   self-test |   ok:   a bound later than the scene date says so
   self-test |   ok:   every bound names one committed publication and only it
   self-test |   ok:   every bound states the identity rule it rests on
   self-test |   ok:   a bound cites the register and does not transcribe the claim
   self-test |   ok:   every bound names its unit by the file-qualified key T-1342 made nameable
   self-test |   ok:   and no bound prints a resident card id, which would assert another corpus's units
   self-test |   ok:   nothing is written off a register action other than `enrich`
   self-test |   ok:   a register action this pass has no rule for is refused rather than guessed
   self-test |   ok:   the ledger counts what it wrote
   self-test |   ok:   the applier changes exactly one key
   self-test |   ok:   the applier is idempotent
   self-test |   ok:   the block lands in its slot and not at the end of the record
   self-test |   ok:   and another owner's rows in the same block are carried through untouched
   self-test |   ok:   retracting clears this pass's groups off a card the register dropped
   self-test |   ok:   and it leaves the other owners' rows standing
   self-test |   ok:   and retracting twice is a no-op
   self-test |   22 check(s), 0 failure(s)

[1m== …and the 313 upheld land-sale purchases are bounds on the cards they name (T-1332)[0m
land-sale bounds: 313 bound(s) on 77 card(s), all written, no strays, none doubled, none still ruled

[1m== …and a purchase is a dated appearance, never a residence, and never a Chicago presence[0m [2m(self-test: the assertions below are meant to fire)[0m
   self-test |   ok:   this pass writes one bound per unit the register handed to T-1332
   self-test |   ok:   …and the register itself rules none of them
   self-test |   ok:   not one row claims a Chicago presence
   self-test |   ok:   every row is an appearance or a Cook residence, and nothing stronger
   self-test |   ok:   no row covers the scene date
   self-test |   ok:   every date the register prints falls on or before the scene date
   self-test |   ok:   the rows the register states COOK for are the ones marked a Cook residence
   self-test |   ok:   …and a Cook residence still puts no body in the town
   self-test |   ok:   every bound is inferred and none is attested
   self-test |   ok:   every bound calls the register's own date documented
   self-test |   ok:   every bound carries the ground the crosswalk upheld it on
   self-test |   ok:   every bound names the register and only it
   self-test |   ok:   every bound names the register row it was built from
   self-test |   ok:   no record is written twice
   self-test |   ok:   the applier changes exactly one key
   self-test |   ok:   the applier is idempotent
   self-test |   ok:   the block lands in its slot and not at the end of the record
   self-test |   ok:   a write carries T-1326's roll bounds through untouched
   self-test |   18 check(s), 0 failure(s)

[1m== …and two owners of one block replace their own rows and nobody else's[0m [2m(self-test: the assertions below are meant to fire)[0m
   self-test |   ok:   a row is owned by the single source it cites
   self-test |   ok:   a row citing two sources is owned by neither
   self-test |   ok:   a row citing an unclaimed source is unowned
   self-test |   ok:   a pass writing its own group leaves the other group alone
   self-test |   ok:   …and the civic pass rewriting its own group does not move the land group
   self-test |   ok:   the group order is OWNERS' order and not the order the passes ran in
   self-test |   ok:   a pass writing an empty group removes its own rows and only those
   self-test |   ok:   an unclaimed row is carried through rather than deleted
   self-test |   ok:   `mine` sees only the caller's rows
   self-test |   ok:   a third owner writing its group leaves the first two alone
   self-test |   ok:   …and an earlier owner rewriting its group does not move the third's
   self-test |   ok:   every owned source names exactly one owner
   self-test |   ok:   the first write lands in the slot after `sources`, not at the end
   self-test |   ok:   a second identical write changes nothing
   self-test |   ok:   a write by the other owner changes the card once
   self-test |   ok:   …and is idempotent too
   self-test |   0 failure(s)

[1m== …and Fergus 1839's later lists are on the 97 cards they name[0m
fergus 1839 later lists: 108 ruling(s) on 104 card(s), no strays, none written twice

[1m== …and that pass writes two fields, moves no grade and repeats without drift[0m [2m(self-test: the assertions below are meant to fire)[0m
   self-test | fergus 1839 later lists self-test: ok

[1m== …and the land tract sales are on the 31 cards they name, once each[0m
land tract sales: 542 entry/entries on 107 card(s), no strays, none written twice

[1m== …and that pass writes two fields, moves no grade and repeats without drift[0m [2m(self-test: the assertions below are meant to fire)[0m
   self-test | land tract sales self-test: ok

[1m== …and the Fort Dearborn Addition lot sale is on every card it names[0m
fergus 1839 lot sale: 51 lot row(s) on 19 card(s), no strays, none written twice

[1m== …and that pass writes two fields, moves no grade and repeats without drift[0m [2m(self-test: the assertions below are meant to fire)[0m
   self-test | fergus 1839 lot sale self-test: ok

[1m== the old-settlers rolls rebuild from their committed transcription[0m
  327 name(s) read; 45 merged, 282 refused or unmatched
OK: the old-settlers rolls rebuild from the committed transcription

[1m== …and its own assertions still fire when broken[0m [2m(self-test: the assertions below are meant to fire)[0m
   self-test |   ok    a hand-edited people.json is caught
   self-test |   ok    a hand-edited receptions.json is caught
   self-test |   ok    a hand-edited 1879 registry cell is caught
   self-test |   ok    a deleted 1879 transcription is caught
   self-test |   ok    a hand-edited crosswalk.json is caught
   self-test |   ok    a claim quoting something the transcription does not carry is caught
   self-test |   ok    a source id that does not resolve is caught
   self-test |   ok    a deleted output is caught
   self-test | OK: the old-settlers gate's assertions still fire

[1m== Fergus's death notices are on the cards the crosswalk names[0m
old-settler deaths: 64 death notice(s) on 64 card(s), 45 roster merge(s) still cited, no strays

[1m== …and that pass writes one block, moves no grade and repeats without drift[0m [2m(self-test: the assertions below are meant to fire)[0m
   self-test | spend_old_settlers self-test: 0 assertion(s) failed

[1m== sex and age stand on the evidence, and the forename table re-derives[0m
sex and age: 771 of 1440 people carry a sex, 60 a birth year; the forename table re-derives and 5 name(s) stay refused

[1m== …and an initial, a rank and an ambiguous forename still fire nothing[0m [2m(self-test: the assertions below are meant to fire)[0m
   self-test | spend_person_sex_age self-test: 0 assertion(s) failed

[1m== every family member the sources name is ruled on, and the ruled writes are on the cards[0m
ok  23 stated family statement(s), every one ruled; 4 person(s) seated and accounted for on both sides

[1m== …and an unruled statement, a lost write and a stale report all still fire[0m [2m(self-test: the assertions below are meant to fire)[0m
   self-test |    self-test | ok   the committed tree is green
   self-test |    self-test | ok   a statement nobody ruled on
   self-test |    self-test | ok   a ruling with no statement
   self-test |    self-test | ok   a verdict with no reason
   self-test |    self-test | ok   a ruled write that is not on the card
   self-test |    self-test | ok   a person this pass wrote that no ruling claims
   self-test |    self-test | ok   a manifest that disagrees with the cards
   self-test |    self-test | ok   a stale report
   self-test |    self-test | ok   a reconstructed grade under a research writer
   self-test |    self-test | 0 failure(s)

[1m== every kinship the book corpus states is ruled on, and the ruled ties are on the cards[0m
the book corpus's kinship re-derives, and every claim carries a ruling

[1m== …and a half brother flattened to a brother, a one-sided tie and a lost claim all still fire[0m [2m(self-test: the assertions below are meant to fire)[0m
   self-test |   ok   a kinship claim nobody has ruled on is an error
   self-test |   ok   a ruling with no reason is an error
   self-test |   ok   a ruling with no verdict is an error
   self-test |   ok   a ruling answering a claim that no longer states kinship is an error
   self-test |   ok   'tie' with no kin row on the record is an error
   self-test |   ok   'tie' with both reciprocal rows present passes
   self-test |   ok   a tie written on one card only is an error
   self-test |   ok   a written row that does not cite the book is an error
   self-test |   ok   a written row that does not name its claim is an error
   self-test |   ok   a book_kin row no ruling writes is an error
   self-test |   ok   a relation validate.py knows no inverse for is refused
   self-test |   ok   a half brother mirrored as a plain brother is refused
   self-test |   ok   a tie from one household to itself is refused
   self-test |   ok   a ruling quoting a reading the claim no longer carries is an error
   self-test |   ok   the marriage verb is in the vocabulary the survey's pattern cannot see
   self-test |   ok   'family' is NOT — a counted family is the reconstruction programme's
   self-test |   ok   a merge rewrites a book name to the resident it names
   self-test |   ok   a refused pair is blocked however well the names fold
   self-test |   ok   a book name nothing has identified resolves to nobody
   self-test |   ok   the writable relations are exactly validate.py's declared inverses
   self-test | 
   self-test | 0 failure(s)

[1m== the Second Presbyterian roll is on the cards its crosswalk matches[0m
Second Presbyterian roll: 82 matched ruling(s) on 82 card(s), no strays, none written twice, no refusal spent; 4 roll line(s) met by more than one townsperson, named on all 9 of their cards

[1m== …and that pass spends no refusal, moves no grade and repeats without drift[0m [2m(self-test: the assertions below are meant to fire)[0m
   self-test | Second Presbyterian roll self-test: 562 assertion(s) over 82 ruling(s), 0 failure(s)

[1m== …and its own assertions still fire when broken[0m [2m(self-test: the assertions below are meant to fire)[0m
   self-test |   fires: a claim kind outside the closed vocabulary
   self-test |   fires: a claim with no reading grade
   self-test |   fires: a record with no reading grade
   self-test |   fires: a reading grade outside the two
   self-test |   fires: a quote that differs by one character
   self-test |   fires: a quote citing text this repo does not hold
   self-test |   fires: a record verbatim that differs by one character
   self-test |   fires: a record verbatim citing text this repo does not hold
   self-test |   fires: a record with no verbatim is not held to the committed text
   self-test |   fires: a declared page nothing reaches
   self-test |   fires: a coverage unit outside the vocabulary
   self-test |   fires: a census image declared read that no pages/ file reaches
   self-test |   fires: an inventoried image that names a page file
   self-test |   fires: an image declared read that names no page file
   self-test |   fires: an image whose declared page file is not committed
   self-test |   fires: an image the gate cannot grade
   self-test |   fires: an off-deposit page that names no source either
   self-test |   fires: an off-deposit page naming a source record that does not exist
   self-test |   fires: a merge with no rule
   self-test |   fires: a merge rule that does not read back
   self-test |   fires: a refusal naming only one spelling
   self-test |   fires: a surname-only merge
   self-test |   fires: a claim file citing a source id that does not resolve
   self-test |   fires: a records file citing a source id that does not resolve
   self-test |   fires: a domain that has lost its README
   self-test |   fires: a domain with no identity layer
   self-test |   fires: a domain that declares no coverage
   self-test |   fires: a hand-edited manifest
   self-test |   fires: two rows under one id
   self-test |   fires: a town_finding that is not a boolean
   self-test |   fires: a units_in naming an array the file does not hold
   self-test |   fires: a declared list whose only reading has emptied out
   self-test |   fires: a roster merge naming only the printed spelling
   self-test |   fires: a roster merge citing an undeclared rule
   self-test |   fires: a roster merge on a bare surname
   self-test |   fires: a roster merge with nothing behind it
   self-test |   fires: a roster merge that reaches nobody
   self-test |   fires: a roster refusal that does not say why
   self-test |   fires: a pairwise merge is still a pairwise merge
   self-test | SELF-TEST PASS — every research-domain assertion fires when broken (39 cases)

[1m== the namesake rule's own assertions still fire when broken[0m [2m(self-test: the assertions below are meant to fire)[0m
   self-test | namesake --self-test: 13 naming cases and 4 collision cases hold

[1m== the land tract sales re-derive from their committed deposit[0m
land sales: 1572 sales re-derived from the deposit, no drift

[1m== …and its own assertions still fire when broken[0m [2m(self-test: the assertions below are meant to fire)[0m
   self-test | read_land_sales --self-test: 42 assertions fire when broken
   self-test |   · a COOK residence grades documented
   self-test |   · a purchase with no stated residence grades inferred
   self-test |   · a partnership is refused as a person and carried as a firm
   self-test |   · a surname-only purchaser is refused
   self-test |   · a refusal names the records it was made from
   self-test |   · a COOK row that is not the first still grades the match documented
   self-test |   · a refused ruling moves the proposal into refusals[] under its ticket
   self-test |   · a ruling on a proposal nobody made fails the gate
   self-test |   · a ruling that states no reasoning fails the gate
   self-test |   · a reading the forename rule cannot place is refused with rivals
   self-test |   · a named ruling moves a refusal into matches[] under its ticket
   self-test |   · a named ruling cannot reach a surname-only purchaser
   self-test |   · a named ruling cannot reach outside the rivals the rule weighed
   self-test |   · a hand refusal the rule has caught up with still passes the gate
   self-test |   · an upheld ruling on a proposal the rule refuses fails the gate
   self-test |   · a second deposit appends its ids and cites its own file
   self-test |   · a third deposit appends its ids after the second's
   self-test |   · a town lot resolves its lot and block and refuses to name the plat
   self-test |   · a part OF a town lot keeps the register's own fractions
   self-test |   · a town code ending in VO leaves `void` null and states the question
   self-test |   · a lot and block naming no town refuses the plat and says why
   self-test |   · an unparsable sectionless tract is refused with a stated reason
   self-test |   · the school section's lots and the plat's lots stay two kinds
   self-test |   · a body corporate is refused as a body and carried with its ground
   self-test |   · an undeclared body stops the gate until somebody reads its rows
   self-test |   · every section walked whole is declared read, and none is truncated
   self-test |   · a hand-edit to entries.json fails the gate
   self-test |   · a hand-edit to coverage.json fails the gate
   self-test |   · a hand-edit to crosswalk.json fails the gate
   self-test |   · a hand-edit to resident_crosswalk.json fails the gate
   self-test |   · a hand-edit to records/entries_t39n_t40n_r14e_through_1836.json fails the gate
   self-test |   · a hand-edit to records/entries_t39n_t40n_r13e_t38n_t41n_r14e_t38n_r15e_through_1836.json fails the gate
   self-test |   · a changed deposit fails the gate
   self-test |   · a folded card's surname still gathers the person it was ruled to be
   self-test |   · a merge that does not change the spelling is not carried
   self-test |   · a chain of merges resolves to the surviving person
   self-test |   · a merge onto a person the layer has lost is skipped
   self-test |   · a harvest that matches the probe row for row is green
   self-test |   · a sectionless row the harvest never fetched fails the gate
   self-test |   · a harvested row the probe does not list as sectionless fails the gate
   self-test |   · a harvested row that acquired a section fails the gate
   self-test |   · a detail page that disagrees with the list page fails the gate

[1m== no land-sale ruling has left the file without saying so[0m
   ok    base origin/dev at 22685d120
   ok    chicago/4d/data/research/land_sales/resident_rulings.json: 213 -> 213 adjudication(s), none lost
   ok    chicago/4d/data/research/books/trade_census_1835_spend_rulings.json: 36 -> 36 adjudication(s), none lost
   ok    chicago/4d/data/research/newspapers/trade_class_rulings.json: 149 -> 149 adjudication(s), none lost
   ok    chicago/4d/data/research/newspapers/place_vocabulary.json: 128 -> 128 adjudication(s), none lost
   ok    chicago/4d/data/research/directories/fergus_1839_lots_corrections.json: 120 -> 120 adjudication(s), none lost
   ok    chicago/4d/data/residents/card_merge_rulings.json: 140 -> 140 adjudication(s), none lost

[1m== …and its own assertions still fire when broken[0m [2m(self-test: the assertions below are meant to fire)[0m
   self-test |    WARN  the #1055 commits are not in this clone (shallow?) — the fixture pair went unasked
   self-test |    fires: one entry removed from the tree under test
   self-test |    fires: a swap — one judgement out, one in, and the total never moves
   self-test |    passes: the same ruling RETIRED — a move between the counted arrays
   self-test |    passes: a ruling WITHDRAWN with a reason and the ticket that decided it
   self-test |    fires: the same withdrawal with no reason written
   self-test |    — resident_rulings.json
   self-test |      fires: one judgement out of ruled[]  (213 adjudication(s) registered)
   self-test |      passes: the same judgement withdrawn into withdrawn[] with a reason
   self-test |      fires: the same withdrawal with nothing written
   self-test |    — trade_census_1835_spend_rulings.json
   self-test |      fires: one judgement out of classes_ruled[]  (36 adjudication(s) registered)
   self-test |      passes: the same judgement withdrawn into withdrawn[] with a reason
   self-test |      fires: the same withdrawal with nothing written
   self-test |    — trade_class_rulings.json
   self-test |      fires: one judgement out of trade_rulings[]  (149 adjudication(s) registered)
   self-test |      passes: the same judgement withdrawn into withdrawn[] with a reason
   self-test |      fires: the same withdrawal with nothing written
   self-test |    — place_vocabulary.json
   self-test |      fires: one judgement out of places[]  (128 adjudication(s) registered)
   self-test |      passes: the same judgement withdrawn into withdrawn[] with a reason
   self-test |      fires: the same withdrawal with nothing written
   self-test |    — fergus_1839_lots_corrections.json
   self-test |      fires: one judgement out of lots[]  (120 adjudication(s) registered)
   self-test |      passes: the same judgement withdrawn into withdrawn[] with a reason
   self-test |      fires: the same withdrawal with nothing written
   self-test |    — card_merge_rulings.json
   self-test |      fires: one judgement out of clusters[].rulings[]  (140 adjudication(s) registered)
   self-test |      passes: the same judgement withdrawn into withdrawn[] with a reason
   self-test |      fires: the same withdrawal with nothing written
   self-test |    ok: every refused file is still in the tree, and refused for one reason
   self-test |    ok: the gate workflow still fetches a base ref and requires one
   self-test |    self-test: a lost judgement fails, a moved or stated one does not

[1m== the school-section sale still reads the way T-1017 ruled it[0m
   ok    data/research/land_sales/school_section_sale_1833.json re-derives — 337 rows, 105 buyers, 46.7% upheld against 15.7% elsewhere, and 11 buyers the layer has no surname for

[1m== …and all three arms of that ruling still fail when broken[0m [2m(self-test: the assertions below are meant to fire)[0m
   self-test |    OK: SC is section 16 and nothing else, 337 rows and 105 buyers close on the register, the readings partition them, the enrichment runs the way the note says, and all three invariants fire when broken

[1m== the surname-fold measurement still measures something, on a distance that holds[0m [2m(self-test: the assertions below are meant to fire)[0m
   self-test |    OK: every assertion holds

[1m== the land tracts still resolve to the same ground, and the same roofs stand on them[0m
the land-tract join re-derives: 346 tracts on the ground, 128 structures reached

[1m== …and the section grid's own assertions still fire when broken[0m [2m(self-test: the assertions below are meant to fire)[0m
   self-test |   ok  the four sections meet at G1
   self-test |   ok  aliquot descriptions resolve, and only aliquot descriptions
   self-test |   ok  a quarter measures 160 acres and a half-quarter 80
   self-test |   ok  no void entry reaches a structure
   self-test |   ok  a rewritten block replaces the old one instead of being replaced by it
   self-test |   ok  every row either lands or says why it does not
   self-test |   ok  336 of 337 school-section rows land on a block of Wright's plat, and the rest say why they do not
   self-test |   ok  no school-section block placement claims the ground under a roof
   self-test |   ok  the sale sells no lot in any of the four blocks the sheet reserves
   self-test |   ok  a bare block, a lot-and-block, a voided row and an unread description are each read as what they are
   self-test |   ok  335 rows are 297 parcels: every one of the 38 repeated parcels is two names on one day, one page and two purchase numbers
   self-test |   ok  counting parcels changed no row count and merged no spelling
   self-test |   ok  not one of the 40 same-day town-lot repeats repeats a purchaser's NAME, which is what a duplicated row would do
   self-test |   ok  three town-lot groups carry a rounding remainder across their rows: $5,750.00, $2,060.00 and $3,500.00, each in three
   self-test |   ok  11 town lots are partitioned by their own rows at one price per lot, and 8 of them spell the town code more than one way while doing it
   self-test |   ok  the residual-quarter reading stays arithmetic: no row gained a fraction, and the town lots' purchase money is the sum of the rows
   self-test | 16 assertion group(s) still fire

[1m== Fergus's 1843 directory rebuilds from its committed text, at the declared counts[0m
fergus 1843: 2695 entries, and they match the committed text and the counts coverage.json declares

[1m== …and every run-on surname in it is repaired against the printed volume, or said[0m [2m(self-test: the assertions below are meant to fire)[0m
   self-test | fergus 1843: 25 run-on surnames repaired (7 documented off the second hand, 18 inferred from the format), 2 left alone; 6 obituary tails cut back onto the entry above (0 still swallowed), 30 institutions or particles standing

[1m== …and its crosswalk to the 1835 residents rebuilds too[0m
fergus crosswalk: matches the committed file

[1m== Fergus's 1843 civic account rebuilds from its committed text, at the declared count[0m
fergus 1843 civic: 388 claims, and they match the committed text and the count coverage.json declares

[1m== Fergus's 1839 directory rebuilds from its committed text[0m
fergus 1839: 1655 entries and 38 town findings, and they match the committed text

[1m== …and the seven repaired surnames in it still read off their witnesses[0m [2m(self-test: the assertions below are meant to fire)[0m
   self-test | fergus 1839: 7 surnames repaired (4 the scan broke in two, 3 the comma was absent from; 5 documented off a committed witness, 2 inferred from the format and the alphabet), 4 standing outside the table

[1m== …and the trade table counted off it rebuilds too[0m
  1,655 entries, 1,583 carrying a printed trade
  mapped 1,377 (87.0%) onto 88 trades; refused 206
  13 trade(s) the 1835 vocabulary has no word for
     152  0.110   clerk
     133  0.097   carpenter
      73  0.053   labourer
      65  0.047   grocer
      54  0.039   builder
      48  0.035   blacksmith
      45  0.033   attorney
      45  0.033   dry_goods_merchant
      42  0.030   tailor
      41  0.030   merchant
      41  0.030   teamster
      30  0.022  *drayman
    refused   64  a_firm_style
    refused   61  no_rule_reaches_it
    refused   28  not_legible
    refused   25  an_employer_or_a_name
    refused   21  a_house_not_a_trade
    refused    7  an_address

[1m== …and the trade table's own reading rules still fire[0m [2m(self-test: the assertions below are meant to fire)[0m
   self-test |   19 rule case(s), the balance and the rebuild hold

[1m== …and its crosswalk to the four pools of 1835 names rebuilds too[0m
fergus 1839 crosswalk: matches the committed file

[1m== …and the 1839 street face compiled off it rebuilds too[0m
fergus 1839 street faces: matches the committed file

[1m== the 1837 charter election rebuilds from its committed text, at the declared counts[0m
fergus 1839 election: 765 claims (706 voters), and they match the committed text at the counts coverage.json declares

[1m== …and its crosswalk to the four pools of 1835 names rebuilds too[0m
fergus 1839 election crosswalk: matches the committed file

[1m== …and the first ward's 167 names still agree with what the page images were counted at[0m
fergus 1839 first ward: the scan record and the claims file agree, 167 names

[1m== the 1839 city register and the mayor and sheriff tables rebuild from their committed text[0m
fergus 1839 city register: 111 claims (108 persons, 2 derivations), and they match the committed text at the counts coverage.json declares

[1m== …and its own assertions still fire when broken[0m [2m(self-test: the assertions below are meant to fire)[0m
   self-test | fergus 1839 city register: 3 assertions fire when broken

[1m== …and its crosswalk to the four pools of 1835 names rebuilds too[0m
fergus 1839 register crosswalk: matches the committed file

[1m== Fergus 1839's Fort Dearborn lot sale and population table rebuild from the committed text and row map[0m
fergus 1839 printed 47-50: 268 lot claims and 42 population claims rebuild

[1m== …and the three rules that judge that reading still fire when broken[0m [2m(self-test: the assertions below are meant to fire)[0m
   self-test | fergus 1839 lots: the ditto, the carried block, the refused numeral and the page-image correction all fire

[1m== …and the bidders' crosswalk to the pools of 1835 names rebuilds too[0m
fergus 1839 lots crosswalk: matches the committed file

[1m== Norris's 1844 firms re-derive their dating against 1835[0m
norris 1844 businesses: matches the committed file

[1m== …and its own assertions still fire when broken[0m [2m(self-test: the assertions below are meant to fire)[0m
   self-test |   fires: the sketch route fires when a finding names the firm
   self-test |   fires: ...and not when it names only part of it
   self-test |   fires: ...and never through this project's own gloss
   self-test |   fires: a firm style reads as its partners' surnames
   self-test |   fires: two surnames in a firm style are a firm identity
   self-test |   fires: one surname with no initial on both sides is refused
   self-test |   fires: one surname with agreeing initials is a match
   self-test |   fires: a contradicted initial is refused
   self-test |   fires: a side printing FEWER initials than the other still agrees
   self-test |   fires: ...and the real Adams pair, agreeing on one initial out of three, does not
   self-test |   fires: ...while the exact Adams firm pairing still stands
   self-test |   fires: the alphabetising comma's initial attaches to the surname before it
   self-test |   fires: ...and a leading initial-only part still attaches to nothing
   self-test |   fires: a founding year at or before the scene is read
   self-test |   fires: ...and a later one is not
   self-test |   fires: founding language is what carries the year
   self-test |   fires: ...and a street number is not founding language
   self-test | SELF-TEST PASS — 17 case(s)

[1m== Fergus's old-settler death notices rebuild from their committed text[0m
fergus death notices: 757 entries rebuild from the committed text

[1m== …and its own assertions still fire when broken[0m [2m(self-test: the assertions below are meant to fire)[0m
   self-test |   fires: a hand-edited entry
   self-test |   fires: a birth year graded above inferred
   self-test |   fires: an entry claiming the scene year
   self-test |   fires: a match quietly dropped from the crosswalk
   self-test |   fires: a text copy that has drifted from its cache
   self-test |   fires: a coverage count that no longer matches the text
   self-test |   fires: a reading with no coverage declaration
   self-test | read_fergus_obits self-test: all assertions fire

[1m== the Genealogy Trails inventory covers every section the county index links[0m
OK: 22 sections graded, 40 cached pages

[1m== …and its own assertions still fire when broken[0m [2m(self-test: the assertions below are meant to fire)[0m
   self-test | self-test — every assertion, broken on purpose:
   self-test |   ok   unknown grade
   self-test |   ok   unknown state
   self-test |   ok   not a number
   self-test |   ok   missing field
   self-test |   ok   cached page that is not here
   self-test |   ok   has no row for it
   self-test |   ok   cannot prove the index was covered
   self-test |   ok   does not quote
   self-test |   ok   is missing describes_date
   self-test |   ok   declares no sections
   self-test | 10 of 10 assertions fired

[1m== the Newberry index stays a finding aid, and its reading rebuilds from the cards[0m
newberry index: ok

[1m== …and its own assertions still fire when broken[0m [2m(self-test: the assertions below are meant to fire)[0m
   self-test |   fires: a record whose as_read has been tidied — records/entries_vol_01.json nbi_v01_0001: as_read is not what the committed text says at its locator
   self-test |   fires: a reading upgraded to scan_verified — records/entries_vol_01.json nbi_v01_0001: reading is 'scan_verified' — a machine's reading of a photostat of a
   self-test |   fires: a locator pointing past the end of the committed text — records/entries_vol_01.json nbi_v01_0001: locator names lines [1, 10000000], which vol_01_locality_cards.txt d
   self-test |   fires: a card whose localities no longer re-derive from its body — records/entries_vol_01.json nbi_v01_0001: the localities do not re-derive from the committed body line
   self-test |   fires: a records file citing another source — records/entries_vol_01.json: cites source_id 'andreas_1884_v1', not 'newberry_genealogical_index'
   self-test |   fires: the committed text edited by hand after extraction — records/entries_vol_01.json: vol_01_locality_cards.txt does not hash to what MANIFEST says it does — the commi
   self-test |   fires: MANIFEST naming the wrong Internet Archive item — MANIFEST names ia_item 'wrong', not the identifier the owner uploaded the volumes under
   self-test |   fires: a column sliver the records no longer mark — records/entries_vol_01.json nbi_v01_0695: a column sliver of nbi_v01_0699 that the records do not mark — the d
   self-test |   fires: a card marked a sliver of one it does not truncate — records/entries_vol_01.json nbi_v01_0001: marked a sliver of nbi_v01_0001, and the committed text does not mak
   self-test |   fires: a volume counting its slivers as cards — records/entries_vol_01.json: counts.cards says 2397, and the file holds 2397 records of which 3 are column sli
   self-test |   fires: a reading nobody scanned for column slivers — records/entries_vol_01.json: no sliver_scan — this reading has never been scanned for column slivers, and coun
   self-test |   fires: a sliver scan that no longer re-derives from the committed text — records/entries_vol_01.json: sliver_scan.boundary_pairs says 1113 and the committed text gives 1112
   self-test |   fires: a bled-in body the records no longer mark — records/entries_vol_01.json nbi_v01_0832: opens with the tail of nbi_v01_0826 in the column to its left and th
   self-test |   fires: a card marked a bled-in body off one whose tail it does not open with — records/entries_vol_01.json nbi_v01_0002: marked a bled-in body off nbi_v01_0001, and the committed text does 
   self-test |   fires: a volume counting its bled-in bodies as cards — records/entries_vol_01.json: counts.cards says 2394, and the file holds 2397 records of which 3 are column sli
   self-test |   fires: a bleed_run shortened to something the two cards do not share — records/entries_vol_01.json nbi_v01_0832: bleed_run is not the run the committed text shares with nbi_v01_0826
   self-test |   fires: a merge in the crosswalk — crosswalk.json carries a merge — an index entry is a surname and nothing else, and a surname-only merge is alw
   self-test |   fires: committed leads that no longer re-derive from their inputs — leads.json does not re-derive from its inputs: the layers, the WORKS table or the committed card text have mov
   self-test |   fires: committed leads with no re-derivation fingerprint at all — leads.json carries no derives_from.fingerprint — it was written before the re-derivation gate; re-run tools/re
   self-test |   fires: a lead candidate with no rule — leads.json lead_v01_abbott_census_1840: a candidate with no rule — 'Samuel E. Abbot'
   self-test |   fires: a lead that calls itself a match — leads.json lead_v01_abbott_census_1840: a lead that does not say it is a lead
   self-test |   fires: more lead cards than cards on a work — follow_up.json andreas_history_of_chicago: more lead cards than cards
   self-test |   fires: a precision figure restated above its own verdicts — precision_sample.json: the counts do not add up to the verdicts under them
   self-test |   fires: a sampled card that is no longer in the records — precision_sample.json nbi_v01_0246: the card it adjudicates is no longer in the records — re-draw the sample, 
   self-test |   fires: a person graded off the finding aid — data/residents/hh_x.json cites newberry_genealogical_index — the Newberry index is a finding aid published in 
   self-test |   fires: two OCR shards stitch into one volume and assemble
   self-test |   fires: shards read at two different dpi stitched into one volume — pages_0002-0002.json.gz was read with different settings from pages_0001-0001.json.gz — two ranges read differ
   self-test |   fires: shards read off two different pdfs stitched into one volume — pages_0002-0002.json.gz read a different pdf from pages_0001-0001.json.gz
   self-test |   fires: a volume assembled with a page range missing — pages 2 have no shard — the volume is not read yet (2 of 3)
   self-test |   fires: a volume assembled with no shard at all — no OCR shards for volume 4 under /tmp/nbi_ocr_pjkuyx1m — run --extract --ocr --pages A-B first
   self-test |   fires: an OCR shard MANIFEST names that is not committed — volume 1: MANIFEST names OCR shard pages_0001-0001.json.gz, which is not committed
   self-test |   fires: an OCR shard edited after the volume was assembled off it — volume 1: OCR shard pages_0001-0001.json.gz does not hash to what MANIFEST says it does
   self-test |   fires: an OCR shard committed that MANIFEST does not name — volume 1: OCR shard pages_0009-0009.json.gz is committed but MANIFEST does not name it — the committed text wa
   self-test |   holds: the state banner absorbed as a card body (nbi_v02_1675)
   self-test |   holds: the banner in the OCR's own spelling (nbi_v02_1027)
   self-test |   holds: a call-number column wrecked down to the stroke
   self-test |   holds: a call number standing where the locality would (nbi_v02_1106)
   self-test |   holds: the regnal Calendarium, which REGNAL already refused
   self-test |   holds: the regnal Calendarium with its regnal year wrecked (nbi_v03_0614, T-0766)
   self-test |   holds: the same series where the title itself is wrecked (nbi_v01_hibald, T-0766)
   self-test |   holds: a county history the Calendarium rule must not take (T-0766's measured cost)
   self-test |   holds: the regnal Calendarium with its regnal year wrecked (T-0766)
   self-test |   holds: the same series where the title itself is wrecked (T-0766)
   self-test |   holds: a county history the Calendarium rule must not take (T-0766's measured cost)
   self-test |   holds: a wrapped locality, which the call-number rule must not touch
   self-test |   holds: a wrecked reading that still carries its date (nbi_v01_1796's class)
   self-test |   holds: an ordinary Cook County card
   self-test |   holds: a page list that reaches page 111 (nbi_v01_1054)
   self-test |   holds: the illustration note, page 203 illustrated (nbi_v01_1707)
   self-test |   holds: Chicago with its trailing o read as a nought (nbi_v02_0809)
   self-test |   holds: Chicago wrecked to a stop and a nought (nbi_v02_1144)
   self-test |   holds: a page list the OCR ran into the word before it, kept on purpose (nbi_v03_0596)
   self-test | SELF-TEST PASS — 52 case(s)

[1m== every Newberry lead is ruled on, anchored, and re-derives from the cards[0m
newberry lead rulings: 1032 leads on 1430 cards, 0 merges

[1m== …and its own assertions still fire when broken[0m [2m(self-test: the assertions below are meant to fire)[0m
   self-test |    a ruling with no reason                        fires
   self-test |    a ruling with no anchor                        fires
   self-test |    a lead offered and not ruled                   fires
   self-test |    a merge in a finding aid's crosswalk           fires
   self-test |    an outcome outside the three                   fires
   self-test | all 5 assertions fire

[1m== the Black Hawk War enrollments read 134 rows and keep the 83 without a surname[0m
  Black Hawk War 1832: 134 rows, 8 corroborated, 5 ambiguous, 38 unmatched, 83 no_surname

[1m== …and its own assertions still fire when broken[0m [2m(self-test: the assertions below are meant to fire)[0m
   self-test | self-test — every assertion, broken on purpose:
   self-test |   ok   a record deleted by hand
   self-test |   ok   a coverage count that undercounts the list
   self-test |   ok   the records file deleted
   self-test |   ok   a cached page whose columns are gone
   self-test |   ok   a row lost from the page
   self-test |   ok   a domain text copy that has drifted
   self-test | 6 of 6 assertions fired

[1m== St. Cyr's register reads 128 marriages against the article's own 22+18+87+1[0m
  st cyr register: 128 marriages (22 + 18 + 87 + 1, the article's own tally), 11 deaths, quotes verbatim, 1 merge and 8 refusals adjudicated

[1m== …and its own assertions still fire when broken[0m [2m(self-test: the assertions below are meant to fire)[0m
   self-test | self-test — every assertion, broken on purpose:
   self-test |   ok   the committed text edited away from the cache
   self-test |   ok   a marriage reading deleted by hand
   self-test |   ok   a death row's place changed by hand
   self-test |   ok   the Owen merge removed by hand
   self-test |   ok   the coverage declaration removed
   self-test |   ok   gt_001/gt_002 left unmarked
   self-test |   ok   an entry dropped from both copies
   self-test |   ok   the death page's group rite line moved
   self-test | 8 of 8 assertions fired

[1m== the St Mary's baptismal register still rebuilds, tallies and all[0m
  st_marys_baptisms: 57 entries, 267 readings, 8 town findings, 11 images — and the book's own tallies agree
  st_marys_baptisms: 0 exact-name pair(s) awaiting a written ruling

[1m== the Second Presbyterian roll rebuilds, and no line of it is an 1835 fact[0m
second presbyterian roll: 964 records and 82 matched residents rebuild

[1m== …and its own assertions still fire when broken[0m [2m(self-test: the assertions below are meant to fire)[0m
   self-test | second presbyterian: the numeral, the name and the ladder all fire

[1m== …and its own assertions still fire when broken[0m [2m(self-test: the assertions below are meant to fire)[0m
   self-test |   ok    every corpus assertion fires when broken (11 cases)

[1m== the .docx extractor is deterministic and keeps its uncertainty brackets[0m [2m(self-test: the assertions below are meant to fire)[0m
   self-test | docx_text self-test OK — deterministic, 154 chars, markers preserved

[1m== every newspaper claim resolves, quotes verbatim, and the gazetteer is compiled[0m
  ok    86 extraction file(s), 1189 claim(s), deposit present
  ok    1188 quote(s) reassembled from the transcription and identical
  ok    2667 person(s), 3 place(s), 193 business(es), compile deterministic and committed
  ok    264 declared identity merge(s): 200 person, 50 firm, 2 place, 12 proprietor — each one carrying its reason
  ok    5 name(s) declared a place rather than a person, each with its reason and none of them letter-list-only
  ok    4 house(s) hold two proprietors of one surname apart, each with the sentence that tells them apart
  ok    314 placement reading(s) kept with their own dates, 62 house(s) printed with more than one, 4 whose anchor CHANGES on a date — every reading of those accounted for, the live one computed from the scene date
  ok    2 house(s) whose live address a later printing outranks and which are REFUSED a change, each naming an anchor it will not be reordered by and a kind the readings themselves confirm
  ok    22 firm group(s) refused rather than merged, each naming the printings the refusal rests on
  ok    1 business(es) declared another's premises or department rather than merged into it, each naming the printings the relation rests on
  ok    1 agency relation(s): 2 holding(s) and 1 refused, 1 minted record(s) retired — a house that holds an agency gains a line and not a roof
  ok    86 issue(s) inside 19 declared coverage range(s), none missing
  ok    88 transcription(s) resolve their columns, 0 unreadable here, 1 unsegmented by nature

[1m== …and its own assertions still fire when broken[0m [2m(self-test: the assertions below are meant to fire)[0m
   self-test |   ok    every gazetteer assertion fires when broken (212 cases), and all
   self-test |         seven marker dialects resolve

[1m== no reading carries a letter of the OCR's Turkish alphabet[0m

[1m== …and its own assertions still fire when broken[0m [2m(self-test: the assertions below are meant to fire)[0m
   self-test | self-test: 10 case(s), 0 failure(s)

[1m== every business carries a census class, and the December 1835 count re-derives[0m
the December 1835 trade count re-derives: 229 businesses classified, none left out

[1m== …and its own assertions still fire when broken[0m [2m(self-test: the assertions below are meant to fire)[0m
   self-test | trade_census_1835 self-tests pass (24 guards)

[1m== every place the newspapers print is resolved inside the town, outside it, or undecided[0m
resolve_place_vocabulary: 128 printed place(s) resolved — 50 inside, 71 outside, 7 undecided; 103 ruled, 25 derived

[1m== …and its own assertions still fire when broken[0m [2m(self-test: the assertions below are meant to fire)[0m
   self-test |   caught  a printed string nobody resolved
   self-test |   caught  a ruling on a string the papers do not print
   self-test |   caught  a hand ruling with no reasoning
   self-test |   caught  a ruling naming a structure the town does not hold
   self-test |   caught  a derivation that no longer matches the dataset
   self-test |   caught  a hand ruling written over a live derivation
   self-test |   caught  a count edited by hand
   self-test |   caught  a basis this corpus does not declare
   self-test | resolve_place_vocabulary --self-test: 8/8 assertion(s) fire when broken

[1m== the trade-census gap is spent from the layers that hold it, and nobody is invented[0m
the trade-census spend re-derives: 26 practitioners on 5 classes, 17 of 44 still not reached

[1m== …and its own assertions still fire when broken[0m [2m(self-test: the assertions below are meant to fire)[0m
   self-test | trade_census_spend_1835 self-tests pass (17 guards)

[1m== the 1835 town model re-derives, and every figure is bounded and says what it rests on[0m
OK: 1835 town model — July population 2,371–3,265 (point 2,550), 5 sections

[1m== …and its own assertions still fire when broken[0m [2m(self-test: the assertions below are meant to fire)[0m
   self-test |    fires: a recorded town count below the floor the arrival cohort implies
   self-test |    fires: an empty arrival distribution
   self-test |    fires: an arrival share over the wrong denominator
   self-test |    fires: a point reading outside its range
   self-test |    fires: a figure that states no method
   self-test |    fires: a figure derived from no file
   self-test |    fires: a refusal that takes more than one sentence
   self-test |    fires: a section that does not say what it is not claiming
   self-test |    fires: an input file the model cannot read
   self-test | model_town_1835 self-tests pass (9 guards fired, 5 sections, no record named)

[1m== no house is placed by a printing that gave no address[0m
  ok    no house is placed by a printing that gave no address; 13 house(s) take a later printing's, 0 WAIT on a judgement nobody has made, 2 have an `anchor_changes` rule written, 2 are declared REFUSED one with the kind checked, 0 are outranked only by a printing after the scene date, 0 are placed by nothing printed on or before it, and 3 were never given any ground by any printing of their own

[1m== the American's four self-contradictions still read as declared[0m
  ok    4 American contradiction(s) still read as declared, the Democrat still settles none of the three it is silent on, and each is built from one ruling the printings bear out

[1m== …and its own assertions still fire when broken[0m [2m(self-test: the assertions below are meant to fire)[0m
   self-test |   ok    a printing that has stopped existing
   self-test |   ok    a printing that has moved column
   self-test |   ok    a reading that no longer reads that way
   self-test |   ok    a disagreement that has collapsed
   self-test |   ok    an unresolved street that has resolved
   self-test |   ok    the Democrat turning out to carry the address after all
   self-test |   ok    a corroboration that has gone
   self-test |   ok    a transcription line that has drifted
   self-test |   ok    a question left without a ruling
   self-test |   ok    a ruling on a reading no printing carries
   self-test |   ok    a ruling against the printing nearest the scene date
   self-test |   ok    a ruling whose printings are sorted wrong
   self-test |   ok    an unresolved street ruled with no Democrat address under it
   self-test |   ok    a ruling that names no page column to replace it
   self-test |   ok    a question ruled twice
   self-test |   ok    a ruling on the wrong house
   self-test | 
   self-test |   SELF-TEST PASS — 16/16 assertions fire when broken

[1m== the scene-date register re-derives, and every action names its target[0m
  ok    register: 193 business(es), 2667 person(s), 3 invented household(s) retirable
  ok    82 committed name(s) are held by more than one structure; an anchor naming one is refused, not placed (0 today)

[1m== …and its own assertions still fire when broken[0m [2m(self-test: the assertions below are meant to fire)[0m
   self-test |   ok    83 self-test case(s)

[1m== the business layer re-derives, and every register row has a record[0m

[1m== …and its own assertions still fire when broken[0m [2m(self-test: the assertions below are meant to fire)[0m
   self-test | self-test: 47 assertion(s) fire when broken, and the compile is deterministic

[1m== the business audit re-derives, and every identity ruling still holds[0m
the business audit re-derives: 193 record(s), every identity ruling honoured

[1m== …and its own assertions still fire when broken[0m [2m(self-test: the assertions below are meant to fire)[0m
   self-test | self-test: 24/24 assertions hold

[1m== every in-window trade has a workplace or a stated reason it has none[0m
31 raised houses and the ledger re-derive.

[1m== …and its own assertions still fire when broken[0m [2m(self-test: the assertions below are meant to fire)[0m
   self-test |   fired: an occupation no ruling covers — p1: no ruling covers the occupation 'cooper'. Rule it in data/businesses/rulings/premises_
   self-test |   fired: an own-premises ruling naming no census class — x: an own-premises ruling that names no census class — a house the December census cannot 
   self-test |   fired: two rulings for one occupation — two rulings for one occupation: 'x'
   self-test |   held: the identity guard holds a same-trade surname and releases a different trade
   self-test |   held: one household at one trade raises one house, led by its head
   self-test |   held: two premises trades on one keeper fold into one house, keeping both classes
   self-test |   held: a keeper who already holds a workplace is left alone
   self-test |   held: the seating rule takes a workplace link and refuses a built-by one
   self-test | 3 guards fired, 11 assertions held.

[1m== every reconstructed business re-derives, and no invented style is a printed one[0m
OK: 47 reconstructed business record(s) over 6 group(s) re-derive from their seeds

[1m== …and an unmapped class, a quota past its heads and a borrowed style are refused[0m [2m(self-test: the assertions below are meant to fire)[0m
   self-test | OK: 21 assertions of the business reconstruction still fire

[1m== every reconstruction says what retires it, and each liberty's share of the firms re-counts[0m
  53 reconstructed firms and 309 trade heads each say what would retire them
  395 anonymous roofs on 234 platted lots each name the generator and the liberty a building read onto the lot would move
  liberty shares agree with the records: L254 2, L255 2, L257 14, L258 2, L259 1, L260 4, L262 15, L307 4, L360 7, L367 2

[1m== …and the match, the retirement plan and the share re-count each fire when broken[0m [2m(self-test: the assertions below are meant to fire)[0m
   self-test |   the rule, held over fixtures
   self-test | 
   self-test |   ok    refused: `tier` is one of attested/inferred. A reconstruction is not retired by another reconstruction: o
   self-test |   ok    refused: an attested candidate owes a `source_id` or a `claim_ids`. `documented` REQUIRES a source record
   self-test |   ok    refused: a candidate names the `trade` it is kept at, or its `business_class`
   self-test |   ok    refused: `kind` is one of business/person/structure, not 'roof'
   self-test |   ok    …and a candidate that names its class, tier and source passes
   self-test | 
   self-test |   ok    a brewery candidate with no division takes both breweries — silence is not disagreement
   self-test |   ok    …and one that names the south division leaves the west house standing, with its reason: rcb_b_brewery is of the class and stands anyway: the candida
   self-test |   ok    a class the town reconstructed none of retires nothing
   self-test |   ok    a candidate that was not here on 1835-07-01 retires nothing
   self-test | 
   self-test |   ok    the quota row closes by being answered — known 1→2, to_reconstruct 1→0, filled 1→0
   self-test |   ok    …and it names the liberty whose share falls: L258: its share falls from 2 to 1, and the sentence stat
   self-test |   ok    a firm on a committed roof carries the roof rather than demolishing it
   self-test |   ok    …and a house no census line reaches frees no row and names its head instead
   self-test |   ok    the retired id is redirected, never deleted
   self-test | 
   self-test |   ok    all four trade-roof substitutions retain roof and keeper, free no quota and name L307
   self-test | 
   self-test |   ok    the committed shares agree: L254 2, L255 2, L257 14, L258 2, L259 1, L260 4, L262 15, L307 4, L360 7, L367 2
   self-test |   ok    a liberty whose sentence says one house more than stands is caught — L262 says 16 of the reconstructed firms are its own and 15 are — restate the sen
   self-test |   ok    a firm covered by no entry at all is caught — the entries' shares sum to 53 and the scope counts 54 reconstructed firms — 1 ho
   self-test |   ok    …and a group rebuilt with fewer houses than its sentence claims is caught — L254 says 2 of the reconstructed firms are its own and 0 are — restate the sente
   self-test |   ok    a share stated as a word the parser does not know is refused, not guessed at
   self-test | 
   self-test |   ok    refused: a structure candidate names the `lot_id` it stands on, as the lot ledger writes it (`blk_<block>
   self-test |   ok    refused: `inventory_class` is one of principal_functional/ancillary, not 'civic'
   self-test |   ok    …and a roof that names no class is read as a principal roof
   self-test |   ok    a dwelling read onto a party-line lot offers both anonymous dwellings, leaves the stable and the read store standing
   self-test |   ok    …and a stable read onto it retires the yard building only
   self-test |   ok    a lot with no anonymous roof of the class takes an addition, and an at-capacity lot says it will read over its rule
   self-test |   ok    a lot the ledger does not hold is refused
   self-test |   ok    the plan carries the household and the business, leaves the programme where it stands and names the liberty and the generator
   self-test |   ok    a roof no generator writes and no liberty covers is caught by --check
   self-test | 
   self-test |   the shipped fixtures run against the committed town
   self-test | CANDIDATE  biz_example_brewery — An example brewery, offered to the tool and to nothing else (business, attested)
   self-test |            source example_not_a_source
   self-test | 
   self-test | WOULD RETIRE 1 reconstructed record(s):
   self-test | 
   self-test |   1. rcb_quinn_brewery — M. Quinn, brewery
   self-test |      place        the record's place was never narrowed to a division
   self-test |      redirect     rcb_quinn_brewery → biz_example_brewery
   self-test |      roof         none to carry: this house holds a street face and no premises
   self-test |      order book   businesses/brewery  {'target': 2, 'known': 1, 'to_reconstruct': 1, 'filled': 1} → {'target': 2, 'known': 2, 'to_reconstruct': 0, 'filled': 0}
   self-test |                   the row closes by being answered: the census count is met by a house somebody wrote down instead of one this project dealt
   self-test |      liberty      L258: its share falls from 2 to 1, and the sentence stating it has to be restated in docs/LIBERTIES.md
   self-test |      performed by tools/reconstruct_businesses_1835.py --build
   self-test | 
   self-test | 
   self-test | NOTHING HAS BEEN RETIRED. Enter the source where sources are entered and re-run the generator named above; it rebuilds the population from the order book and stops writing a record that is no longer ordered.
   self-test | 
   self-test | CANDIDATE  example_south_water_dwelling — An example dwelling on South Water Street, offered to the tool and to nothing else (structure, attested)
   self-test |            source example_not_a_source
   self-test | 
   self-test | WOULD RETIRE 1 reconstructed record(s):
   self-test | 
   self-test |   1. recon_1835_blk_south_water_wells_d1_05 — Reconstructed D1 older log dwelling #05
   self-test |      place        lot blk_south_water_wells#02, fronting south_water — its rule is party_line_run, at most 3 principal roof(s)
   self-test |      redirect     recon_1835_blk_south_water_wells_d1_05 → example_south_water_dwelling
   self-test |      roof         this record IS the roof: example_south_water_dwelling stands in its place on lot blk_south_water_wells#02 and takes its seat in the lot ledger, so the lot's count of principal_functional roofs does not move
   self-test |      order book   the 668-roof programme does not move: one generated roof (518 of them) leaves and one read roof enters, so 11 still remain to place — a named discovery substitutes for a compatible anonymous roof and never increases the total (L81)
   self-test |      carried      nobody: the roof is empty, so nothing is re-seated
   self-test |      liberty      L100, L187: the count of anonymous roofs each states falls by one, and the sentence stating it has to be restated in docs/LIBERTIES.md
   self-test |      performed by tools/generate_block_infill.py — it re-derives the roofs of programme phase phase3_platted_block_south_water_wells, and must be taught to leave lot blk_south_water_wells#02's principal_functional slot to the read building
   self-test | 
   self-test |   also: carpenter_south_water_store stands: a source put it on this lot, and only a reconstruction is retired
   self-test | 
   self-test | NOTHING HAS BEEN RETIRED. Enter the source where sources are entered and re-run the generator named above; it rebuilds the population from the roof programme and stops writing a record that is no longer ordered.
   self-test | 
   self-test | 12 guards fired, the rule holds over the fixture and the committed town.

[1m== the street-face adoptions re-derive, and no adopted business claims a lot[0m
  ok    52 street-only business(es): 45 adopted a street face, 7 wait; no adoption claims a lot
  ok    60 unplaceable business(es) stand outside this policy (T-0354 half two)
  ok    31 adoption(s) stand in a roof the reconstruction raised as a house of trade and 14 in a roof of no trade; of the 35 such roof(s) standing free on the faces the deal left 4 unspent, so what the rest wanted is a roof the roof programme has not raised (limit 5, T-1651)
  ok    a re-family that does not cross the C/W/F bands changes 0 place(s) in the deal over 2655 trials, against 2994 under the id order this replaced (worst single re-family 0, was 8)
  ok    21 adoption(s) stand in a roof of their trade's kind of premises and 24 do not; 6 works trade(s) stand in a store, and 4 works roof(s) stand free on any face they were dealt on — no business stood in the wrong kind of house of trade while its own kind was free (limit 6, T-1670)
  ok    108 roof(s) raised for an authored household or workplace seat are reserved from the deal; 4 carry a committed occupancy, 104 do not yet (refusal 7, T-1626 — the platted deal writes none, so that is an upper bound)

[1m== …and its own assertions still fire when broken[0m [2m(self-test: the assertions below are meant to fire)[0m
   self-test |   fires: a record that grows a lot field
   self-test |   fires: a record that fills the lot field it declares
   self-test |   fires: a record that stops declaring `claims_lot: false`
   self-test |   fires: a record that makes its order a claim
   self-test |   fires: an adoption on a roof this project does not hold
   self-test |   fires: an adoption on a roof that does not front its street
   self-test |   fires: a home split that books an inferred roof as named
   self-test |   fires: a home split that books a named roof as inferred
   self-test |   fires: a corner adoption that calls itself a lot front
   self-test |   fires: an adoption reaching its street only by the declined centreline band
   self-test |   fires: two businesses on one roof
   self-test |   fires: an adoption citing no printing of its street
   self-test |   fires: a widening that deals one corner roof to two shopfronts
   self-test |   fires: a widening whose seat count runs ahead of the roofs it dealt
   self-test |   fires: a business seated in a yard building
   self-test |   fires: a business seated in a roof the inferred-household layer holds
   self-test |   fires: a business seated in a roof raised to answer a slot request
   self-test |   fires: a second business seated in an authored trade workplace: recon_1835_canal_trade_c3_001
   self-test |   fires: a second business seated in an authored trade workplace: recon_1835_canal_trade_c4_002
   self-test |   fires: a second business seated in an authored trade workplace: recon_1835_canal_trade_w1_003
   self-test |   fires: a second business seated in an authored trade workplace: recon_1835_canal_trade_w2_004
   self-test |   fires: a business moved into a dwelling while its own shop roof stands free
   self-test |   fires: a record that misstates its roof's family
   self-test |   fires: a record that misstates its trade's kind of premises
   self-test |   fires: a record that misstates whether its roof fits its trade
   self-test |   fires: a record that misstates the band its roof's family is in
   self-test |   ok:    every adoptable roof reads `reconstructed` from its own phase (518 roofs), which is what limit 2 re-reads
   self-test |   holds: lot front only                     31 seated on 31 roofs town-wide; per face it would seat 31 and deal 0 roof(s) twice
   self-test |   holds: a corner side is a face            45 seated on 45 roofs town-wide; per face it would seat 47 and deal 4 roof(s) twice
   self-test |   holds: a corner side or the band is a face 46 seated on 46 roofs town-wide; per face it would seat 48 and deal 4 roof(s) twice
   self-test |   ok:    the per-face ledger would double-deal 8 roof(s) across the costed readings, so the town-wide one is doing work
   self-test |   holds: the bootmaker and the auctioneer still share one surname set, so the collapse would still reach them
   self-test |   holds: identity.json still rules that surname `two_houses`
   self-test |   holds: the ruling separates the two trades
   self-test |   holds: two headings of the SAME trade inside a ruled group still collide
   self-test |   holds: and without the ruling they would collapse, so the ruling is what does the work
   self-test |   holds: a surname the corpus has NOT ruled is keyed on the surname alone (146 businesses)
   self-test | SELF-TEST PASS — all six limits, all three roof refusals (both halves of the household one, the yard building, and the roof raised to answer a slot request), both edges of the 2026-08-30 face ruling, both directions of the home split (T-1632) and both readings of the one-roof-one-business ledger fire when broken, and refusal 3 still obeys identity.json's two_houses rulings (20 cases)

[1m== the location reconciliation rows re-derive, and no row resolves past its evidence[0m
1908 rows re-derive; households {'structure': 34, 'lot': 0, 'face': 0, 'division': 84, 'none': 1339}; businesses {'structure': 64, 'street_only': 52, 'unplaceable': 60}

[1m== …and its own assertions still fire when broken[0m [2m(self-test: the assertions below are meant to fire)[0m
   self-test |   fires: a duplicated row_id -> row_id is not unique
   self-test |   fires: a resolved_structure the dataset does not hold -> hh_abbot_8_g#lives_at: resolved_structure 'a_building_nobody_holds' is not a committed structure
   self-test |   fires: an unplaceable business that resolves to ground -> business_a_chicago_stove_and_hollow_ware_dealer_august_1835#location: unplaceable, yet it resolves to ground
   self-test |   fires: a refused later address that resolves to ground -> hh_abell_sidney#abell_sidney#residence_back_projection: refused, yet it resolves to ground
   self-test |   fires: a row with no limit_clause -> business_a_chicago_stove_and_hollow_ware_dealer_august_1835#location: no limit_clause — clause 8 wants one on every row
   self-test |   fires: seating classes that do not partition the home rows -> the seating classes do not partition the home rows
   self-test |   fires: location limits that do not partition the business rows -> the location limits do not partition the business rows
   self-test |   fires: a ledger that is not a committed file -> business_a_chicago_stove_and_hollow_ware_dealer_august_1835#location: ledger 'data/a_ledger_nobody_committed.json' is not a committed file
   self-test |   fires: a row with no ledger -> business_a_chicago_stove_and_hollow_ware_dealer_august_1835#location: no ledger — nothing says what adjudicated it
   self-test |   fires: a grade with no confidence_from -> business_a_travelling_dentist_at_the_new_york_house#location: a grade without its source, or a source without a grade
   self-test |   fires: a graded row that also names a silent ledger -> business_a_travelling_dentist_at_the_new_york_house#location: a row is either graded or it says which ledger is silent, never both and never neither
   self-test |   fires: an ungraded row that names no silent ledger -> business_a_chicago_stove_and_hollow_ware_dealer_august_1835#location: a row is either graded or it says which ledger is silent, never both and never neither
   self-test |   fires: a date_precision off the vocabulary -> business_a_chicago_stove_and_hollow_ware_dealer_august_1835#location: 'roughly_the_thirties' is not a date precision
   self-test |   fires: a span with only one end -> business_a_chicago_stove_and_hollow_ware_dealer_august_1835#location: a span with only one end
   self-test |   fires: a span that runs backwards -> business_a_filer_co#location: describes_date_last is before describes_date
   self-test |   fires: a street id with no street name -> business_a_filer_co#location: a street id with no street name
   self-test |   fires: a row that has lost a field -> business_a_chicago_stove_and_hollow_ware_dealer_august_1835#location: the row's fields are not ROW_FIELDS
   self-test | all 17 assertions fire when broken

[1m== the location spend re-derives: no placement past its evidence, four retentions still true[0m
176 businesses adjudicated; {'structure_committed': 53, 'structure_pending': 11, 'street_only_adopted': 45, 'street_only_unseated': 7, 'unplaceable': 60}; 4 retentions hold

[1m== …and its own assertions still fire when broken[0m [2m(self-test: the assertions below are meant to fire)[0m
   self-test |   fires: a duplicated business -> business_id is not unique
   self-test |   fires: a pending roof that acquires a seat -> business_collins_caton: structure_pending, yet it seats on 'recon_1835_blk_school_section_tier_118_d6_06'
   self-test |   fires: a seat the dataset does not hold -> business_a_filer_co: model_seat 'a_building_nobody_holds' is not a committed structure
   self-test |   fires: an adopted roof that stops being substitutable -> business_a_filer_co: an adopted seat that is not substitutable — clause 3 says the roof is not the claim
   self-test |   fires: an adopted business whose evidence reach climbs to the roof -> business_a_filer_co: an adopted business whose evidence reach is 'structure', not the street the paper named
   self-test |   fires: an unseated street-only business that acquires a roof -> business_a_garrett_auctioneer: unseated, yet it seats on 'recon_1835_blk_school_section_tier_118_d6_06'
   self-test |   fires: an unplaceable business that reaches ground -> business_a_chicago_stove_and_hollow_ware_dealer_august_1835: unplaceable, yet it reaches ground
   self-test |   fires: an unplaceable business with no printed reason -> business_a_chicago_stove_and_hollow_ware_dealer_august_1835: unplaceable with no printed reason
   self-test |   fires: a business that changes published limit -> business_a_chicago_stove_and_hollow_ware_dealer_august_1835: grade 'street_only_unseated' does not refine the published limit 'unplaceable' — a business may not move between the limits without a new source
   self-test |   fires: a published limit that falls without a source -> the 'unplaceable' grades total 60, not the published 59 — clause 4 says a limit falls only on a new source
   self-test |   fires: a declared move between the limits -> a business moved between the published limits; clause 4 requires a new source or reading for that, and this pass reads none
   self-test |   fires: a retention whose guard has expired -> T-1087: its guard has expired — the committed data it stood on has changed (data/research/newspapers/place_vocabulary.json). Re-read the ticket and re-state the retention; a gate may not count this as a pass.
   self-test |   fires: a retention that claims to hold and does not -> T-0251: its guard has expired — the committed data it stood on has changed (data/structures/first_presbyterian_church.json). Re-read the ticket and re-state the retention; a gate may not count this as a pass.
   self-test |   fires: a retention that goes missing -> the retentions do not name T-0251, T-0305, T-0386 and T-1087
   self-test |   fires: a retention with no route out -> T-0305: retained with no route out
   self-test | all 15 assertions fire when broken

[1m== the address book re-derives: every household and firm at the rung its evidence reaches, no band out of its division, no seat invented[0m
1633 address-book rows — 1561 seated, 11 owed; by rung {'division_band': 83, 'face': 52, 'owed': 11, 'policy_only': 1339, 'structure': 87, 'unplaceable': 61}

[1m== …and its own assertions still fire when broken[0m [2m(self-test: the assertions below are meant to fire)[0m
   self-test |   fires: a duplicated row -> a row appears twice — one row per household and per firm
   self-test |   fires: a household that loses its row -> the household rows are not the committed households (missing ['hh_abbot_8_g'], extra [])
   self-test |   fires: a firm that loses its row -> the business rows are not the adjudicated firms of data/research/location_spend.json
   self-test |   fires: a seat the dataset does not hold -> hh_abbot_8_g: seated on a_building_nobody_holds, which is not a committed structure — no seat may be invented 
   self-test |   fires: an owed row that acquires a roof -> business_collins_caton: an owed row carries a seat. The whole point of the rung is that it does not.
   self-test |   fires: an owed row that names no successor -> business_collins_caton: owed, and it does not say to whom
   self-test |   fires: a row with nothing to say on a card -> hh_abbot_8_g: no words — the card would have nothing to say
   self-test |   fires: a row nothing would retire -> business_a_chicago_stove_and_hollow_ware_dealer_august_1835: nothing would move it up the ladder
   self-test |   fires: a firm whose rung stops restating the spend -> business_a_chicago_stove_and_hollow_ware_dealer_august_1835: rung 'face'/'none' does not restate the adjudicat
   self-test |   fires: an unplaceable firm that gets seated -> business_a_chicago_stove_and_hollow_ware_dealer_august_1835: rung 'structure'/'structure' does not restate the
   self-test |   fires: a household seated with no roof in its record -> the seated households are not the households whose committed record names a roof
   self-test |   fires: a row that climbs to the empty rung 2 -> a row sits at rung 2 and this pass writes none — if the lot ledger has grown, seat it deliberately, with its a
   self-test |   fires: a stale reading of the lot-address ledger -> the lot ledger has changed size and the rung still claims the old one — re-read it before saying the rung is e
   self-test |   fires: counts that drift from the rows -> the committed counts are not what the rows say
   self-test |   fires: a band that moves a household out of its own division -> hh_bates_john_jr: banded into 'west' while its own record says 'south' — a band may not move a household out o
   self-test |   fires: a band citing a clause the policy does not hold -> hh_bates_john_jr: cites placement-policy clause 'a_clause_nobody_wrote', which that file does not hold
   self-test |   fires: a band that stops calling itself reconstruction -> hh_bates_john_jr: a band is reconstruction and must carry the tier
   self-test |   fires: a reconstructed band with no seed -> hh_bates_john_jr: a reconstructed seat with no seed
   self-test |   fires: a household whose record names a division and is left owed -> hh_bates_john_jr: its record names the south division and it sits at rung 'owed'
   self-test |   fires: a household banded into a division its record does not name -> hh_abbot_8_g: banded into 'south' while its own record says 'unplaced' — a band may not move a household out o
   self-test |   fires: a face seat moved off the street the paper printed -> business_a_garrett_auctioneer: seated on the face of 'a_street_the_paper_did_not_print', which is not the stre
   self-test |   fires: a roofless face seat that stops saying it is reconstruction -> business_a_garrett_auctioneer: a face seat with no roof under it is reconstruction and must say so
   self-test |   fires: a reconstructed seat that grows a lot -> hh_bates_john_jr: a reconstructed seat has grown a 'lot' — this pass invents no ground
   self-test |   fires: a household left owed now that rung 5 is dealt -> hh_abbot_8_g: a household is still owed a seat. Rung 5 is dealt now and every household reaches a rung of the 
   self-test |   fires: a dealt band put inside the garrison's reservation -> hh_abbot_8_g: dealt into 'fort', which the order book's household shape does not hold
   self-test |   fires: a dealt class no column of the model maps to -> hh_abbot_8_g: dealt a clause no column of the town model's employment distribution maps to
   self-test |   fires: a dealt band that loses the digest that placed it -> hh_abbot_8_g: a dealt band must carry the digest that placed it, on both axes
   self-test |   fires: a dealt band whose words stop saying it was dealt -> hh_abbot_8_g: a dealt band whose words do not say it is dealt
   self-test |   fires: a deal that drifts off the order book's shape -> the dealt divisions {'west': 275, 'south': 765, 'north': 299} are not the order book's household shape {'north
   self-test |   fires: a record that misstates the shape it dealt from -> the deal's record states a division shape the order book does not
   self-test |   fires: a record that forgets who carried the deal back -> the deal must name the ticket that carried it onto the household card, or a reader cannot tell a spent deal fr
   self-test |   fires: a record that still calls the spent carry-back owed -> the carry-back onto the household record was spent by T-1523, so the deal may not still record it as owed
   self-test |   fires: a dealt roof the dataset does not hold -> hh_abbot_8_g: dealt a_building_nobody_holds, which is not a committed structure — no roof may be invented here
   self-test |   fires: two households dealt the same roof -> hh_abbott_constant: dealt recon_1835_blk_west_washington_canal_d7_05, which hh_abbot_8_g already stands under
   self-test |   fires: a deal on a row the seats files never seated -> 1835_platted_seats.json: it seats 215 and 216 row(s) carry that deal — the book has fallen behind the deal
   self-test |   fires: a dealt row that climbs the ladder on the strength of the deal -> hh_abbot_8_g: rung 5 and no band under it
   self-test |   fires: a dealt roof that stops calling itself substitutable -> hh_abbot_8_g: a policy-dealt roof is substitutable by construction, and a row that stops saying so is claiming
   self-test |   fires: a dealt roof that stops restating the seats file -> hh_abbot_8_g: its dealt structure_id is not the one T-1613 dealt it
   self-test |   fires: a deal moved onto a roof a committed record already seats somebody at -> hh_abbot_8_g: its dealt structure_id is not the one T-1613 dealt it
   self-test |   fires: a requested slot that names nobody to build it -> hh_abbot_8_g: the deal requested a slot and does not say who raises it — nobody can be taken to a roof that is
   self-test |   fires: a book that has fallen behind the deal -> 1835_platted_seats.json: it seats 215 and 214 row(s) carry that deal — the book has fallen behind the deal
   self-test | all 41 assertions fire when broken

[1m== every person says which roles and which places reach the scene date[0m

[1m== …and each of those rules moves when its input moves[0m [2m(self-test: the assertions below are meant to fire)[0m
   self-test |   ok   a role the roles tool covers reaches the day
   self-test |   ok   the same role with the flag down does not
   self-test |   ok   a role with no flag at all does not reach
   self-test |   ok   a home resolved at the scene date reaches
   self-test |   ok   the same home, limited, does not
   self-test |   ok   the same home, dated off the scene date, does not
   self-test |   ok   a later home address can never reach
   self-test |   ok   a later workplace address can never reach
   self-test |   ok   a business premises reaches on the firm's own present_at_scene_date
   self-test |   ok   and does not when the firm is not standing on the day
   self-test |   ok   an axis with a reaching row is `reaches`
   self-test |   ok   an axis with rows and no reach is `limited`
   self-test |   ok   an axis with no rows at all is `none`
   self-test |   ok   an axis holding only a `no_claim` row is `none`, not `limited`
   self-test |   ok   …and one live claim beside a `no_claim` row still decides the axis
   self-test |   ok   a present household is present
   self-test |   ok   an uncertain household is not
   self-test |   ok   a person with a reaching role and a resolved home reaches both axes
   self-test |   ok   …and his work and other axes stay `none`
   self-test |   ok   …and his uncertain presence is carried, not converted into an axis
   self-test |   ok   the same person with the flags down is `limited` on both, never `none`
   self-test | self-test: 21/21 assertions hold

[1m== the 1835 population profile re-derives from the resident layer, on every axis[0m
2925 persons in 1457 households profiled on 11 axes; 2919 carry a sex, 63 a dated age, 328 a role; reconstructed 1485

[1m== …and its own assertions still fire when broken[0m [2m(self-test: the assertions below are meant to fire)[0m
   self-test |   fires: a reconstructed person no programme stage claims appears in a profile -> a `reconstructed` person answers to no stage of the reconstruction pro
   self-test |   fires: more sexes than persons -> more persons carry a sex than there are persons
   self-test |   fires: a section goes missing -> the profile does not hold every section, in order: ['headcount', 'comp
   self-test |   fires: a section loses its lead sentence -> sex: a section with no lead sentence says nothing
   self-test |   fires: a table row does not fit its headers -> headcount/Persons by grade: a row is 1 cells against 3 headers
   self-test |   fires: 'what the town should have held' grows a number -> 'What the town should have held' carries a number: ['1,983 women and c
   self-test |   fires: a completeness axis loses a person between its tiers -> completeness: the axis 'sex' counts 2924 persons against the layer's 2
   self-test |   fires: a completeness axis's answered and unanswered do not make the layer -> completeness: the axis 'sex' says 0 answered and 6 unanswered, which d
   self-test |   fires: the nine axes stop being nine -> completeness: 8 axes against the 9 T-1393 names
   self-test |   fires: the per-attribute completeness section goes away -> the profile does not hold every section, in order: ['headcount', 'some
   self-test |   fires: an unruled reason for coming is refused, not bucketed as other
   self-test |   holds: Mrs. Elizabeth Forbes  -> female by inferred_title
   self-test |   holds: Sarah Whistler         -> female by inferred_forename
   self-test |   holds: Nathaniel Pope         -> male by inferred_forename
   self-test |   holds: J. W. Smith            -> None by unknown
   self-test |   holds: Capt. Seagrave         -> None by unknown
   self-test |   holds: Mary Smith             -> male by recorded
   self-test | all 11 assertions fire when broken, and the sex rule holds on 6 probes

[1m== the 1835 reconstruction order book re-derives, no bucket is overfilled, and every work order names a live ticket[0m
OK: 1835 reconstruction order book — 1,836 persons, 482 households, 7 businesses, 11 roofs to go; 2,917 standing plus 14 still owed is 2,931, against a model of 2,550 within 2,371-3,265; every work order across 214 buckets names a ticket a run can still claim; the re-family programme is settled at its rule's fixpoint, with 408 people recorded as held in 53 refused bucket(s)

[1m== …and its own assertions still fire when broken[0m [2m(self-test: the assertions below are meant to fire)[0m
   self-test |    fires: an apportionment across weights that sum to zero
   self-test |    fires: an apportionment of a negative total
   self-test |    fires: an inverted range
   self-test |    fires: a figure with no range at all
   self-test |    fires: an input file the book cannot read
   self-test |    fires: a bucket filled past its quota
   self-test |    fires: a fill that names no ticket
   self-test |    fires: two tickets overfilling one bucket between them
   self-test |    fires: the book's known and T-1386's presence rulings disagree
   self-test |    fires: a presence rulings file with no rulings in it
   self-test |    fires: a book whose remainder would order a town outside the model's range
   self-test |    fires: a re-family move that names no person
   self-test |    fires: a re-family move that names no rule that chose the head
   self-test |    fires: a re-family move naming a rule that is not a rung of the cost ladder
   self-test |    fires: a re-family move standing on a rung the rule refuses on
   self-test |    fires: a re-family move that does not say which adoptions travel with the head
   self-test |    fires: a re-family move that leaves and enters the same bucket
   self-test |    fires: a re-family move into a bucket that is not in this book
   self-test |    fires: one person re-familied twice
   self-test |    fires: a bucket re-familying out more heads than were ever drawn in it
   self-test |    fires: a re-family move that would re-sex the head
   self-test |    fires: a re-family move into a bucket with no order left to fill
   self-test |    fires: more heads landed in a shrunk order than the committed book carried
   self-test |    fires: a delta row whose NOT A CHECK sentence no longer matches its flag
   self-test |    fires: a delta row summing a matrix group that does not exist
   self-test |    fires: a bracket is a comparison, so those two rulings contradict
   self-test |    fires: does not say how many of its houses opened after the scene date
   self-test |    fires: cannot be subtracted from a count of men
   self-test |    fires: a bucket with work left ordered by a done ticket
   self-test |    fires: a bucket with work left ordered by a split ticket
   self-test |    fires: a bucket with work left ordered by a withdrawn ticket
   self-test |    fires: a bucket ordered by an id that is not a ticket at all
   self-test |    fires: an unsettled re-family step ordered by a done ticket
   self-test |    fires: an unsettled re-family step ordered by a withdrawn ticket
   self-test |    fires: an unsettled re-family step ordered by an id that is not a ticket at all
   self-test |    fires: an unsettled re-family step ordered by nobody at all
   self-test |    fires: a split re-family programme whose every piece has closed
   self-test |    fires: a split re-family programme with no pieces at all
   self-test |    fires: a split re-family programme whose split piece's pieces have all closed
   self-test |    fires: a programme step the ledger does not state at all
   self-test |    fires: a programme settled while the rule still yields a move
   self-test |    fires: a programme unsettled at the rule's own fixpoint
   self-test |    fires: a programme whose remainder disagrees with the moves the ledger has spent
   self-test |    fires: a programme whose count of the held disagrees with the book's own surplus
   self-test |    fires: a programme that does not say which refusal holds every one of the held
   self-test |    fires: a programme settled over more refused buckets than the book refuses
   self-test |    fires: a programme settled with people still held and no the_finish_line
   self-test |    fires: a programme settled with people still held and no the_ruling_that_set_it
   self-test |    fires: a programme settled with people still held and no what_becomes_of_them
   self-test |    fires: a programme settled with people still held and no what_would_reopen_it
   self-test |    fires: a cell cut into one band, which is not a cut
   self-test |    fires: a cell cut with two remainder bands, so its order would be ordered twice
   self-test |    fires: a closed band whose id prefix matches no standing record
   self-test |    fires: a closed band that names its members by prefix and still claims an order
   self-test |    fires: a closed band that says nothing about what closed it
   self-test |    fires: a band carrying no owning ticket
   self-test |    fires: a band that names its members neither by prefix nor as the rest of the cell
   self-test |    fires: a closed band whose prefix reaches a roof in another division
   self-test |    fires: bands that do not add back up to their cell, which would be a quiet re-budget
   self-test |    fires: a band whose own target, standing and order do not close
   self-test |    fires: a seating pass whose seated and owed miss its own scope
   self-test |    fires: a seating pass whose adoptions and slots miss its own seated count
   self-test |    fires: a second seating pass offered rows the first did not hand on
   self-test |    fires: a slot count that disagrees with the slot rows carried beside it
   self-test |    fires: a seats file with no counts at all
   self-test | build_order_book_1835 self-tests pass (65 guards fired, 222 buckets, child share 0.266 inside 0.2-0.2702, no record named)

[1m== the re-family rule re-derives, its roster reconciles with the order book, and every move stands on a published rung (T-1558)[0m
OK: the re-family rule re-derives — 755 of 1,181 people movable, 142 moves yielded, all 53 refused buckets accounted for, 1,181 people named

[1m== …and its own assertions still fire when broken[0m [2m(self-test: the assertions below are meant to fire)[0m
   self-test |    self-test | FAIL as intended: a roster one person short of what the book counted
   self-test |    self-test | FAIL as intended: a roster naming somebody in a bucket the book does not refuse
   self-test | model_refamily_rule self-tests pass (2 guards fired, 1,181 people tiered, ceilings 0/14/14, 142 moves yielded, 627 refused a destination)

[1m== the re-familying programme's report re-derives, and the ledger's moves are the ones the rule yields (T-1560)[0m
OK: the re-familying programme re-derives — 142 moves against 550 held, 408 left in 53 buckets

[1m== …and its own assertions still fire when broken[0m [2m(self-test: the assertions below are meant to fire)[0m
   self-test |    self-test | FAIL as intended: a ledger move the rule never yielded
   self-test |    self-test | FAIL as intended: one person moved twice
   self-test |    self-test | FAIL as intended: a move landing in a bucket that is itself refused
   self-test |    self-test | FAIL as intended: a move leaving a bucket the book does not refuse
   self-test |    self-test | FAIL as intended: a bucket sending out more people than it still holds
   self-test |    self-test | FAIL as intended: a rule whose town does not converge to its own standing plus owed
   self-test |    self-test | FAIL as intended: a town converging outside the model's own range
   self-test |    self-test | FAIL as intended: a settled programme whose residue is not the one this report ends on
   self-test |    self-test | FAIL as intended: an order book that says nothing about where the programme finishes
   self-test |    self-test | FAIL as intended: a programme step that does not say what becomes of the people it holds
   self-test | OK: 10 refusal(s) fired as intended, and the arithmetic closes both ways

[1m== every re-family move in the order book stands on a card that says the same thing, and no card claims one the rule does not yield (T-1563)[0m
OK: the book's re-family ledger carries 142 move(s), each on a card that says the same thing; 0 of the rule's 142 still owed — none

[1m== …and its own assertions still fire when broken[0m [2m(self-test: the assertions below are meant to fire)[0m
   self-test |    fires: a card whose drawn_in_bucket disagrees with the rule
   self-test |    fires: a card whose counted_in_bucket disagrees with the rule
   self-test |    fires: a card whose rule disagrees with the rule
   self-test |    fires: a whole-house roster whose drawn_in_bucket disagrees with the rule
   self-test |    fires: a whole-house roster whose counted_in_bucket disagrees with the rule
   self-test |    fires: a whole-house roster whose rule disagrees with the rule
   self-test |    fires: a whole-house roster that leaves out somebody the rule moves
   self-test |    fires: a moved card that still states the division it was dealt in
   self-test |    fires: a row naming somebody who is not on the household it names
   self-test | OK: 9 fixture(s) fired; 142 move(s) spent, 0 owed

[1m== the 1835 lodging model re-derives, and no house sleeps more than 1840 saw[0m
OK: the 1835 lodging model re-derives — 27 places, 468–1,232 beds over the programme

[1m== …and its own assertions still fire when broken[0m [2m(self-test: the assertions below are meant to fire)[0m
   self-test | build_lodging_model_1835 self-tests pass (3 guards fired, 27 places, 468–1,232 beds inside the town model's 468–1,232, nobody seated)

[1m== the 1835 business staffing model re-derives, and staffs nobody the town cannot employ[0m
OK: the 1835 business staffing model re-derives — 34 classes, 199 staff at the typical figure, 9 houses unstaffed for want of a trade

[1m== …and its own assertions still fire when broken[0m [2m(self-test: the assertions below are meant to fire)[0m
   self-test | build_staffing_model_1835 self-tests pass (2 guards fired, 34 classes, 65–199–411 staff implied over 176 houses, nobody written)

[1m== the 1835 staffing join re-derives, and holds from both ends[0m
OK: the 1835 staffing join re-derives — 143 workplaces on 112 cards, joined both ways, 52 printed names left unmatched

[1m== …and its own assertions still fire when broken[0m [2m(self-test: the assertions below are meant to fire)[0m
   self-test | staff_businesses_1835 self-tests pass (6 guards fired, 143 workplaces over 112 cards, 52 printed names unmatched, nobody minted)

[1m== the 1835 reconstructed seating re-derives, and staffs no house past its band[0m
OK: 536 reconstructed trade-holders re-derive to the seats and stated absences the join carries, and 123 of them carry that seat on their own card

[1m== …and each of its five assertions still fires when broken[0m [2m(self-test: the assertions below are meant to fire)[0m
   self-test | OK: all eleven assertions of the reconstructed seating fire when broken

[1m== the reconstructed hands re-derive onto their houses, and each house states its shortfall[0m
OK: the business side of the staffing join re-derives — 123 hands on 83 houses, 27 still short by 47

[1m== …and each of its seven assertions still fires when broken[0m [2m(self-test: the assertions below are meant to fire)[0m
   self-test | staff_the_houses_1835 self-tests pass (7 guards fired, 123 hands on 83 houses, 27 still short, nobody minted)

[1m== every person in the resident layer carries one employment answer, and none carries none[0m
OK: all 3921 people in the resident layer re-derive to the one employment answer the join carries, and none of them to none

[1m== …and each of its seven assertions still fires when broken[0m [2m(self-test: the assertions below are meant to fire)[0m
   self-test | OK: all twenty assertions of the employment coverage fire when broken

[1m== the 1835 staffing mint order re-derives, and spends no bucket it cannot reach[0m
data/reconstruction/1835_staffing_mint_order.json re-derives — 126 hand(s) wanted, 0 slot(s) outstanding

[1m== …and each of its ten assertions still fires when broken[0m [2m(self-test: the assertions below are meant to fire)[0m
   self-test | self-test: every assertion fires

[1m== the boarders re-derive, and no house sleeps more than the 1840 enumerator saw[0m
  ok    27 lodging place(s); 187 bed(s) filled, 19 still empty and every one of them said; 24 child(ren) on 12 keeper's card(s)

[1m== …and its own assertions still fire when broken[0m [2m(self-test: the assertions below are meant to fire)[0m
   self-test |   ok    a house over its crowded ceiling is refused
   self-test |   ok    a person seated twice is refused
   self-test |   ok    an invented name a real person bears is refused
   self-test |   ok    a lodging house counted into a cell the book has not got is refused
   self-test |   ok    a lodging house counted past what its cell orders is refused
   self-test |   ok    every lodging household record is counted once, and only those
   self-test |   ok    the committed book carries a fill row for every lodging house cell
   self-test |   ok    what this stage refuses for want of a division mints nobody
   self-test |   ok    a house every division source is silent about resolves to no division
   self-test |   ok    a roof reconciled into the fort district is not given a civil division
   self-test |   ok    a division read off the layer is not overturned by the reconciliation
   self-test |   ok    only a roof this programme raised is given a keeper
   self-test |   ok    the mix sends a professional trade to the ticket's own named houses
   self-test |   ok    no lodger is drawn under ten
   self-test |   ok    no boarder is dealt a trade
   self-test |   ok    every working lodger carries a dealt trade, and none a keeper's
   self-test |   ok    every lodging place's keeper row says who owes the rest of the household
   self-test |   ok    every child drawn is the kin of a named keeper on a named house
   self-test |   ok    a child standing free in a lodging cell is refused
   self-test |   ok    every child is ordered out of an `under_10` lodging cell
   self-test |   ok    drawing the children moves no bed
   self-test |   ok    every child the model wanted is either drawn or refused in writing
   self-test |   ok    two builds over one layer write the same bytes
   self-test |   ok    a re-cut of the book moves nobody this stage has already dealt
   self-test |   ok    a re-cut the basis stands against is stated in `re_cut_since`
   self-test |   ok    the committed basis is read back as the room the deal was dealt against
   self-test |   ok    a bucket re-cut below its own draw is refused
   self-test |   ok    a bucket dropped from under a fill is refused
   self-test |   28 case(s), 0 failure(s)

[1m== every household present on the scene date sleeps under a standing roof[0m
house the present (T-1971, T-1972): 1703 households seated {'on_the_card': 930, 'ruled_in': 773}, 0 refused; owed 930 on the card + 897 ruled in
  counted apart {'absent_on_the_scene_date': 35, 'waiting_on_a_roof': 124} households, {'absent_on_the_scene_date': 35, 'waiting_on_a_roof': 315} persons
  by rung      {'boarder': 1207, 'dealt': 270, 'family': 223, 'lodger': 3}
  by division  {'north': 474, 'south': 861, 'west': 368}
  by family    {'D1': 118, 'D2': 94, 'D3': 238, 'D4': 324, 'D5': 338, 'D6': 130, 'D7': 206, 'H1': 107, 'H2': 145, 'H3': 3}
  roofs        279 used: 222 in the pool, 63 assigned to their own household
  ceiling      8.191 people per standing dwelling (3170 under 387) against the census's 8.204; 10.128 per inhabited roof (313); most crowded {'structure_id': 'recon_1835_blk_washington_wells_h2_07', 'people': 49, 'floor_m2': 212.29}

[1m== …and its guards still fire when broken[0m [2m(self-test: the assertions below are meant to fire)[0m
   self-test | self-test: all eight guards fire

[1m== every empty trade roof is kept by a keeper of its trade, or says why none is left[0m
trade roofs (T-1989): 0 seated, 9 with no keeper to offer, of 9; 26 keepers owed a house of their own
  recon_1835_blk_west_randolph_des_plaines_w2_01  W2  nobody: 0 keepers of its trade in the west, 3 more held by their count
  recon_1835_forks_freight_f2_001  F2  nobody: 0 keepers of its trade in the west, 1 more held by their count
  recon_1835_north_w5_040  W5  nobody: 0 keepers of its trade in the north
  recon_1835_south_c3_015  C3  nobody: 0 keepers of its trade in the south, 18 more held by their count
  recon_1835_north_w3_062  W3  nobody: 0 keepers of its trade in the north
  recon_1835_north_c3_064  C3  nobody: 0 keepers of its trade in the north, 6 more held by their count
  recon_1835_north_w2_065  W2  nobody: 0 keepers of its trade in the north, 5 more held by their count
  recon_1835_north_c3_066  C3  nobody: 0 keepers of its trade in the north, 6 more held by their count
  recon_1835_north_c4_067  C4  nobody: 0 keepers of its trade in the north, 6 more held by their count

[1m== …and its guards still fire when broken[0m [2m(self-test: the assertions below are meant to fire)[0m
   self-test | self-test: all eight guards fire

[1m== the 1835 transient cohort re-derives, and its bracket still stands on the sentences it quotes[0m
OK: 1835 transient cohort — 193–900 persons on 1835-07-01, no point reading, 5 candidate grounds

[1m== …and its own assertions still fire when broken[0m [2m(self-test: the assertions below are meant to fire)[0m
   self-test |    fires: the American of 13 June no longer saying 'some hundreds more'
   self-test |    fires: the 1843 census row that counts transients separately being renamed
   self-test |    fires: an 1843 return with more transient persons than people
   self-test |    fires: a land-sale crosswalk that can place nobody
   self-test |    fires: a land-sale register with no entry
   self-test |    fires: a camp ground graded documented that cites no claim
   self-test |    fires: a camp ground graded outside the vocabulary
   self-test |    fires: a camp ground that authors its own polygon
   self-test |    fires: a camp ground resolving from a file that is not in the tree
   self-test |    fires: a camp grounds file that offers no candidate
   self-test |    fires: a vessels file that has acquired a crew complement
   self-test |    fires: a hull that carries a crew
   self-test |    fires: a hull moored to a landing no source gives it
   self-test |    fires: a hull that authors its own coordinate
   self-test |    fires: a hull entered on words the shipping column does not carry
   self-test |    fires: a master the corroborating column of 20 June does not name
   self-test |    fires: a hull graded documented that cites no claim
   self-test |    fires: a hull entered on an undated line
   self-test |    fires: a vessels file that enters no hull
   self-test |    fires: a reach resolving from a file that is not in the tree
   self-test |    fires: a port reading that puts no hull at Chicago on the scene date
   self-test |    fires: a town model that no longer carries the July population
   self-test |    fires: a figure that states no method
   self-test |    fires: a figure derived from no file
   self-test |    fires: an inverted range
   self-test |    fires: a point reading outside its range
   self-test |    fires: a refusal that takes more than one sentence
   self-test |    fires: an input tree the model cannot read
   self-test |    fires: the port figure follows the hulls rather than a typed constant
   self-test | model_transients_1835 self-tests pass (29 guards fired, 3 sections, no point reading adopted, no record named)

[1m== an ordinal off a corner places a position and claims no lot[0m
   4 assertions fire: the reading and the declaration agree, the declaration is well formed, it bars no lot, and the metres are admitted

[1m== …and its own assertions still fire when broken[0m [2m(self-test: the assertions below are meant to fire)[0m
   self-test |   fires: a declaration that has stopped saying `claims_lot: false`
   self-test |   fires: a declaration that has filled the lot it declares
   self-test |   fires: a placement rule outside the vocabulary
   self-test |   fires: a declaration with no reason on it
   self-test |   fires: a record that has grown a lot field under another name
   self-test |   fires: …and the well-formed record is silent
   self-test |   fires: an ordinal placement whose record declares nothing
   self-test |   fires: a declaration no ordinal reading places
   self-test |   fires: …and a business not built yet is reported, not failed
   self-test |   fires: a lot barred BECAUSE a no-lot-claim record stands on it
   self-test |   fires: …and a lot held only by declaring records is conceded, not failed
   self-test |   fires: a declaration that FREES a lot the town bars without it
   self-test |   fires: an ordinal placement graded `attested`
   self-test |   fires: an ordinal placement no liberty admits
   self-test |   fires: …and the admitted, inferred record is silent
   self-test | SELF-TEST PASS — 16 case(s)

[1m== …and the ledger that spends them into the roofs refuses every way one could lie[0m [2m(self-test: the assertions below are meant to fire)[0m
   self-test |   fires: an adoption that claims a lot — business_a_filer_co does not declare `lot: null, claims_lot: false` — 
   self-test |   fires: an adoption whose order has become a claim — business_a_filer_co makes its order on the face a claim
   self-test |   fires: an adoption citing no printing of its street — business_a_filer_co cites no printing of its street
   self-test |   fires: an adoption on a roof outside the anonymous layer — business_a_filer_co adopts 'green_tree_tavern', which is not an anonym
   self-test |   fires: two businesses on one roof — business_a_garrett is the second business on recon_1835_blk_south_wate
   self-test |   fires: a claim id that names no corpus source — the adoption cites 'the_tribune_1871#c1', which names no corpus source
   self-test |   fires: an adoption on the centreline band the owner declined — business_a_filer_co took 'centreline band', which is not a face the ru
   self-test |   fires: a keeper graded above `reconstructed` — recon_1835_blk_indiana_north_cass_d3_02 is graded 'documented' — a dea
   self-test |   fires: a keeper citing nothing for its own name — recon_1835_blk_indiana_north_cass_d3_02 cites nothing — a keeper's sou
   self-test |   fires: a household id smuggled into the occupants prose — recon_1835_blk_indiana_north_cass_d3_02 names a household id in its oc
   self-test |   fires: two keepers on one roof — recon_1835_blk_indiana_north_cass_d3_02 is given two keepers
   self-test |   fires: an assignment that does not say it is assigned — recon_1835_blk_indiana_north_cass_d3_02 is written as a keeper's roof 
   self-test |   ok:    13 inferred-household roof(s) and 45 street-face adoption(s) share none
   self-test |   ok:    every street-face adoption is graded `reconstructed`, because the invented part is which roof and not which business
   self-test | SELF-TEST PASS — the ledger refuses every way an adoption or a keeper could lie (12 cases)

[1m== the lot-and-block address re-derives, and seating it promotes no roof[0m
lot addresses: 1 seated, 1 in the ledger

[1m== …and its own assertions still fire when broken[0m [2m(self-test: the assertions below are meant to fire)[0m
   self-test |   fires: an address whose block number contradicts the committed numbering — the address puts block 16 on blk_south_water_clark and the committed num
   self-test |   fires: an address on a block the plat has not numbered — block 99 carries no committed number — data/traces/thompson_block_number
   self-test |   fires: an address on a lot the block does not have — blk_south_water_dearborn has 0 lot(s) numbered 9
   self-test |   fires: an address citing no printing — lot_address_block_16_lot_7 cites no printing of its address
   self-test |   fires: a claim id that names no corpus source — the address cites 'the_tribune_1871#c1', which names no corpus source
   self-test |   fires: an address that reads its advertiser as the occupant — lot_address_block_16_lot_7 reads its advertiser as the occupant — the no
   self-test |   fires: an address that reads its advertiser as the owner — lot_address_block_16_lot_7 reads its advertiser as the owner, which no p
   self-test |   fires: an address graded above the tier its lot lines support — lot_address_block_16_lot_7 grades its seating `inferred` — the lot lines
   self-test |   fires: two addresses on one roof — lot_address_twin is the second address on recon_1835_blk_south_water_dea
   self-test |   ok:    1 address(es) seated on 1 roof(s)

[1m== every documented north-or-west record's lot re-derives from the committed grid[0m
record lot seating: 18 documented record(s) seated on the north-or-west grid, 16 of them on a numbered lot

[1m== …and a seat still may not claim a lot, outrank its lot lines, or invent a numeral[0m [2m(self-test: the assertions below are meant to fire)[0m
   self-test |   ok:    refused a layer that states no confidence for its lot lines
   self-test |   ok:    refused a lot-line grade this corpus does not have
   self-test |   ok:    refused a numbered lot whose numeral is graded by nobody
   self-test |   ok:    refused a lot-number grade this corpus does not have
   self-test |   ok:    an unnumbered lot seats the block and withholds the numeral
   self-test |   ok:    no measured seat claims a lot
   self-test |   ok:    no seat is graded above the lot lines it fell inside
   self-test |   ok:    18 documented record(s) seated across 3 grid(s)

[1m== the 1840 census line-to-serial crosswalk re-derives from the page readings[0m
  813 lines read on 27 pages · 324 unique · 363 ambiguous · 126 none · 324 of 964 households named

[1m== …and its own assertions still fire when broken[0m [2m(self-test: the assertions below are meant to fire)[0m
   self-test |   ok   a pattern carried by two households matches both
   self-test |   ok   an ambiguous line attaches no serial and states its candidate count
   self-test |   ok   a pattern no household carries matches nothing and reads none
   self-test |   ok   a pattern exactly one household carries resolves to it
   self-test |   ok   a serial claimed by two lines is withdrawn from both, with a reason on each
   self-test |   ok   masking an uncommitted column can only widen the candidate set
   self-test |   ok   block continuity names the candidate that continues the run
   self-test |   ok   …and the row it names stays ambiguous with no serial attached
   self-test |   ok   the 10-under-15 band maps to nwm1014/nwf1014, not nwm10/nwf10
   self-test |   ok   the column map is 26 distinct IPUMS variables
   self-test |   ok   the sum check fires when the counts do not sum
   self-test |   ok   the ambiguity check fires on an ambiguous row with one candidate
   self-test |   ok   the reproduction check fires when the outcomes do not sum to the prior rows
   self-test | 
   self-test | self-test: every assertion fires

[1m== the 1840 household composition re-derives, and no name or serial reaches it[0m
   ok    data/research/census_1840/composition_1840.json re-derives — 964 households, 4834 persons, nobody minted

[1m== …and its own assertions still fire when broken[0m [2m(self-test: the assertions below are meant to fire)[0m
   self-test |    OK: 964 households and 4834 persons close on every total, the histogram and the industry columns; no name and no serial reaches the output

[1m== the cross-domain identity master re-derives, and no grade stands above its rung[0m
  ok    data/research/residents/identity_master.json re-derives
  ok    data/research/residents/source_coverage.json re-derives
  ok    data/research/residents/grading_proposal.json re-derives
  ok    data/research/residents/ladder_coverage.json re-derives
  ok    4 card(s) ruled on for gathering two men — 3 reading(s) held off the card they were folded onto, and every ruling still says what the master says
  ok    1 declared reading merge(s) in data/research/directories/reading_merge_crosswalk.json join 1 identit(ies) and every one still resolves
  ok    6951 identities over 11123 appearances; 1640 stand in two or more domains; 1913 refusals, every one with a rule
  ok    the policy doc carries every rung of the ratified ladder
  ok    data/residents/index.json carries all 12 rung(s) verbatim, so the card can print what a rung says

[1m== the letter lists' suspected misreadings stay a worklist and not evidence[0m
   ok    data/research/residents/letter_list_reading_suspicions.json re-derives — 16 suspicion(s), none of them evidence

[1m== …and its own assertions still fire when broken[0m [2m(self-test: the assertions below are meant to fire)[0m
   self-test |    OK: 16 suspicion(s) over 15 household(s), every one cited, graded nothing and acted on nowhere

[1m== …and its own assertions still fire when broken[0m [2m(self-test: the assertions below are meant to fire)[0m
   self-test |   ok    three IRAD lists under one source_id reach G1a → G1a
   self-test |   ok    …and the 1835 poll genuinely alone is still G2a → G2a
   self-test |   ok    two early lists under one source_id reach G2b, not G4 → G2b
   self-test |   ok    a poll list and a letter list converge to G1c → G1c
   self-test |   ok    …but a letter list ALONE is never promoted by it → G3
   self-test |   ok    …nor are two letter lists, which are one family → G2e
   self-test |   ok    …nor are two civic lists, which are also one family → G2b
   self-test |   ok    the parish register converges with a civic list too → G1c
   self-test |   ok    two later sources and nothing in-window stay not_1835_resident → G0
   self-test |   ok    …and a later source cannot lift a lone letter list into convergence → G2e
   self-test |   ok    an unaccounted church reading fails the gate → data/research/church/records/second_presbyterian_members_1842_1892.json …
   self-test |   ok    …and declaring one unread without a reason is not a declaration
   self-test |   ok    …and a declaration about a file that is not there fails too
   self-test |   ok    every church reading on disk is read or declared, with its reason
   self-test |   ok    the register's keeper is read once per entry, not once per name — 57 entries, 57 row(s), not 267
   self-test |   ok    …and each one points at a line of the register that exists
   self-test |   ok    69 reading(s) written outside Chicago are kept and spent by no rung and no class family
   self-test |   ok    split_name('John Mary Irenaeus Saint Cyr') -> ('stcyr', ['john', 'mary', 'irenaeus'])
   self-test |   ok    split_name('J. M. I. Saint Cyr') -> ('stcyr', ['j', 'm', 'i'])
   self-test |   ok    split_name('Sainthill, John') -> ('sainthill', ['john'])
   self-test |   ok    split_name('Saint, Cyr') -> ('saint', ['cyr'])
   self-test |   ok    the clean fixture passes, so a firing below means something
   self-test |   ok    a surname-only row claiming a MERGE rule → a refusal cites unknown rule M1
   self-test |   ok    a refusal that states no reason → a refusal states no reason
   self-test |   ok    one identity standing in two rows → identity id_smith_john appears in two rows
   self-test |   ok    a grade above what its rung allows → id_smith_john is graded attested above what G2a allows (inferred)
   self-test |   ok    a grade resting on no evidence → id_smith_john is graded on no evidence
   self-test |   ok    vocabulary.ladder_rules agrees with GRADE_RULES as committed
   self-test |   ok    a rung whose text or grade drifts from the ladder is caught
   self-test |   ok    a rung the manifest is missing is named in the failure
   self-test |   ok    split_name('Adams, W. H.') -> ('adams', ['w', 'h'])
   self-test |   ok    split_name('William Hanford Adams') -> ('adams', ['william', 'hanford'])
   self-test |   ok    split_name('Jno. L. Wilson') -> ('wilson', ['john', 'l'])
   self-test |   ok    split_name('Mrs. M. Frauner') -> ('frauner', ['m'])
   self-test |   ok    split_name('Mason Sabrina A.') -> ('mason', ['sabrina', 'a'])
   self-test |   ok    split_name('John Bates Jr.') -> ('bates', ['john'])
   self-test |   ok    split_name('BEAUMONT & SKINNER') -> None
   self-test |   ok    split_name('Reading Room (Y. M. A.), 37 Clark, 2d story') -> None
   self-test |   ok    split_name('Abbott') -> None
   self-test |   ok    split_name('E. K[in]zie') -> ('kinzie', ['e'])
   self-test |   ok    split_name('Esth[e]r M. Bailey') -> ('bailey', ['esther', 'm'])
   self-test |   ok    split_name('T[e]mple, John T.') -> ('temple', ['john', 't'])
   self-test |   ok    split_name('[W]ade, afarvin R.') -> ('wade', ['afarvin', 'r'])
   self-test |   ok    split_name('Sam[l] Anderson') -> ('anderson', ['samuel'])
   self-test |   ok    split_name('[?] G. Abbot') -> ('abbot', ['g'])
   self-test |   ok    split_name('Hubbard, [Henry] G.') -> ('hubbard', ['g'])
   self-test |   ok    split_name('Adams, Benjamin F. [died July 25, 1886, aged 86½].') -> ('adams', ['benjamin', 'f'])
   self-test |   ok    split_name('[uncertain: Abey Blankinship]') -> None
   self-test |   ok    'E. K[in]zie' keeps its supplied letters, and discarding them gives ('zie', ['e', 'k']) instead
   self-test |   ok    'Esth[e]r M. Bailey' keeps its supplied letters, and discarding them gives ('bailey', ['esth', 'r', 'm']) instead
   self-test |   ok    'T[e]mple, John T.' keeps its supplied letters, and discarding them gives ('tmple', ['john', 't']) instead
   self-test |   ok    '[W]ade, afarvin R.' keeps its supplied letters, and discarding them gives ('ade', ['afarvin', 'r']) instead
   self-test |   ok    'Sam[l] Anderson' keeps its supplied letters, and discarding them gives ('anderson', ['sam']) instead
   self-test |   ok    'Adams, Benjamin F. [died July 25, 1886, aged 86½].' is annotation, unread or parenthesis — unchanged
   self-test |   ok    'Austin, Chamberlin, farmer [carpenter], res Illinois bet N. Clark' is annotation, unread or parenthesis — unchanged
   self-test |   ok    '[?] G. Abbot' is annotation, unread or parenthesis — unchanged
   self-test |   ok    '[?]rah Fowler' is annotation, unread or parenthesis — unchanged
   self-test |   ok    'Hubbard, [Henry] G.' is annotation, unread or parenthesis — unchanged
   self-test |   ok    'Daniel O. [uncertain: Robian]' is annotation, unread or parenthesis — unchanged
   self-test |   ok    '[uncertain: Abey Blankinship]' is annotation, unread or parenthesis — unchanged
   self-test |   ok    'Reading Room (Y. M. A.), 37 Clark, 2d story' is annotation, unread or parenthesis — unchanged
   self-test |   ok    a ruled reading leaves the card it was folded onto (X1)
   self-test |   ok    …and with no ruling the same three readings are one man again
   self-test |   ok    a ruling in force is not reported
   self-test |   ok    a split that stopped splitting is caught
   self-test |   ok    a card renamed out from under its ruling is caught
   self-test |   ok    a second man who has since got a card is caught
   self-test |   ok    a split ruling that states no reason is caught
   self-test |   ok    an X0 whose readings have moved off the card is caught
   self-test |   ok    an X0 whose readings are where it says is not reported
   self-test |   ok    a female honorific on the husband's own name is held apart (R6)
   self-test |   ok    a title TRAILING a woman's own forename never splits her
   self-test |   ok    a leading title no ONE source prints beside the bare name merges
   self-test |   ok    an initials-only honorific reaches the full forename it fits (R6)
   self-test |   ok    …and two full forenames fitting the initials refuse it (R3)
   self-test |   ok    …and no ONE source printing both still stands the rule down
   self-test |   ok    M3 still joins a woman printed with and without her title
   self-test |   ok    a surname-only reading becomes a refusal, never an identity
   self-test |   ok    '8. G. Abbot' is refused R5 and says why -> R5: a digit stands inside the printed name. On a directory line 
   self-test |   ok    "Enos Wra. C. jr. at A. Clyburn's" is refused R5 and says why -> R5: 6 forename tokens, and the splitter caps at four. The compou
   self-test |   ok    "Heacock's wife and children, unnamed" is refused R5 and says why -> R5: the name joins two parties with 'and' — a firm style or a de
   self-test |   ok    'Abbott' is refused R1 and says why -> R1: names no forename, so it can never be merged onto a person
   self-test |   ok    a person the ladder never looked at is caught by the gate
   self-test |   ok    coverage that does not account for the whole layer is caught
   self-test |   ok    an initial-only forename with two rivals is refused, not guessed
   self-test |   ok    a disagreeing middle initial refuses the fold (R7)
   self-test |   ok    …and a middle initial absent on one side still merges
   self-test |   ok    …and `Ambrose` against `A.` is agreement, not a clash
   self-test |   ok    an identity on two town cards fails until something rules on them
   self-test |   ok    …and a deferral naming a ticket and a reason is what opens it
   self-test |   ok    a deferral that states no reason is not a ruling
   self-test |   ok    one identity on one card says nothing
   self-test |   ok    same surname, different initial — two identities and a stated refusal
   self-test |   ok    split_name('Rev. John Mary Irenaeus St Cyr') -> ('stcyr', ['john', 'mary', 'irenaeus'])
   self-test |   ok    split_name('J. M. I. St Cyr') -> ('stcyr', ['j', 'm', 'i'])
   self-test |   ok    split_name('Cornelius C. Van Horn') -> ('vanhorn', ['cornelius', 'c'])
   self-test |   ok    split_name('Calvin De Wolf') -> ('dewolf', ['calvin'])
   self-test |   ok    split_name('Dr Henry Van der Bogart') -> ('vanderbogart', ['henry'])
   self-test |   ok    split_name('H. Van Den Bogart') -> ('vandenbogart', ['h'])
   self-test |   ok    split_name('Joseph La Frombois') -> ('lafrombois', ['joseph'])
   self-test |   ok    split_name('David Mc Kee') -> ('mckee', ['david'])
   self-test |   ok    split_name('John Cyr') -> ('cyr', ['john'])
   self-test |   ok    split_name('De Camp') -> ('decamp', [])
   self-test |   ok    split_name('St Cyr N. R.') -> ('stcyr', ['n', 'r'])
   self-test |   ok    a trade before the particle stands the rule down, and the line is still refused
   self-test |   ok    St Cyr and Cyr are two surnames, and no identity spans both
   self-test |   ok    a bare compound surname is a refusal, not a man called 'De'
   self-test |   ok    a declared reading merge joins Patrick and Parnick Kelsey under D1 and the R4 that held them apart stands down
   self-test |   ok    a reading merge naming a reading no domain holds joins nothing and is a FAILURE
   self-test |   ok    a reading merge naming an into_identity its readings do not stand on joins nothing and is a FAILURE
   self-test |   ok    a reading merge naming a reading on a town card joins nothing and is a FAILURE
   self-test |   ok    a reading merge that joins nothing any more is a FAILURE, not a no-op

[1m== the mints' consultation of the identity master is the master's own rules[0m [2m(self-test: the assertions below are meant to fire)[0m
   self-test |   ok    M1 — the same name letter for letter is the same man
   self-test |   ok    M2 — 'G. S. Hubbard' attaches to the one Gurdon on a card
   self-test |   ok    M3 — a bare 'Gurdon Hubbard' folds onto the one middle initial
   self-test |   ok    a surname the town does not carry resolves onto nothing
   self-test |   ok    a name that names nobody resolves onto nothing
   self-test |   ok    R3 — an initial with two rival full forenames is never guessed at
   self-test |   ok    R2 — a different initial of the same surname is a different man
   self-test |   ok    …and the exact forename of one rival still resolves
   self-test |   ok    a rival the town wrote no card for still holds the merge apart
   self-test |   ok    M3 refuses when a rival carries a different middle initial
   self-test |   ok    a card the pass is blind to is not a card it may be refused for
   self-test |   ok    an identity already holding two cards still answers with a visible one
   self-test |   ok    the refusal sentence names the card, the reading and the rule

[1m== the final resident audit still re-derives from the residents layer[0m
resident audit: 2925 rows re-derive from the residents layer

[1m== …and its own assertions still fire when broken[0m [2m(self-test: the assertions below are meant to fire)[0m
   self-test | resident audit self-test: all assertions fire

[1m== the lighthouse still stands on the glyph Wright drew for it[0m
Wright 1834 'L. House' glyph, resource pixel 2941, 1604
  recomputed local ENU    +1055.59 E    +172.54 N
  recomputed UTM 16N     448128.29  4637568.34
  record carries         448128.29  4637568.34
  record drift from the reading   0.004 m
  trace's own derived point drift 0.004 m
  position graded 'inferred' on wright_1834, andreas_1884_v1

[1m== …and its own assertions still fire when broken[0m [2m(self-test: the assertions below are meant to fire)[0m
   self-test | Wright 1834 'L. House' glyph, resource pixel 2941, 1604
   self-test |   recomputed local ENU    +1055.59 E    +172.54 N
   self-test |   recomputed UTM 16N     448128.29  4637568.34
   self-test |   record carries         448128.29  4637568.34
   self-test |   record drift from the reading   0.004 m
   self-test |   trace's own derived point drift 0.004 m
   self-test |   position graded 'inferred' on wright_1834, andreas_1884_v1
   self-test | FAIL: chicago_lighthouse_1832.json stands 4.996 m from the glyph it cites. The coordinate and the reading are the same statement; move one and you must move the other, or say in the note that the record no longer comes from the sheet.
   self-test | FAIL: wright_1834_lighthouse_glyph.json's own `derived` block is 2.996 m from what its pixel recomputes to
   self-test | FAIL: the position is derived from the Wright sheet and does not cite 'wright_1834'
   self-test | FAIL: a glyph centre read off a lithograph through a 17.5 m RMS affine is not an attested coordinate — the sheet locates the tower, it does not survey it
   self-test | self-test: 5 assertion(s) fire

[1m== the 1835 hay-stacking limit still re-derives from committed street lines[0m
OK   data/reconstruction/1835_hay_limits.json re-derives exactly (198.9 acres, 360 structures inside)

[1m== …and its own refusals still fire when broken[0m [2m(self-test: the assertions below are meant to fire)[0m
   self-test |    self-test | ok: a plain square does not read as self-crossing
   self-test |    self-test | FAIL as designed: a bow tie reads as self-crossing
   self-test |    self-test | ok: the inside test agrees with four hand answers on a square
   self-test |    self-test | ok: the square measures 100 m2 and 40 m round
   self-test |    self-test | FAIL as designed: two parallel polylines are made to meet — two polylines with no line intersection at all
   self-test |    self-test | FAIL as designed: a leg carried a kilometre past its own end is accepted — REFUSING: 1200.0 m past a committed end.
   self-test |    self-test | FAIL as designed: a kilometre of open water is accepted as a river mouth — REFUSING: a 1000.0 m river mouth.
   self-test |    self-test | FAIL as designed: a missing street is derived around — REFUSING: data/streets/1835.json carries no street 'wolcott'.
   self-test |    self-test | ok: the derivation stands — 198.9 acres, 360 structures inside
   self-test | self-test ok

[1m== the agency relation still re-derives from the committed register[0m
OK   data/reconstruction/1835_agencies.json re-derives exactly (1 agency, 2 holding(s), 1 refused, 3 reaching a card)

[1m== …and its own refusals still fire when broken[0m [2m(self-test: the assertions below are meant to fire)[0m
   self-test |    self-test | ok: the register's own agencies pass the gate
   self-test |    self-test | FAIL as designed: the relation goes missing entirely
   self-test |    self-test | FAIL as designed: the caveat is rewritten into a trade
   self-test |    self-test | FAIL as designed: a holding is kept with no printing behind it
   self-test |    self-test | FAIL as designed: a man is seated on a roof
   self-test |    self-test | FAIL as designed: a refusal stops saying why
   self-test | self-test ok

[1m== the association coverage still re-derives from the committed records[0m
ok  associated_with: 162 row(s) on 140 record(s), 83 undated
  kind  business_premises    1
  kind  church               19
  kind  civic_seat           5
  kind  home                 34
  kind  land_purchased       51
  kind  lodging              1
  kind  school               2
  kind  workplace            49
  rung  face                 5
  rung  structure            106
  rung  tract                51
  tier  attested             59
  tier  inferred             92
  tier  reconstructed        11

[1m== …and its own refusals still fire when broken[0m [2m(self-test: the assertions below are meant to fire)[0m
   self-test | ok   a clean row passes
   self-test | ok   an undeclared kind
   self-test | ok   a structure rung on a name no structure carries
   self-test | ok   an empty place
   self-test | ok   a street rung on a roof
   self-test | ok   a division that is not one
   self-test | ok   an attested row with no source
   self-test | ok   a reconstructed row that cites one
   self-test | ok   an empty note
   self-test | ok   a date that is not one
   self-test | ok   both ends null and no admission
   self-test | ok   an undated row that carries a date
   self-test | ok   from after to
   self-test | ok   from after the scene date
   self-test | ok   an unknown key
   self-test | ok   a tract rung on ground the survey layer holds
   self-test | ok   a tract rung on ground it does not
   self-test | ok   a tract rung on a roof
   self-test | ok   a second source that resolves
   self-test | ok   a second source that does not
   self-test | ok   a second source that repeats the first
   self-test | ok   an empty list of second sources
   self-test | ok   a second source on a reconstructed row
   self-test | ok   the same relationship written twice
   self-test | ok   an empty list
   self-test | ok   the singular link drifting from the plural one
   self-test | ok   …and agreeing with it
   self-test | 0 failure(s)

[1m== the person associations still re-derive, and are still on their cards[0m
ok  person associations: 0 row(s) on 0 person(s), 331 refusal(s), 76 already held
  refused  agency_held        2
  refused  church             183
  refused  civic_seat         46
  refused  land_purchased     93
  refused  school             7

[1m== …and its own refusals still fire when broken[0m [2m(self-test: the assertions below are meant to fire)[0m
   self-test | ok   the united_states_post_office seat names the committed corridor 'south_water'
   self-test | ok   the united_states_post_office seat names the committed corridor 'franklin'
   self-test | ok   the united_states_post_office seat starts by the scene date
   self-test | ok   the united_states_land_office seat names the committed corridor 'lake'
   self-test | ok   the united_states_land_office seat names the committed corridor 'clark'
   self-test | ok   the united_states_land_office seat names the committed corridor 'dearborn'
   self-test | ok   the united_states_land_office seat starts by the scene date
   self-test | ok   every body an office in this layer names is either seated or refused by name
   self-test | ok   the refusals are not empty — they are the finding
   self-test | ok   every tract row names a surveyed tract
   self-test | ok   no row begins after the scene date
   self-test | ok   every row carries the reasoning that made it
   self-test | ok   every refusal carries the sentence that refused it
   self-test | 0 failure(s)

[1m== the household home and workplace rows still re-derive, and are still on their cards[0m
ok  household associations: 80 row(s) on 64 household(s), 20 with a second source, 5 already held by a reading, 1823 reconciliation row(s) not copied
  row      home         32
  row      workplace    48
  tier     attested     36
  tier     inferred     33
  tier     reconstructed 11
  refused    176  business_location: not a household's own home or workplace claim
  refused     84  home limited: the record makes no claim that reaches a place
  refused   1339  home no_claim: the record makes no claim that reaches a place
  refused     59  later_home_address: not a household's own home or workplace claim
  refused    165  later_workplace_address: not a household's own home or workplace claim

[1m== …and its own refusals still fire when broken[0m [2m(self-test: the assertions below are meant to fire)[0m
   self-test | ok   the table yields rows to copy
   self-test | ok   the refusals are not empty — the division and later-address rows are the finding
   self-test | ok   no row borrows the scene date as a start
   self-test | ok   a row cites a source exactly when its tier is one that cites
   self-test | ok   every row carries the mark that lets --check find it
   self-test | ok   no value, confidence or source changed in the copy
   self-test | ok   a derived row missing from its card is refused
   self-test | ok   a marked row that no longer derives is refused
   self-test | ok   a hand-edited tier on a copied row is refused
   self-test | ok   a two-source claim keeps both sources, in their own order
   self-test | ok   a reconstructed claim cites nothing and names its rule
   self-test | 0 failure(s)

[1m== every attribute's tier still re-derives from the card it sits on[0m
ok  attribute tiers: 22193 block(s) on 1457 card(s), 124 authored reconstruction(s) and 10776 drawn across 16 model row(s)
  tier  attested         715
  tier  inferred         3704
  tier  reconstructed    10900
  tier  unknown          6874
  per attribute (attested / inferred / reconstructed / unknown):
    arrival                                             51  1357    49      0
    arrival_year                                         0    19  1373      0
    directories.people[].address_later                 165     0     0      0
    directories.people[].back_projection                 0     0    23      0
    directories.people[].occupation_later              128     0     0      0
    directories.people[].residence_back_projection       0     0    12      0
    division_reconstructed                               0     0  1339      0
    kin[]                                              138    12     0      0
    lives_at                                             8    15    11   1423
    origin                                              11    41  1405      0
    party_size_on_arrival                                3     9     0   1445
    persons[].age_band                                   7    53  2858      7
    persons[].age_on_scene_date                          7     2     0      0
    persons[].biographical_evidence.age_on_1835_07_01     0     2     0      0
    persons[].biographical_evidence.birth_year           2     0     0      0
    persons[].birth_year                                 7    53     0      3
    persons[].landholding                                0     2     0      0
    persons[].name_basis                                 0     0  1482      0
    persons[].occupation                               118    20   203   2584
    persons[].profile_facts[]                            1    37     0      0
    persons[].sex_basis                                  0   668   663      6
    present_on_scene_date                               25  1382    50      0
    reason_for_coming                                   12    13  1432      0
    works_at                                            32    19     0   1406
  basis address_back_projection          23
  basis arrival_bound_from_the_record    1
  basis arrival_earliest_year_forced     48
  basis inferred_household_hypothesis    39
  basis origin_uncited_literature        1
  basis residence_back_projection        12

[1m== …and its own refusals still fire when broken[0m [2m(self-test: the assertions below are meant to fire)[0m
   self-test | ok   an argued reconstruction passes
   self-test | ok   a drawn reconstruction passes
   self-test | ok   a not-asserted value reads unknown
   self-test | ok   an attested attribute passes
   self-test | ok   a tier that is not one
   self-test | ok   a tier promoted above its confidence
   self-test | ok   a reconstructed tier over a not-asserted value
   self-test | ok   an unknown tier over a real invention
   self-test | ok   a reconstruction with no basis
   self-test | ok   a basis of no declared kind
   self-test | ok   a basis that names no rule
   self-test | ok   a basis that states no reasoning
   self-test | ok   a basis carrying an unknown key
   self-test | ok   a drawn value with no seed
   self-test | ok   an argued value carrying a seed
   self-test | ok   a reconstruction with no replacement rule
   self-test | ok   a replacement of no declared kind
   self-test | ok   a replacement that names no evidence
   self-test | ok   a replacement carrying an unknown key
   self-test | ok   an attested attribute carrying a seed
   self-test | ok   the reconstruction fields with no tier at all
   self-test | ok   the old shape, untouched
   self-test | ok   the lift keeps a writer's own basis
   self-test | ok   the lift keeps a writer's own seed
   self-test | ok   the lift keeps a writer's own replacement rule
   self-test | ok   derives a null value under reconstructed
   self-test | ok   derives the trade sentinel
   self-test | ok   derives an invented value
   self-test | ok   derives an inferred value
   self-test | ok   derives an attested value
   self-test | ok   derives something that is not a claim block
   self-test | ok   a dropped tier is re-derived by the lift
   self-test | 0 failure(s)

[1m== the resident layer's rebuild order still holds, and its set has not grown in silence[0m
the rebuild order holds: 15 steps, every one gated by check.sh, 18 declared back edge(s), 59 gated re-derivation(s) beside the layer and all of them classified

[1m== …and each of its four assertions still fires when broken[0m [2m(self-test: the assertions below are meant to fire)[0m
   self-test |    self-test | ok   a step the gate does not run
   self-test |    self-test | ok   a path the tool never names
   self-test |    self-test | ok   a back edge nobody declared
   self-test |    self-test | ok   a declared edge the steps do not have
   self-test |    self-test | ok   a gated re-derivation classified nowhere
   self-test |    self-test | ok   the committed order still passes
   self-test |    self-test | 0 failure(s)

[1m== the walkthrough's tier reader agrees with the published table[0m
ok  the card reader and the published table agree on all 22193 attribute tiers (attested 715, inferred 3704, reconstructed 10900, unknown 6874)

[1m== …and its own derivation still answers each case[0m [2m(self-test: the assertions below are meant to fire)[0m
   self-test | ok   a null value under reconstructed
   self-test | ok   the trade sentinel
   self-test | ok   an empty string
   self-test | ok   a value somebody supplied
   self-test | ok   an inferred value
   self-test | ok   an attested value
   self-test | ok   a tier already written on the card wins
   self-test | ok   a tier that is not one is ignored
   self-test | ok   something that is not a claim block
   self-test | ok   nothing at all
   self-test | ok   the walker names a block nested in a list
   self-test | 0 failure(s)

[32mCHECK PASS[0m — 794 steps, none red.
  324 of them are self-tests that prove a gate by breaking it; their
  assertions fire on purpose and every line of it is prefixed 'self-test |'.
